a'la-yı illiyyin	اعلای علّیین
a'la-yı illiyyinde	اعلای علّیینده
a'la-yı illiyyinden	اعلای علّییندن
a'la-yı illiyyine	اعلای علّیینه
a'lem-i ulema-yı asır	اعلم علمای عصر
a'lem-i ulema-yı zamana	اعلم علمای زمانه
a'lem-i ulemâ-yı asır	اعلم علمای عصر
a'lem-i ulemâ-yı zamana	اعلم علمای زمانه
a'lâ-yı illiyyîn	اعلای علّیین
a'lâ-yı illiyyînde	اعلای علّیینده
a'lâ-yı illiyyînden	اعلای علّییندن
a'lâ-yı illiyyîne	اعلای علّیینه
a'mal-i saliha	اعمال صالحه
a'mal-i salihadır	اعمال صالحهدر
a'mal-i salihanın	اعمال صالحهنڭ
a'mal-i salihaya	اعمال صالحهیه
a'mal-i uhreviyede	اعمال اخرویهده
a'mal-i uhreviyeye	اعمال اخرویهیه
a'mâl-i sâliha	اعمال صالحه
a'mâl-i sâlihadır	اعمال صالحهدر
a'mâl-i sâlihanın	اعمال صالحهنڭ
a'mâl-i sâlihaya	اعمال صالحهیه
a'mâl-i uhreviyede	اعمال اخرویهده
a'mâl-i uhreviyeye	اعمال اخرویهیه
a'za-yı esasiyede	اعضای اساسیهده
a'za-yı ibrahim	اعضای ابراهیمؑ
a'zâ-yı esâsiyede	اعضای اساسیهده
a'zâ-yı ibrâhîm	اعضای ابراهیمؑ
ab-ı hayat	آب حیات
ab-ı hayatı	آب حیاتی
ab-ı hayatını	آب حیاتنی
ab-ı hayatıyla	آب حیاتیله
ab-ı kevser	آب كوثر
ab-ı leziz	آب لذیذ
ab-ı zemzem	آب زمزم
abd-i acizin	عبد عاجزڭ
abd-i azizdir	عبد عزیزدر
abd-i azîzdir	عبد عزیزدر
abd-i gubar	عبد غبار
abd-i gubâr	عبد غبار
abd-i mü'minin	عبد مؤمنڭ
abd-i âcizin	عبد عاجزڭ
abdullah çavuş	عبد اللّه چاوش
abdullah çavuş'un	عبد اللّه چاوشڭ
abdullâh çavuş	عبد اللّه چاوش
abdullâh çavuş'un	عبد اللّه چاوشڭ
abdurrahman salahaddin	عبد الرّحمن صلاح الدّین
abdurrahman salahaddin'in	عبد الرحمن صلاح الدّینڭ
abdurrahman çelebi salahaddin	عبد الرّحمن چلبی صلاح الدّین
abdurrahmân salâhaddîn	عبد الرّحمن صلاح الدّین
abdurrahmân salâhaddîn'in	عبد الرحمن صلاح الدّینڭ
abdurrahmân çelebi salâhaddîn	عبد الرّحمن چلبی صلاح الدّین
abdülkahir-i cürcani	عبد القاهر جرجانی
abdülkāhir-i cürcânî	عبد القاهر جرجانی
acaib-i san'at	عجائب صنعت
acaib-i san'at-ı ilahiyeyi	عجائب صنعت الهیهیی
acaib-i san'atını	عجائب صنعتنی
acibdir ki	عجیبدركه
aciz-i mutlak	عاجز مطلق
aciz-i mutlakta	عاجز مطلقده
acizleri de	عاجزلری ده
acz-i beşeri	عجز بشری
acz-i beşerin	عجز بشرڭ
acz-i beşerî	عجز بشری
acz-i mutlak	عجز مطلق
acâib-i san'at	عجائب صنعت
acâib-i san'at-ı ilâhiyeyi	عجائب صنعت الهیهیی
acâib-i san'atını	عجائب صنعتنی
acîbdir ki	عجیبدركه
adab-ı kur'aniye	آداب قرآنیه
adalet-i hakikiye	عدالت حقیقیه
adalet-i ilahiye	عدالت الهیه
adalet-i ilahiyenin	عدالت الهیهنڭ
adalet-i ilahiyeye	عدالت الهیهیه
adalet-i izafiye	عدالت اضافیه
adalet-i kaderiye	عدالت قدریه
adalet-i kur'aniye	عدالت قرآنیه
adalet-i mahza	عدالت محضه
adalet-i mahzaya	عدالت محضهیه
adalet-i mahzayı	عدالت محضهیی
adalet-i mutlaka	عدالت مطلقه
adalet-i mutlakanın	عدالت مطلقهنڭ
adalet-i mutlakası	عدالت مطلقهسی
adalet-i sermediye	عدالت سرمدیّه
adalet-i tamme	عدالت تامّه
adam da	آدم ده
adam ki	آدمكه
adamlar da	آدملر ده
adamı da	آدمی ده
aded-i mübarekine	عدد مباركنه
aded-i mübârekine	عدد مباركنه
adedince de	عددنجه ده
adem-abad	عدم آباد
adem-alud	عدم آلود
adem-i inzar	عدم انذار
adem-i inzâr	عدم انذار
adem-i israf	عدم اسراف
adem-i isrâf	عدم اسراف
adem-i kabul	عدم قبول
adem-i kabuldür	عدم قبولدر
adem-i kabulüne	عدم قبولنه
adem-i kabûl	عدم قبول
adem-i kabûldür	عدم قبولدر
adem-i kabûlüne	عدم قبولنه
adem-i kifayetini	عدم كفایتنی
adem-i kifâyetini	عدم كفایتنی
adem-i ma'lumat	عدم معلومات
adem-i ma'lûmât	عدم معلومات
adem-i mutlak	عدم مطلق
adem-i müracaatımın	عدم مراجعتمڭ
adem-i mürâcaatımın	عدم مراجعتمڭ
adem-i sırfa	عدم صرفه
adem-i sırftan	عدم صرفدن
adem-i tehayyüz	عدم تحیّز
adem-âbâd	عدم آباد
adem-âlûd	عدم آلود
adet-i islamiye	عادت اسلامیه
adet-i islamiyeye	عادت اسلامیّهیه
adil-i mutlak	عادل مطلق
adil-i mutlak'ın	عادل مطلقڭ
adliye vekili	عدلیه وكیلی
adliye vekîli	عدلیه وكیلی
adnan menderes	عدنان مندرس
adnan menderes'e	عدنان مندرسه
adnân menderes	عدنان مندرس
adnân menderes'e	عدنان مندرسه
adâlet-i hakîkiye	عدالت حقیقیه
adâlet-i ilâhiye	عدالت الهیه
adâlet-i ilâhiyenin	عدالت الهیهنڭ
adâlet-i ilâhiyeye	عدالت الهیهیه
adâlet-i izâfiye	عدالت اضافیه
adâlet-i kaderiye	عدالت قدریه
adâlet-i kur'âniye	عدالت قرآنیه
adâlet-i mahza	عدالت محضه
adâlet-i mahzaya	عدالت محضهیه
adâlet-i mahzayı	عدالت محضهیی
adâlet-i mutlaka	عدالت مطلقه
adâlet-i mutlakanın	عدالت مطلقهنڭ
adâlet-i mutlakası	عدالت مطلقهسی
adâlet-i sermediye	عدالت سرمدیّه
adâlet-i tâmme	عدالت تامّه
afat-ı semaviye	آفات سماویه
afyon emniyet müdürü'ne	آفیون امنیت مدیرینه
afyon mahkemesi	آفیون محكمهسی
ah ki	آهكه
ah u enin	آه و انین
ahcar-ı semaviye	احجار سماویه
ahcâr-ı semâviye	احجار سماویه
ahir-i feth'in	آخر فتحڭ
ahiretini de	آخرتنی ده
ahirette de	آخرتده ده
ahirinde de	آخرنده ده
ahkam-ı diniyenin	احكام دینیهنڭ
ahkam-ı diniyeye	احكام دینیهیه
ahkam-ı ictimaiye	احكام اجتماعیه
ahkam-ı ilahiyenin	احكام الهیّهنڭ
ahkam-ı ilahiyeyi	احكام الهیهیی
ahkam-ı islamiyeye	احكام اسلامیهیه
ahkam-ı kur'aniye	احكام قرآنیه
ahkam-ı kur'aniyenin	احكام قرآنیهنڭ
ahkam-ı kur'aniyeye	احكام قرآنیهیه
ahkam-ı kur'aniyeyi	احكام قرآنیهیی
ahkam-ı şer'iye	احكام شرعیه
ahkam-ı şer'iyeye	احكام شرعیهیه
ahkam-ı şeriat	احكام شریعت
ahkam-ı şeriatın	احكام شریعتڭ
ahkâm-ı dîniyenin	احكام دینیهنڭ
ahkâm-ı dîniyeye	احكام دینیهیه
ahkâm-ı ictimâiye	احكام اجتماعیه
ahkâm-ı ilâhiyenin	احكام الهیّهنڭ
ahkâm-ı ilâhiyeyi	احكام الهیهیی
ahkâm-ı islâmiyeye	احكام اسلامیهیه
ahkâm-ı kur'âniye	احكام قرآنیه
ahkâm-ı kur'âniyenin	احكام قرآنیهنڭ
ahkâm-ı kur'âniyeye	احكام قرآنیهیه
ahkâm-ı kur'âniyeyi	احكام قرآنیهیی
ahkâm-ı şer'iye	احكام شرعیه
ahkâm-ı şer'iyeye	احكام شرعیهیه
ahkâm-ı şerîat	احكام شریعت
ahkâm-ı şerîatın	احكام شریعتڭ
ahlak-ı aliye	اخلاق عالیه
ahlak-ı aliyenin	اخلاق عالیهنڭ
ahlak-ı aliyeyi	اخلاق عالیهیی
ahlak-ı hamidesi	اخلاق حمیدهسی
ahlak-ı hasene	اخلاق حسنه
ahlak-ı hasenenin	اخلاق حسنهنڭ
ahlak-ı ictimaiye	اخلاق اجتماعیه
ahlak-ı ictimaiyede	اخلاق اجتماعیهده
ahlak-ı islamiyenin	اخلاق اسلامیهنڭ
ahlak-ı muhammediye'nin	اخلاق محمّدیهنڭؐ
ahlak-ı seyyie	اخلاق سیّئه
ahlak-ı seyyieden	اخلاق سیّئهدن
ahlak-ı seyyienin	اخلاق سیّئهنڭ
ahlâk-ı hamîdesi	اخلاق حمیدهسی
ahlâk-ı hasene	اخلاق حسنه
ahlâk-ı hasenenin	اخلاق حسنهنڭ
ahlâk-ı ictimâiye	اخلاق اجتماعیه
ahlâk-ı ictimâiyede	اخلاق اجتماعیهده
ahlâk-ı islâmiyenin	اخلاق اسلامیهنڭ
ahlâk-ı muhammediye'nin	اخلاق محمّدیهنڭؐ
ahlâk-ı seyyie	اخلاق سیّئه
ahlâk-ı seyyieden	اخلاق سیّئهدن
ahlâk-ı seyyienin	اخلاق سیّئهنڭ
ahlâk-ı âliye	اخلاق عالیه
ahlâk-ı âliyenin	اخلاق عالیهنڭ
ahlâk-ı âliyeyi	اخلاق عالیهیی
ahmaklaştırmış ki	احمقلاشدیرمشكه
ahmaku'l-humakadan	احمق الحمقادن
ahmaku'l-humakādan	احمق الحمقادن
ahmed aleyhissalatü vesselam	احمد علیه الصّلاة والسّلام
ahmed aleyhissalâtü vesselâm	احمد علیه الصّلاة والسّلام
ahmed efendi	احمد افندی
ahmed feyzi	احمد فیضی
ahmed feyzi'nin	احمد فیضینڭ
ahmed feyzi'ye	احمد فیضی یه
ahmed feyzî	احمد فیضی
ahmed feyzî'nin	احمد فیضینڭ
ahmed feyzî'ye	احمد فیضی یه
ahmed fuad	احمد فؤاد
ahmed fuad'ı	احمد فؤادی
ahmed fuad'ın	احمد فؤادڭ
ahmed fuâd	احمد فؤاد
ahmed fuâd'ı	احمد فؤادی
ahmed fuâd'ın	احمد فؤادڭ
ahmed hamdi	احمد حمدی
ahmed hamdî	احمد حمدی
ahmed husrev	احمد خسرو
ahmed husrev'in	احمد خسروڭ
ahmed ibn-i hanbel	احمد ابن حنبل
ahmed kureyşi	احمد قریشی
ahmed kureyşî	احمد قریشی
ahmed nazif	احمد نظیف
ahmed nazif çelebi	احمد نظیف چلبی
ahmed nazif'in	احمد نظیفڭ
ahmed nazîf	احمد نظیف
ahmed nazîf çelebi	احمد نظیف چلبی
ahmed nazîf'in	احمد نظیفڭ
ahmed zeki	احمد ذكی
ahmed zekî	احمد ذكی
ahmet feyzi	احمد فیضی
ahmet feyzî	احمد فیضی
ahsen-i suret	احسن صورت
ahsen-i sûret	احسن صورت
ahsen-i takvim	احسن تقویم
ahsen-i takvimde	احسن تقویمده
ahsen-i takvîm	احسن تقویم
ahsen-i takvîmde	احسن تقویمده
ahval-i ahirini	احوال آخرینی
ahvâl-i âhirîni	احوال آخرینی
ahz-ı ücret	اخذ اجرت
akaid-i imaniyeye	عقائد ایمانیهیه
akide-i haşriye	عقیدهٔ حشریه
akide-i islamiye	عقیدهٔ اسلامیّه
akl-ı beşer	عقل بشر
akl-ı beşere	عقل بشره
akl-ı selim	عقل سلیم
akl-ı selimde	عقل سلیمده
akl-ı selîm	عقل سلیم
akl-ı selîmde	عقل سلیمده
aklı da	عقلی ده
akrebiyet-i ilahiyenin	اقربیت الهیّهنڭ
akrebiyet-i ilâhiyenin	اقربیت الهیّهنڭ
aks-i maksuduyla	عكس مقصودیله
aks-i maksûduyla	عكس مقصودیله
aks-i sada	عكس صدا
aks-i sadâ	عكس صدا
aksam-ı muhatabı	اقسام مخاطبی
aksi halde	عكس حالده
aksi hâlde	عكس حالده
aksi takdirde	عكس تقدیرده
aksi takdîrde	عكس تقدیرده
aksâm-ı muhâtabı	اقسام مخاطبی
aktab-ı erbaa	اقطاب اربعه
aktar-ı alemde	اقطار عالمده
aktar-ı alemden	اقطار عالمدن
aktar-ı aleme	اقطار عالمه
aktar-ı zeminde	اقطار زمینده
aktâb-ı erbaa	اقطاب اربعه
aktâr-ı zemînde	اقطار زمینده
aktâr-ı âlemde	اقطار عالمده
aktâr-ı âlemden	اقطار عالمدن
aktâr-ı âleme	اقطار عالمه
akîde-i haşriye	عقیدهٔ حشریه
akîde-i islâmiye	عقیدهٔ اسلامیّه
akāid-i îmâniyeye	عقائد ایمانیهیه
al-i aba	آل عبا
al-i beyt	آل بیت
al-i beyt'den	آل بیتدن
al-i beyt'e	آل بیته
al-i beyt'i	آل بیتی
al-i beyt'in	آل بیتڭ
al-i beyt'ine	آل بیتنه
al-i beyt'ten	آل بیتدن
al-i beyt-i nebevi'den	آل بیت نبویدن
al-i beyt-i nebevi'nin	آل بیت نبوینڭ
al-i muhammed	آل محمّد
ala kaderi'l-istitaa	علی قدر الاستطاعه
ala kadri'l-imkan	علی قدر الامكان
ala kadri't-taka	علی قدر الطّاقه
ala küll-i hal	علی كلّ حال
alaka-i kalbe	علاقهٔ قلبه
alakadardır ki	علاقهداردركه
alakalarım da	علاقهلرم ده
alamet-i farika	علامت فارقه
alamet-i farikalı	علامت فارقهلی
alamet-i farikası	علامت فارقهسی
alamet-i kıyamet	علامت قیامت
alamet-i makbuliyet	علامت مقبولیت
alat-ı lehvi	آلات لهوی
aldık ki	آلدقكه
aldılar ki	آلدیلركه
aldım ki	آلدمكه
ale'l-ekser	علی الاكثر
alem-i ahiret	عالم آخرت
alem-i ahirete	عالم آخرته
alem-i ahiretin	عالم آخرتڭ
alem-i ahirette	عالم آخرتده
alem-i arz	عالم ارض
alem-i asgar	عالم اصغر
alem-i bakide	عالم باقیده
alem-i bakiye	عالم باقی یه
alem-i beka	عالم بقا
alem-i bekada	عالم بقاده
alem-i bekadaki	عالم بقادهكی
alem-i bekadan	عالم بقادن
alem-i bekanın	عالم بقانڭ
alem-i bekaya	عالم بقایه
alem-i bekayı	عالم بقایی
alem-i berzah	عالم برزخ
alem-i berzaha	عالم برزخه
alem-i berzahta	عالم برزخده
alem-i berzahtaki	عالم برزخدهكی
alem-i beşeriyete	عالم بشریته
alem-i beşeriyeti	عالم بشریتی
alem-i dünyanın	عالم دنیانڭ
alem-i ebedinin	عالم ابدینڭ
alem-i ebediyette	عالم ابدیتده
alem-i ekber	عالم اكبر
alem-i ekberi	عالم اكبری
alem-i emirden	عالم امردن
alem-i ervah	عالم ارواح
alem-i ervaha	عالم ارواحه
alem-i ervahta	عالم ارواحده
alem-i ervahtan	عالم ارواحدن
alem-i ervahın	عالم ارواحڭ
alem-i fani	عالم فانی
alem-i faniden	عالم فانیدن
alem-i fenadan	عالم فنادن
alem-i gayb	عالم غیب
alem-i gayba	عالم غیبه
alem-i gaybda	عالم غیبده
alem-i gaybdan	عالم غیبدن
alem-i gaybe	عالم غیبه
alem-i gaybin	عالم غیبڭ
alem-i gaybın	عالم غیبڭ
alem-i hakikatin	عالم حقیقتڭ
alem-i hariciden	عالم خارجیدن
alem-i insani	عالم انسانی
alem-i insaniyet	عالم انسانیت
alem-i insaniyetin	عالم انسانیتڭ
alem-i insaniyette	عالم انسانیتده
alem-i islam	عالم اسلام
alem-i islam'a	عالم اسلامه
alem-i islam'da	عالم اسلامده
alem-i islam'daki	عالم اسلامدهكی
alem-i islam'ı	عالم اسلامی
alem-i islam'ın	عالم اسلامڭ
alem-i islamca	عالم اسلامجه
alem-i islamiyet	عالم اسلامیت
alem-i islamiyet'te	عالم اسلامیتده
alem-i islamiyetin	عالم اسلامیتڭ
alem-i kebir	عالم كبیر
alem-i kebirin	عالم كبیرڭ
alem-i kesif	عالم كثیف
alem-i küfrün	عالم كفرڭ
alem-i latif	عالم لطیف
alem-i ma'nada	عالم معناده
alem-i ma'nadan	عالم معنادن
alem-i ma'naya	عالم معنایه
alem-i ma'nevisinin	عالم معنویسنڭ
alem-i mahşer	عالم محشر
alem-i melaikede	عالم ملائكهده
alem-i melekut	عالم ملكوت
alem-i melekutte	عالم ملكوتده
alem-i menamda	عالم منامده
alem-i misal	عالم مثال
alem-i misalde	عالم مثالده
alem-i misalden	عالم مثالدن
alem-i misale	عالم مثاله
alem-i misalin	عالم مثالڭ
alem-i mülk	عالم ملك
alem-i nur	عالم نور
alem-i nura	عالم نوره
alem-i nurun	عالم نورڭ
alem-i rahmete	عالم رحمته
alem-i süfli	عالم سفلی
alem-i uhrevinin	عالم اخروینڭ
alem-i ulvi	عالم علوی
alem-i vücud	عالم وجود
alem-i zerratta	عالم ذرّاتده
alem-i ziyadar	عالم ضیادار
alem-i şehadet	عالم شهادت
alem-i şehadete	عالم شهادته
alem-i şehadeti	عالم شهادتی
alem-i şehadetin	عالم شهادتڭ
alem-i şehadette	عالم شهادتده
alem-i şehadetteki	عالم شهادتدهكی
alem-i şehadetten	عالم شهادتدن
alemi de	عالمی ده
aleminde de	عالمنده ده
alemü'l-guyub	عالم الغیوب
alerre'si ve'l-ayn	علی الرّأس والعین
alet-tevali	علی التوالی
alet-tevâlî	علی التوالی
aleyhis-salatü	علیه الصّلاة
aleyhis-salâtü	علیه الصّلاة
aleyhissalatü vesselam	علیه الصّلاة والسّلام
aleyhissalâtü vesselâm	علیه الصّلاة والسّلام
ali efendi	علی افندی
ali osman	علی عثمان
ali osman'ın	علی عثمانڭ
ali rıza	علی رضا
ali rıza efendi	علی رضا أفندی
alim de	عالم ده
alim-i hakim	علیم حكیم
alim-i küll-i şey'in	علیم كلّ شیئڭ
alim-i mutlak	علیم مطلق
alim-i mutlak'ın	علیم مطلقڭ
allah da	الله ده
allah ki	اللّه كه
allah u teala	اللّه تعالی
allah u teala'nın	اللّه تعالی نڭ
allah ü zülcelal	اللّه ذوالجلال
allah'ı da	اللّهی ده
allah-ü zülcelal	اللّه ذوالجلال
allahü a'lem	اللّه اعلم
allahü ekber	اللّه اكبر
allahü ekber'in	اللّه اكبرڭ
allame-i asır	علّامهٔ عصر
allame-i mağrib	علّامهٔ مغرب
allame-i saidü'n-nursi	علّامهٔ سعید النّورسی
allame-i vakit	علّامهٔ وقت
allame-i zaman	علّامهٔ زمان
allamü'l-guyub	علّام الغیوب
allamü'l-guyub'a	علّام الغیوبه
allamü'l-guyub'un	علّام الغیوبڭ
allâh u teâlâ	اللّه تعالی
allâh u teâlâ'nın	اللّه تعالی نڭ
allâh ü zülcelâl	اللّه ذوالجلال
allâh-ü zülcelâl	اللّه ذوالجلال
allâhü a'lem	اللّه اعلم
allâhü ekber	اللّه اكبر
allâhü ekber'in	اللّه اكبرڭ
allâme-i asır	علّامهٔ عصر
allâme-i mağrib	علّامهٔ مغرب
allâme-i saîdü'n-nûrsî	علّامهٔ سعید النّورسی
allâme-i vakit	علّامهٔ وقت
allâme-i zaman	علّامهٔ زمان
allâmü'l-guyûb	علّام الغیوب
allâmü'l-guyûb'a	علّام الغیوبه
allâmü'l-guyûb'un	علّام الغیوبڭ
almış ki	آلمشكه
altmış altı	آلتمش آلتی
altmış beş	آلتمش بش
altmış bir	آلتمش بر
altmış dokuz	آلتمش طقوز
altmış yedi	آلتمش یدی
altmış üç	آلتمش اوچ
altmış-yetmiş	آلتمش یتمش
altı yüz	آلتی یوز
altı-yedi	آلتی یدی
altına da	آلتنه ده
alâ kaderi'l-istitâa	علی قدر الاستطاعه
alâ kadri'l-imkân	علی قدر الامكان
alâ kadri't-tâka	علی قدر الطّاقه
alâ küll-i hâl	علی كلّ حال
alâka-i kalbe	علاقهٔ قلبه
alâkadârdır ki	علاقهداردركه
alâkalarım da	علاقهلرم ده
alâmet-i fârika	علامت فارقه
alâmet-i fârikalı	علامت فارقهلی
alâmet-i fârikası	علامت فارقهسی
alâmet-i kıyâmet	علامت قیامت
alâmet-i makbûliyet	علامت مقبولیت
alî efendi	علی افندی
alî osmân	علی عثمان
alî osmân'ın	علی عثمانڭ
alî rızâ	علی رضا
alî rızâ efendi	علی رضا أفندی
alîm-i hakîm	علیم حكیم
alîm-i küll-i şey'in	علیم كلّ شیئڭ
alîm-i mutlak	علیم مطلق
alîm-i mutlak'ın	علیم مطلقڭ
alınmış ki	آلینمشكه
alır ki	آلیركه
alırlar ki	آلیرلركه
amal-i sermediyetin	آمال سرمدیّتڭ
amel-i salih	عمل صالح
amel-i salihin	عمل صالحڭ
amel-i salihte	عمل صالحده
amel-i salihtir	عمل صالحدر
amel-i sâlih	عمل صالح
amel-i sâlihin	عمل صالحڭ
amel-i sâlihte	عمل صالحده
amel-i sâlihtir	عمل صالحدر
amel-i uhrevi	عمل اخروی
amel-i uhrevide	عمل اخرویده
amel-i uhrevî	عمل اخروی
amel-i uhrevîde	عمل اخرویده
ameliyat-ı cerrahiye	عملیات جرّاحیه
ameliyât-ı cerrâhiye	عملیات جرّاحیه
amentü billah	آمنت باللّه
amerika kıt'asının	آمریقه قطعهسنڭ
amir-i mutlak	آمر مطلق
amiriyet-i mutlaka	آمریت مطلقه
an karib	عن قریب
an karîb	عن قریب
an'anat-ı milliye	عنعنات ملّیه
an'ane-i islamiye	عنعنهٔ اسلامیه
an'ane-i islâmiye	عنعنهٔ اسلامیه
an'anât-ı milliye	عنعنات ملّیه
an-ı seyyale	آن سیّاله
an-ı vahidde	آن واحدده
anahtarı da	آناختاری ده
anasır-ı asliye	عناصر اصلیه
anasır-ı esasiyesi	عناصر اساسیهسی
anasır-ı külliye	عناصر كلّیه
anasır-ı külliyenin	عناصر كلّیهنڭ
ankara ağır ceza mahkemesi	آنقره آغیر جزا محكمهسی
ankara ağır cezâ mahkemesi	آنقره آغیر جزا محكمهسی
anla ki	آڭلاكه
anladı ki	آڭلادیكه
anladık ki	آڭلادقكه
anladılar ki	آڭلادیلركه
anladım ki	آڭلادمكه
anladın ki	آڭلادڭكه
anladınız ki	آڭلادیڭزكه
anlamasa da	آڭلاماسه ده
anlamış ki	آڭلامشكه
anlamışsın ki	آڭلامشسڭكه
anlamışız ki	آڭلامشزكه
anlar ki	آڭلاركه
anlarsın ki	آڭلارسڭكه
anlasınlar ki	آڭلاسینلركه
anlayacak ki	آڭلایاجقكه
anlayacaksın ki	آڭلایاجقسڭكه
anlayınız ki	آڭلاییڭزكه
anlaşıldı ki	آڭلاشیلدیكه
anlaşılmaz mı	آڭلاشیلمازمی
anlaşılsın ki	آڭلاشیلسینكه
anlaşılır ki	آڭلاشیلیركه
anlaşılıyor ki	آڭلاشیلییوركه
anlıyorum ki	آڭلایورمكه
anlıyoruz ki	آڭلایورزكه
anâsır-ı asliye	عناصر اصلیه
anâsır-ı esâsiyesi	عناصر اساسیهسی
anâsır-ı külliye	عناصر كلّیه
anâsır-ı külliyenin	عناصر كلّیهنڭ
ara sıra	آرا صیره
arabiyyü'l-ibare	عربیّ العباره
arabiyyü'l-ibâre	عربیّ العباره
aradılar ki	آرادیلركه
ararat dağı	آرارات طاغی
arasında da	آراسنده ده
arif-i billah	عارف باللّه
arkadaşlarıma da	آرقداشلریمه ده
arz da	ارض ده
arz-ı didar	عرض دیدار
arz-ı dîdâr	عرض دیدار
arz-ı endam	عرض اندام
arz-ı endâm	عرض اندام
arz-ı hürmet	عرض حرمت
arz-ı hürmetle	عرض حرمتله
arz-ı hürmetler	عرض حرمتلر
arz-ı ihtiyaç	عرض احتیاج
arz-ı ihtiyâç	عرض احتیاج
arz-ı ta'zimat	عرض تعظیمات
arz-ı ta'zîmât	عرض تعظیمات
arzediyoruz ki	عرض ایدییورزكه
arzu-yu beka	آرزوی بقا
arzu-yu bekā	آرزوی بقا
arzu-yu kalbimizi	آرزوی قلبمزی
arıyorlar ki	آرایورلركه
arş-ı a'zam	عرش اعظم
arş-ı a'zam'a	عرش اعظمه
arş-ı a'zam'da	عرش اعظمده
arş-ı a'zam'dan	عرش اعظمدن
arş-ı a'zam'la	عرش اعظمله
arş-ı a'zam'ı	عرش اعظمی
arş-ı a'zam'ın	عرش اعظمڭ
arş-ı kemalata	عرش كمالاته
arş-ı kemâlâta	عرش كمالاته
arşü'r-rahman'a	عرش الرّحمانه
arşü'r-rahmân'a	عرش الرّحمانه
arşıdır ki	عرشیدركه
asa-yı musa	عصای موسی
asa-yı musa aleyhisselamın	عصای موسی علیه السّلامڭ
asa-yı musa da	عصای موسی ده
asa-yı musa'da	عصای موسی ده
asa-yı musa'daki	عصای موسی دهكی
asa-yı musa'dan	عصای موسی دن
asa-yı musa'nın	عصای موسی نڭ
asa-yı musa'sı	عصای موسی سی
asa-yı musa'sını	عصای موسی سنی
asa-yı musa'ya	عصای موسی یه
asa-yı musa'yı	عصای موسی یی
asa-yı musa'yı da	عصای موسی یی ده
asar-ı hayat	آثار حیات
asar-ı ilahiyeyi	آثار الهیّهیی
asar-ı mahsusasını	آثار مخصوصهسنی
asar-ı medeniyetle	آثار مدنیتله
asar-ı nuru	آثار نوری
asar-ı nurun	آثار نورڭ
asar-ı rahmet	آثار رحمت
asar-ı rahmeti	آثار رحمتی
asar-ı san'atını	آثار صنعتنی
asfiya-yı müdakkikin	اصفیا ی مدقّقین
asfiyâ-yı müdakkikîn	اصفیا ی مدقّقین
ashab-ı bedir	اصحاب بدر
ashab-ı hakikat	اصحاب حقیقت
ashab-ı kehf	اصحاب كهف
ashâb-ı bedir	اصحاب بدر
ashâb-ı hakîkat	اصحاب حقیقت
ashâb-ı kehf	اصحاب كهف
asiye hanım'ın	آسیه خانمڭ
asr-ı ahirde	عصر آخرده
asr-ı cahiliyette	عصر جاهلیتده
asr-ı câhiliyette	عصر جاهلیتده
asr-ı hazır	عصر حاضر
asr-ı hâzır	عصر حاضر
asr-ı saadet	عصر سعادت
asr-ı saadet'in	عصر سعادتڭ
asr-ı saadete	عصر سعادته
asr-ı saadette	عصر سعادتده
asr-ı saadetten	عصر سعادتدن
asr-ı saâdet'in	عصر سعادتڭ
asr-ı saâdete	عصر سعادته
asr-ı saâdette	عصر سعادتده
asr-ı âhirde	عصر آخرده
asra da	عصره ده
asrımıza da	عصریمزه ده
asâ-yı mûsâ	عصای موسی
asâ-yı mûsâ aleyhisselâmın	عصای موسی علیه السّلامڭ
asâ-yı mûsâ da	عصای موسی ده
asâ-yı mûsâ'da	عصای موسی ده
asâ-yı mûsâ'daki	عصای موسی دهكی
asâ-yı mûsâ'dan	عصای موسی دن
asâ-yı mûsâ'nın	عصای موسی نڭ
asâ-yı mûsâ'sı	عصای موسی سی
asâ-yı mûsâ'sını	عصای موسی سنی
asâ-yı mûsâ'ya	عصای موسی یه
asâ-yı mûsâ'yı	عصای موسی یی
asâ-yı mûsâ'yı da	عصای موسی یی ده
asım bey'in	عاصم بكڭ
asırdan beri	عصردنبری
asırlardan beri	عصرلردنبری
at da	آت ده
atabeyli abdullah	آتابكلی عبد اللّه
atabeyli abdullâh	آتابكلی عبد اللّه
avalim-i ulviyede	عوالم علویهده
avam-ı ehl-i iman	عوام اهل ایمان
avam-ı mü'minin	عوام مؤمنین
avam-ı mü'mininin	عوام مؤمنینڭ
avam-ı nas	عوام ناس
avam-ı nasa	عوام ناسه
avam-ı nasın	عوام ناسڭ
avamlara da	عواملره ده
avamın da	عوامڭ ده
avn-ı hakk	عون حق
avn-ı ilahi	عون الهی
avn-ı ilâhî	عون الهی
avn-ı şeriat	عون شریعت
avn-ı şerîat	عون شریعت
avâlim-i ulviyede	عوالم علویهده
avâm-ı ehl-i îmân	عوام اهل ایمان
avâm-ı mü'minîn	عوام مؤمنین
avâm-ı mü'minînin	عوام مؤمنینڭ
avâm-ı nâs	عوام ناس
avâm-ı nâsa	عوام ناسه
avâm-ı nâsın	عوام ناسڭ
avâmlara da	عواملره ده
avâmın da	عوامڭ ده
ayan-beyan	عیان بیان
ayan-beyân	عیان بیان
ayat-ı azimenin	آیات عظیمهنڭ
ayat-ı beyyinatın	آیات بیّناتڭ
ayat-ı beyyinatıyla	آیات بیّناتیله
ayat-ı furkaniyenin	آیات فرقانیهنڭ
ayat-ı haşriyedir	آیات حشریهدر
ayat-ı katıalarına	آیات قاطعهلرینه
ayat-ı katıasına	آیات قاطعهسنه
ayat-ı kur'aniye	آیات قرآنیه
ayat-ı kur'aniyede	آیات قرآنیهده
ayat-ı kur'aniyeden	آیات قرآنیهدن
ayat-ı kur'aniyenin	آیات قرآنیهنڭ
ayat-ı kur'aniyeye	آیات قرآنیهیه
ayat-ı kur'aniyeyi	آیات قرآنیهیی
ayat-ı kübranın	آیات كبرانڭ
ayat-ı tekviniyenin	آیات تكوینیهنڭ
ayat-ı tekviniyesinin	آیات تكوینیهسنڭ
ayat-ı tekviniyesiyle	آیات تكوینیهسیله
ayat-ı tekviniyeyi	آیات تكوینیهیی
ayat-ı vücubunu	آیات وجوبنی
ayat-ı zulümat	آیات ظلمات
aydan beri	آیدنبری
ayet de	آیت ده
ayet-i	آیت
ayet-i azime	آیت عظیمه
ayet-i azimenin	آیت عظیمهنڭ
ayet-i celile	آیت جلیله
ayet-i celilenin	آیت جلیلهنڭ
ayet-i celilesindeki	آیت جلیلهسندهكی
ayet-i celilesini	آیت جلیلهسنی
ayet-i celilesinin	آیت جلیلهسنڭ
ayet-i hasbiye	آیت حسبیه
ayet-i hasbiye'nin	آیت حسبیهنڭ
ayet-i hasbiye'ye	آیت حسبیهیه
ayet-i kerime	آیت كریمه
ayet-i kerimede	آیت كریمهده
ayet-i kerimenin	آیت كریمهنڭ
ayet-i kerimesi	آیت كریمهسی
ayet-i kerimesini	آیت كریمهسنی
ayet-i kerimesinin	آیت كریمهسنڭ
ayet-i kerimesiyle	آیت كریمهسیله
ayet-i kerimeye	آیت كریمهیه
ayet-i kudsiyenin	آیت قدسیّهنڭ
ayet-i kur'an	آیت قرآن
ayet-i kur'aniye	آیت قرآنیه
ayet-i kur'aniyenin	آیت قرآنیهنڭ
ayet-i kübrası	آیت كبراسی
ayet-i meşhure	آیت مشهوره
ayet-i nur'un	آیت نورڭ
ayet-i pür-envarının	آیت پر انوارینڭ
ayet-i tekviniyesi	آیت تكوینیهسی
ayet-i tevhidiye-i katıası	آیت توحیدیهٔ قاطعهسی
ayeti de	آیتی ده
ayetü'l-kübra	آیت الكبرا
ayetü'l-kübra'dan	آیت الكبرادن
ayetü'l-kübra'nın	آیت الكبرانڭ
ayetü'l-kübra'ya	آیت الكبرایه
ayetü'l-kübra'yı	آیت الكبرایی
ayetü'l-kürsi	آیت الكرسی
ayetü'l-kürsi'nin	آیت الكرسینڭ
ayetü'n-nur	آیت النور
ayine-i hayatında	آیینهٔ حیاتنده
ayine-i ibret	آیینهٔ عبرت
ayine-i insani	آیینهٔ انسانی
ayine-i rahmet-i alem	آیینهٔ رحمت عالم
ayine-i samed	آیینهٔ صمد
ayine-i samedani	آیینهٔ صمدانی
ayine-i samedaniye	آیینهٔ صمدانیه
ayine-i zişuuru	آیینهٔ ذی شعوری
ayn-ı adalet	عین عدالت
ayn-ı adalettir	عین عدالتدر
ayn-ı adâlet	عین عدالت
ayn-ı adâlettir	عین عدالتدر
ayn-ı belagat	عین بلاغت
ayn-ı belagattir	عین بلاغتدر
ayn-ı belâgat	عین بلاغت
ayn-ı belâgattir	عین بلاغتدر
ayn-ı elem	عین الم
ayn-ı hak	عین حق
ayn-ı hakikat	عین حقیقت
ayn-ı hakikattir	عین حقیقتدر
ayn-ı hakîkat	عین حقیقت
ayn-ı hakîkattir	عین حقیقتدر
ayn-ı hikmet	عین حكمت
ayn-ı hikmettir	عین حكمتدر
ayn-ı kudret	عین قدرت
ayn-ı lezzet	عین لذّت
ayn-ı lezzettir	عین لذّتدر
ayn-ı lika	عین لقا
ayn-ı likā	عین لقا
ayn-ı rahmet	عین رحمت
ayn-ı rahmettir	عین رحمتدر
ayn-ı zulümlerinde	عین ظلملرنده
ayn-ı şerdir	عین شردر
ayn-ı şuur	عین شعور
ayn-ı şuûr	عین شعور
ayna da	آیینه ده
ayna-misal	آیینه مثال
ayna-misâl	آیینه مثال
ayne'l-yakin	عین الیقین
ayne'l-yakîn	عین الیقین
aynı hakikat	عین حقیقت
aynı hakîkat	عین حقیقت
ayrı da	آیری ده
az da	آز ده
az-çok	آز چوق
azab-ı cehennemi	عذاب جهنّمی
azab-ı elimde	عذاب ألیمده
azab-ı kabir	عذاب قبر
azaba da	عذابه ده
azamet-i haşmeti	عظمت حشمتی
azamet-i heykelini	عظمت هیكلنی
azamet-i ilahiyeyi	عظمت الهیهیی
azamet-i ilâhiyeyi	عظمت الهیهیی
azamet-i kadrine	عظمت قدرینه
azamet-i kibriya	عظمت كبریا
azamet-i kibriyana	عظمت كبریاڭه
azamet-i kibriyasından	عظمت كبریاسندن
azamet-i kibriyâ	عظمت كبریا
azamet-i kibriyâna	عظمت كبریاڭه
azamet-i kibriyâsından	عظمت كبریاسندن
azamet-i kudret	عظمت قدرت
azamet-i kudretine	عظمت قدرتنه
azamet-i kudretini	عظمت قدرتنی
azamet-i ma'neviyesinden	عظمت معنویهسندن
azamet-i rububiyetini	عظمت ربوبیتنی
azamet-i rubûbiyetini	عظمت ربوبیتنی
azamet-i uluhiyeti	عظمت الوهیّتی
azamet-i ulûhiyeti	عظمت الوهیّتی
aziz-i mısır	عزیز مصر
azm-i kat'i	عزم قطعی
azm-i kat'î	عزم قطعی
azrail aleyhisselam	عزرائیل علیه السلام
azrâîl aleyhisselâm	عزرائیل علیه السلام
azâb-ı cehennemi	عذاب جهنّمی
azâb-ı elîmde	عذاب ألیمده
azâb-ı kabir	عذاب قبر
azîz-i mısır	عزیز مصر
açar ki	آچاركه
açmış ki	آچمشكه
açık-saçıklık	آچیق صاچیقلق
açılmış ki	آچیلمشكه
açıyor ki	آچییوركه
ağacı da	آغاجی ده
aşere-i mübeşşere'den	عشرهٔ مبشّرهدن
aşere-i mübeşşere'nin	عشرهٔ مبشّرهنڭ
aşere-i mübeşşere'ye	عشرهٔ مبشّرهیه
aşk-ı beka	عشق بقا
aşk-ı bekanın	عشق بقانڭ
aşk-ı bekayı	عشق بقایی
aşk-ı bekā	عشق بقا
aşk-ı bekānın	عشق بقانڭ
aşk-ı bekāyı	عشق بقایی
aşk-ı dünyevi	عشق دنیوی
aşk-ı dünyevî	عشق دنیوی
aşk-ı hakiki	عشق حقیقی
aşk-ı hakikiye	عشق حقیقی یه
aşk-ı hakîkî	عشق حقیقی
aşk-ı hakîkîye	عشق حقیقی یه
aşk-ı lahuti	عشق لاهوتی
aşk-ı lâhûtî	عشق لاهوتی
aşk-ı mecazi	عشق مجازی
aşk-ı mecâzî	عشق مجازی
aşk-ı tabiat	عشق طبیعت
aşk-ı tabîat	عشق طبیعت
aşr-ı ahirde	عشر اخیرده
aşr-ı ahîrde	عشر اخیرده
ba'de'l-memat	بعد الممات
ba'de'l-memât	بعد الممات
ba-asam	با آثام
bab-ı ihya	باب احیا
bab-ı seraskeri'de	باب سرعسكریده
baba-oğul	بابا اوغول
bad-ı heva	باد هوا
bahar da	بهار ده
bahira-yı rahib'in	بحیرای راهبڭ
bahr-i hakaik	بحر حقائق
bahr-i hakāik	بحر حقائق
bahr-i muhit	بحر محیط
bahr-i muhit'de	بحر محیطده
bahr-i muhit-i garbi'nin	بحر محیط غربینڭ
bahr-i muhit-i havaide	بحر محیط هوائیده
bahr-i muhît	بحر محیط
bahr-i muhît'de	بحر محیطده
bahr-i muhît-i garbî'nin	بحر محیط غربینڭ
bahr-i muhît-i havaîde	بحر محیط هوائیده
bahr-i tevhiddir	بحر توحیددر
bahr-i tevhîddir	بحر توحیددر
bahr-i umman	بحر عمّان
bahr-i ummân	بحر عمّان
bahrü'l-mekarimdir	بحر المكارمدر
bahrü'l-mekârimdir	بحر المكارمدر
bahsediyor ki	بحث ایدییوركه
bahîrâ-yı râhib'in	بحیرای راهبڭ
bak ki	باقكه
bakanlar da	باقانلر ده
bakar ki	باقاركه
baki-i hakiki'nin	باقئ حقیقینڭ
baki-i sermedi	باقئ سرمدی
baki-i sermedi'nin	باقئ سرمدینڭ
baki-i sermedi'ye	باقئ سرمدی یه
baki-i zülcelal'e	باقئ ذوالجلاله
baki-i zülcelal'in	باقئ ذوالجلالڭ
baki-i zülkemal'in	باقئ ذوالكمالڭ
bakiye-i asarı	بقیّهٔ آثاری
bakiye-i âsârı	بقیّهٔ آثاری
bakiye-i ömrümü	بقیّهٔ عمریمی
bakmış ki	باقمشكه
baksa da	باقسه ده
baktı ki	باقدیكه
baktık ki	باقدقكه
baktılar ki	باقدیلركه
baktım ki	باقدمكه
bakınız ki	باقیڭزكه
bakıp da	باقوب ده
bakıyor ki	باقییوركه
bakıyorum ki	باقییورمكه
bakıyoruz ki	باقییورزكه
bal da	بال ده
bana da	بڭا ده
baran-ı feyz	باران فیض
bargah-ı ehadiyette	باركاه احدیتده
barika-asa	بارقه آسا
barika-i beyanı	بارقهٔ بیانی
barika-i hakikat	بارقهٔ حقیقت
barla yaylası	بارله یایلاسی
bast-ı zaman	بسط زمان
batın-ı kalb	باطن قلب
bavehim şübhe-i tarık	باوهم شبههٔ طارق
bayram-ı şerif'ini	بایرام شریفنی
bayram-ı şerifinizi	بایرام شریفڭزی
bayram-ı şerîf'ini	بایرام شریفنی
bayram-ı şerîfinizi	بایرام شریفڭزی
bazen da	بعضا ده
bazen de	بعضا ده
bazı da	بعضی ده
bazılara da	بعضیلره ده
bazıları da	بعضیلری ده
bağıracak ki	باغیراجقكه
bağırıyor ki	باغیرییوركه
bağıstan-ı cinana	باغستان جنانه
başa da	باشه ده
başkalara da	باشقهلره ده
başkaları da	باشقهلری ده
başkalarına da	باشقهلرینه ده
başkalarını da	باشقهلرینی ده
başkalarının da	باشقهلرینڭ ده
başkası da	باشقهسی ده
başında da	باشنده ده
be-tekrar	بتكرار
be-tekrâr	بتكرار
be-vakit	بوقت
bedelime de	بدلمه ده
beden-i insan	بدن انسان
beden-i insani	بدن انسانی
beden-i insaniyi	بدن انسانی یی
beden-i insanî	بدن انسانی
beden-i insanîyi	بدن انسانی یی
bedihidir ki	بدیهیدركه
bediüzzaman hazretleri'nin	بدیع الزّمان حضرتلرینڭ
bediüzzaman said nursi	بدیع الزّمان سعید نورسی
bediüzzaman saidü'n-nursi	بدیع الزّمان سعید النّورسی
bediüzzaman saidü'n-nursi'nin	بدیع الزّمان سعید النّورسینڭ
bedîhîdir ki	بدیهیدركه
bedîüzzamân hazretleri'nin	بدیع الزّمان حضرتلرینڭ
bedîüzzamân saîd nûrsî	بدیع الزّمان سعید نورسی
bedîüzzamân saîdü'n-nûrsî	بدیع الزّمان سعید النّورسی
bedîüzzamân saîdü'n-nûrsî'nin	بدیع الزّمان سعید النّورسینڭ
beka-yı ilahi	بقای الهی
beka-yı ilahiyi	بقای الهی یی
beka-yı nev'	بقای نوع
beka-yı nev'i	بقای نوعی
beka-yı ruh	بقای روح
beka-yı ruha	بقای روحه
beka-yı uhrevi	بقای اخروی
beka-yı uhreviyi	بقای اخروی یی
beka-yı şahsi	بقای شخصی
bekir ağa	بكر آغا
bekir ağa'nın	بكر آغانڭ
bekir bey	بكر بك
bekir efendi	بكر افندی
bekliyordum ki	بكلهیوردمكه
bekā-yı ilâhî	بقای الهی
bekā-yı ilâhîyi	بقای الهی یی
bekā-yı nev'	بقای نوع
bekā-yı nev'î	بقای نوعی
bekā-yı rûh	بقای روح
bekā-yı rûha	بقای روحه
bekā-yı uhrevî	بقای اخروی
bekā-yı uhrevîyi	بقای اخروی یی
bekā-yı şahsî	بقای شخصی
belagat-i beyan	بلاغت بیان
belagat-i kur'aniyenin	بلاغت قرآنیهنڭ
belagat-i mu'cizekaranesinin	بلاغت معجزهكارانهسنڭ
belki de	بلكه ده
belâgat-i beyân	بلاغت بیان
belâgat-i kur'âniyenin	بلاغت قرآنیهنڭ
belâgat-i mu'cizekârânesinin	بلاغت معجزهكارانهسنڭ
ben de	بن ده
ben mi	بنمی
bendeniz de	بندهڭز ده
beni de	بنی ده
beni-adem	بنی آدم
beni-ademe	بنی آدمه
beni-ademi	بنی آدمی
beni-ademin	بنی آدمڭ
beni-ademle	بنی آدمله
beni-israil	بنی اسرائیل
beni-israil'in	بنی اسرائیلڭ
benim de	بنم ده
benimle de	بنمله ده
benzer ki	بڭزركه
benî-isrâîl	بنی اسرائیل
benî-isrâîl'in	بنی اسرائیلڭ
benî-âdem	بنی آدم
benî-âdeme	بنی آدمه
benî-âdemi	بنی آدمی
benî-âdemin	بنی آدمڭ
benî-âdemle	بنی آدمله
ber vech-i zir	بر وجه زیر
ber vech-i zîr	بر وجه زیر
bera-yı ma'lumat	برای معلومات
bera-yı tashih	برای تصحیح
berahin-i haşriyeye	براهین حشریهیه
berahin-i uzmanın	براهین عظمانڭ
berahin-i vahdetini	براهین وحدتنی
beray-ı ma'lumat	برای معلومات
berber ali osman	بربر علی عثمان
berber alî osmân	بربر علی عثمان
berber mehmed	بربر محمد
bereket-i ihsandır	بركت احساندر
bereket-i ihsândır	بركت احساندر
berk-i hatıf	برق خاطف
berk-i hâtıf	برق خاطف
bervech-i ati	بر وجه آتی
bervech-i âtî	بر وجه آتی
berâ-yı ma'lûmât	برای معلومات
berâ-yı tashîh	برای تصحیح
berâhîn-i haşriyeye	براهین حشریهیه
berâhîn-i uzmânın	براهین عظمانڭ
berâhîn-i vahdetini	براهین وحدتنی
berây-ı ma'lûmât	برای معلومات
besleniyoruz ki	بسلنییورزكه
beyanat-ı kur'aniye	بیانات قرآنیه
beytü'l-makdis'in	بیت المقدسڭ
beyânât-ı kur'âniye	بیانات قرآنیه
bezl-i vücud	بذل وجود
bezl-i vücûd	بذل وجود
beğenenleri de	بكننلری ده
beş yüz	بش یوز
beş-altı	بش آلتی
beş-on	بش اون
beşaret-i aleviyeyi	بشارت علویهیی
beşaret-i kur'aniye	بشارت قرآنیه
beşaret-i kur'aniyeyi	بشارت قرآنیهیی
beşere de	بشره ده
beşeri de	بشری ده
beşinci lem'a	بشنجی لمعه
beşinci şua'	بشنجی شعاع
beşinci şuâ'	بشنجی شعاع
beşâret-i aleviyeyi	بشارت علویهیی
beşâret-i kur'âniye	بشارت قرآنیه
beşâret-i kur'âniyeyi	بشارت قرآنیهیی
bi'set-i enbiya	بعثت انبیا
bi'set-i enbiyâ	بعثت انبیا
bi-günah	بی كناه
bi-haber	بی خبر
bi-hemta	بی همتا
bi-huş	بی هوش
bi-iştibah	بی اشتباه
bi-karar	بی قرار
bi-nazir	بی نظیر
bi-nihaye	بی نهایه
bi-nihayet	بی نهایت
bi-taraf	بی طرف
bi-tarafane	بی طرفانه
bi-çare	بیچاره
bidayet-i hayatına	بدایت حیاتنه
bidayet-i islamda	بدایت اسلامده
bidâyet-i hayatına	بدایت حیاتنه
bidâyet-i islâmda	بدایت اسلامده
bihasebi'l-hikmet	بحسب الحكمت
bil ki	بیلكه
bila-fasıla	بلا فاصله
bila-fütur	بلا فتور
bila-istisna	بلا استثنا
bila-mübalağa	بلا مبالغه
bila-perva	بلا پروا
bila-tereddüd	بلا تردّد
bila-şek	بلا شك
bila-şübhe	بلا شبهه
bilad-ı islamiyede	بلاد اسلامیهده
bildim ki	بیلدمكه
bildirdi ki	بیلدیردیكه
bildirmek ki	بیلدیرمككه
bilecek ki	بیلهجككه
bileceğiz ki	بیلهجكزكه
bilhadsi's-sadık	بالحدس الصّادق
bilhadsi's-sâdık	بالحدس الصّادق
bilinir ki	بیلینیركه
biliniz ki	بیلیڭزكه
bilir ki	بیلیركه
bilir misin	بیلیرمیسڭ
bilir misin ki	بیلیرمیسڭكه
bilirim ki	بیلیرمكه
bilirler ki	بیلیرلركه
bilirsin ki	بیلیرسڭكه
bilirsiniz ki	بیلیرسڭزكه
biliyor ki	بیلییوركه
biliyordum ki	بیلییوردمكه
biliyorlar ki	بیلییورلركه
biliyorsunuz ki	بیلییورسڭزكه
biliyorum ki	بیلییورمكه
biliyoruz ki	بیلییورزكه
bilmem ki	بیلممكه
bilmese de	بیلمهسه ده
bilmeseler de	بیلمهسهلر ده
bilmeyi de	بیلمهیی ده
bilmezler mi ki	بیلمزلرمیكه
bilmiyor ki	بیلمییوركه
bilmiyorlar ki	بیلمییورلركه
bilsin ki	بیلسینكه
bilsinler ki	بیلسینلركه
bilâ-fâsıla	بلا فاصله
bilâ-fütûr	بلا فتور
bilâ-istisnâ	بلا استثنا
bilâ-mübâlağa	بلا مبالغه
bilâ-pervâ	بلا پروا
bilâ-tereddüd	بلا تردّد
bilâ-şek	بلا شك
bilâ-şübhe	بلا شبهه
bilâd-ı islâmiyede	بلاد اسلامیهده
bin altı yüz altmış altı	بیڭ آلتی یوز آلتمش آلتی
bin altın	بیڭ آلتون
bin beş yüz	بیڭ بش یوز
bin beş yüz altmış	بیڭ بش یوز آلتمش
bin beş yüz altı	بیڭ بش یوز آلتی
bin beş yüz kırk beş	بیڭ بش یوز قرق بش
bin beş yüz kırk iki	بیڭ بش یوز قرق ایكی
bin bir	بیڭ بر
bin de	بیڭ ده
bin dokuz yüz yetmiş bir	بیڭ طقوز یوز یتمش بر
bin dört yüz	بیڭ درت یوز
bin iki yüz	بیڭ ایكی یوز
bin iki yüz doksan beş	بیڭ ایكی یوز طقسان بش
bin iki yüz doksan dört	بیڭ ایكی یوز طقسان درت
bin iki yüz doksan iki	بیڭ ایكی یوز طقسان ایكی
bin iki yüz doksan üç	بیڭ ایكی یوز طقسان اوچ
bin iki yüz doksanüçte	بیڭ ایكی یوز طقسان اوچده
bin iki yüz iki	بیڭ ایكی یوز ایكی
bin iki yüz on iki	بیڭ ایكی یوز اون ایكی
bin iki yüz otuzsekizde	بیڭ ایكی یوز اوتوز سكزده
bin iki yüz yirmi dört	بیڭ ایكی یوز یكرمی درت
bin iki yüz yirmidörtte	بیڭ ایكی یوز یكرمی درتده
bin seksen yedi	بیڭ سكسان یدی
bin yüz altmış bir	بیڭ یوز آلتمش بر
bin yüz doksan üç	بیڭ یوز طقسان اوچ
bin yüz doksanüçde	بیڭ یوز طقسان اوچده
bin yüz on bir	بیڭ یوز اون بر
bin üç	بیڭ اوچ
bin üç yüz	بیڭ اوچ یوز
bin üç yüz altmış	بیڭ اوچ یوز آلتمش
bin üç yüz altmış bir	بیڭ اوچ یوز آلتمش بر
bin üç yüz altmış dört	بیڭ اوچ یوز آلتمش درت
bin üç yüz altmış iki	بیڭ اوچ یوز آلتمش ایكی
bin üç yüz elli	بیڭ اوچ یوز اللی
bin üç yüz elli bir	بیڭ اوچ یوز اللی بر
bin üç yüz elli dokuz	بیڭ اوچ یوز اللی طقوز
bin üç yüz elli dört	بیڭ اوچ یوز اللی درت
bin üç yüz elli iki	بیڭ اوچ یوز اللی ایكی
bin üç yüz elli sekiz	بیڭ اوچ یوز اللی سكز
bin üç yüz elli yedi	بیڭ اوچ یوز اللی یدی
bin üç yüz elli üç	بیڭ اوچ یوز اللی اوچ
bin üç yüz iki	بیڭ اوچ یوز ایكی
bin üç yüz kırk	بیڭ اوچ یوز قرق
bin üç yüz kırk beşte	بیڭ اوچ یوز قرق بشده
bin üç yüz kırk bir	بیڭ اوچ یوز قرق بر
bin üç yüz kırk dokuz	بیڭ اوچ یوز قرق طوقوز
bin üç yüz kırk dört	بیڭ اوچ یوز قرق درت
bin üç yüz kırk iki	بیڭ اوچ یوز قرق ایكی
bin üç yüz kırk sekiz	بیڭ اوچ یوز قرق سكز
bin üç yüz kırk yedi	بیڭ اوچ یوز قرق یدی
bin üç yüz on altı	بیڭ اوچ یوز اون آلتی
bin üç yüz on dört	بیڭ اوچ یوز اون درت
bin üç yüz otuz	بیڭ اوچ یوز اوتوز
bin üç yüz otuz bir	بیڭ اوچ یوز اوتوز بر
bin üç yüz otuz dokuz	بیڭ اوچ یوز اوتوز طقوز
bin üç yüz otuz dört	بیڭ اوچ یوز اوتوز درت
bin üç yüz otuz sekiz	بیڭ اوچ یوز اوتوز سكز
bin üç yüz otuz yedi	بیڭ اوچ یوز اوتوز یدی
bin üç yüz otuz üç	بیڭ اوچ یوز اوتوز اوچ
bin üç yüz otuzsekizde	بیڭ اوچ یوز اوتوز سكزده
bin üç yüz yirmi altı	بیڭ اوچ یوز یكرمی آلتی
bin üç yüz yirmi dört	بیڭ اوچ یوز یكرمی درت
bin üç yüz yirmi sekiz	بیڭ اوچ یوز یكرمی سكز
bin üç yüz yirmi yedi	بیڭ اوچ یوز یكرمی یدی
bin üç yüz yirmidörtte	بیڭ اوچ یوز یكرمی درتده
bina-yı ömrümün	بنای عمریمڭ
binaen aleyh	بناء علیه
binaendir ki	بناءدركه
binâ-yı ömrümün	بنای عمریمڭ
binâen aleyh	بناء علیه
binâendir ki	بناءدركه
bir de	بر ده
bir gün	بر كون
bir ihtimali	بر احتمالی
bir ihtimâli	بر احتمالی
bir şey	بر شی
bir-iki	بر ایكی
bir-ikisi	بر ایكیسی
biraz da	براز ده
birden bire	بردنبره
biri de	بری ده
birinci nokta	برنجی نقطه
birinci söz	برنجی سوز
birine de	برینه ده
birisi de	بریسی ده
birisidir ki	بریسیدركه
birisinin de	بریسنڭ ده
bitini de	بیتنی ده
bitsin de	بیتسین ده
biz de	بز ده
bize de	بزه ده
bizi de	بزی ده
bizim de	بزم ده
bizler de	بزلر ده
bizlere de	بزلره ده
bizleri de	بزلری ده
biçare de	بیچاره ده
biçareyi de	بیچارهیی ده
bostan-ı cinana	بوستان جنانه
bostân-ı cinâna	بوستان جنانه
bozulmuş ki	بوزولمشكه
bozulmuş mu ki	بوزولمشمیكه
bozulur ki	بوزولوركه
bu da	بو ده
bu günlerde	بو كونلرده
bu ki	بوكه
bu mudur	بومیدر
bu'd-u mutlak	بعد مطلق
budur ki	بودركه
bugün de	بوكون ده
bulamadım ki	بولامدمكه
buldu ki	بولدیكه
buldum ki	بولدمكه
bulmadılar ki	بولمادیلركه
bulmamış ki	بولمامشكه
bulmuşlar ki	بولمشلركه
bulsalar da	بولسهلر ده
bulunabilir ki	بولونابیلیركه
bulunabilir mi	بولونابیلیرمی
bulundurmuş ki	بولوندیرمشكه
bulunduğundandır ki	بولوندیغندندركه
bulunmadı ki	بولونمدیكه
bulunmaz mı	بولونمازمی
bulunsa ki	بولونسهكه
bulunur ki	بولونوركه
bulunuyor ki	بولونویوركه
bulur ki	بولوركه
bulutlar da	بلوطلر ده
bulutları da	بلوطلری ده
buna da	بوڭا ده
bunda da	بونده ده
bundandır ki	بوندندركه
bunlar da	بونلر ده
bunları da	بونلری ده
bunların da	بونلرڭ ده
bunu da	بونی ده
bunun da	بونڭ ده
bununla da	بونڭله ده
burada da	بوراده ده
buraya da	بورایه ده
burhan-ı bahir	برهان باهر
burhan-ı bahirdir	برهان باهردر
burhan-ı bahiri	برهان باهری
burhan-ı hak	برهان حق
burhan-ı innidir	برهان انّیدر
burhan-ı kat'i	برهان قطعی
burhan-ı katı'dır	برهان قاطعدر
burhan-ı katıı	برهان قاطعی
burhan-ı muazzamdır	برهان معظّمدر
burhan-ı muazzamı	برهان معظّمی
burhan-ı münevverde	برهان منوّرده
burhan-ı natık	برهان ناطق
burhan-ı natıkı	برهان ناطقی
burhan-ı neyyirdir	برهان نیّردر
burhan-ı vahdaniyet	برهان وحدانیت
burhan-ı vahdaniyeti	برهان وحدانیّتی
burhan-ı vahdet	برهان وحدت
burhan-ı yakini	برهان یقینی
burhân-ı bâhir	برهان باهر
burhân-ı bâhirdir	برهان باهردر
burhân-ı bâhiri	برهان باهری
burhân-ı hak	برهان حق
burhân-ı innîdir	برهان انّیدر
burhân-ı kat'î	برهان قطعی
burhân-ı kātı'dır	برهان قاطعدر
burhân-ı kātıı	برهان قاطعی
burhân-ı muazzamdır	برهان معظّمدر
burhân-ı muazzamı	برهان معظّمی
burhân-ı münevverde	برهان منوّرده
burhân-ı neyyirdir	برهان نیّردر
burhân-ı nâtık	برهان ناطق
burhân-ı nâtıkı	برهان ناطقی
burhân-ı vahdet	برهان وحدت
burhân-ı vahdâniyet	برهان وحدانیت
burhân-ı vahdâniyeti	برهان وحدانیّتی
burhân-ı yakînî	برهان یقینی
buyurdular ki	بویوردیلركه
buyuruluyor ki	بویورولویوركه
buyururlardı ki	بویورورلردیكه
buyuruyorlar ki	بویورویورلركه
bâ-âsâm	با آثام
bâb-ı ihyâ	باب احیا
bâb-ı seraskerî'de	باب سرعسكریده
bâd-ı hevâ	باد هوا
bâkî-i hakîkî'nin	باقئ حقیقینڭ
bâkî-i sermedî	باقئ سرمدی
bâkî-i sermedî'nin	باقئ سرمدینڭ
bâkî-i sermedî'ye	باقئ سرمدی یه
bâkî-i zülcelâl'e	باقئ ذوالجلاله
bâkî-i zülcelâl'in	باقئ ذوالجلالڭ
bâkî-i zülkemâl'in	باقئ ذوالكمالڭ
bârgâh-ı ehadiyette	باركاه احدیتده
bârika-i beyânı	بارقهٔ بیانی
bârika-i hakîkat	بارقهٔ حقیقت
bârika-âsâ	بارقه آسا
bârân-ı feyz	باران فیض
bâtın-ı kalb	باطن قلب
bâvehim şübhe-i târık	باوهم شبههٔ طارق
bâğıstân-ı cinâna	باغستان جنانه
bî-günâh	بی كناه
bî-haber	بی خبر
bî-hemtâ	بی همتا
bî-hûş	بی هوش
bî-iştibâh	بی اشتباه
bî-karâr	بی قرار
bî-nazîr	بی نظیر
bî-nihâye	بی نهایه
bî-nihâyet	بی نهایت
bî-taraf	بی طرف
bî-tarafâne	بی طرفانه
bî-çâre	بیچاره
bîçâre de	بیچاره ده
bîçâreyi de	بیچارهیی ده
böyle de	بویله ده
böyle mi	بویلهمی
büyük deccal'ın	بویوك دجّالڭ
büyük deccâl'ın	بویوك دجّالڭ
büyük hafız ali	بیوك حافظ علی
büyük hafız ali'nin	بیوك حافظ علینڭ
büyük hafız zühdü'nün	بیوك حافظ زهدینڭ
büyük hâfız alî	بیوك حافظ علی
büyük hâfız alî'nin	بیوك حافظ علینڭ
büyük hâfız zühdü'nün	بیوك حافظ زهدینڭ
büyük ruhlu küçük ali	بیوك روحلی كوچك علی
büyük ruhlu küçük ali'nin	بیوك روحلی كوچك علینڭ
büyük rûhlu küçük alî	بیوك روحلی كوچك علی
büyük rûhlu küçük alî'nin	بیوك روحلی كوچك علینڭ
büyük-küçük	بیوك كوچك
büyükleri de	بیوكلری ده
büyüktür ki	بیوكدركه
bırakmadı ki	بیراقمدیكه
bırakmaz ki	بیراقمازكه
bırakmıyor ki	بیراقمییوركه
bırakmış ki	بیراقمشكه
bırakmıştır ki	بیراقمشدركه
bırakır mı	بیراقیرمی
cadde-i kur'aniyeye	جادّهٔ قرآنیهیه
cadde-i kur'âniyeye	جادّهٔ قرآنیهیه
cadde-i kübra	جادّهٔ كبرا
cadde-i kübra-yı ahmediyeyi	جادّهٔ كبرای احمدیهییؐ
cadde-i kübra-yı kur'aniye	جادّهٔ كبرای قرآنیه
cadde-i kübralarını	جادّهٔ كبرالرینی
cadde-i kübrasında	جادّهٔ كبراسنده
cadde-i kübrasının	جادّهٔ كبراسنڭ
cadde-i kübrâ	جادّهٔ كبرا
cadde-i kübrâ-yı ahmediyeyi	جادّهٔ كبرای احمدیهییؐ
cadde-i kübrâ-yı kur'âniye	جادّهٔ كبرای قرآنیه
cadde-i kübrâlarını	جادّهٔ كبرالرینی
cadde-i kübrâsında	جادّهٔ كبراسنده
cadde-i kübrâsının	جادّهٔ كبراسنڭ
cadde-i nuraniyesi	جادّهٔ نورانیهسی
cadde-i nûrâniyesi	جادّهٔ نورانیهسی
cahil de	جاهل ده
caizdir ki	جائزدركه
cami'-i emevi'deki	جامع امویدهكی
cami'-i kebir	جامع كبیر
camiiyet-i harikadır	جامعیت خارقهدر
camiiyet-i pür-şanı	جامعیت پرشانی
camiü'l-esma	جامع الاسما
camiü'l-ezher	جامع الازهر
camiü'l-ezher'e	جامع الازهره
camiü'l-ezher'i	جامع الازهری
camiü'l-ezher'in	جامع الازهرڭ
can u gönülden	جان و كوڭلدن
can u yürekten	جان و یوركدن
cay-ı dikkat	جای دقّت
cay-ı dikkattir	جای دقّتدر
cay-ı dikkattir ki	جای دقّتدركه
cay-ı hayret	جای حیرت
cay-ı hayrettir ki	جای حیرتدركه
cay-ı kabul	جای قبول
cazibe-i umumiye	جاذبهٔ عمومیه
cazibe-i umumiyenin	جاذبهٔ عمومیهنڭ
cebbar-ı hodfuruştur	جبّار خودفروشدر
cebbâr-ı hodfurûştur	جبّار خودفروشدر
cebel-i cudi	جبل جودی
cebel-i cûdî	جبل جودی
cebel-i uhud	جبل احد
cebhe-i harbde	جبههٔ حربده
cebr-i kanuni	جبر قانونی
cebr-i keyfi-i küfriye	جبر كیفئ كفری یه
cebr-i keyfî-i küfrîye	جبر كیفئ كفری یه
cebr-i kānûnî	جبر قانونی
cebrail aleyhisselam	جبرائیل علیه السّلام
cebrâîl aleyhisselâm	جبرائیل علیه السّلام
cehennem de	جهنّم ده
cehennem-i kübraya	جهنّم كبرایه
cehennem-i kübrâya	جهنّم كبرایه
cehennem-i suğra	جهنّم صغرا
cehennem-i suğrayı	جهنّم صغرایی
cehennem-i suğrâ	جهنّم صغرا
cehennem-i suğrâyı	جهنّم صغرایی
cehennemdir ki	جهنّمدركه
cehl-i mutlak	جهل مطلق
cehl-i mürekkeb	جهل مركّب
celal bayar	جلال بایار
celal-i azameti	جلال عظمتی
celaleddin-i harzemşah	جلال الدّین خوارزم شاه
celaleddin-i süyuti	جلال الدّین سیوطی
celil-i zülcemal	جلیل ذوالجمال
celle celalühu	جلّ جلاله
celle celâlühû	جلّ جلاله
celâl bayar	جلال بایار
celâl-i azameti	جلال عظمتی
celâleddîn-i hârzemşâh	جلال الدّین خوارزم شاه
celâleddîn-i süyûtî	جلال الدّین سیوطی
celîl-i zülcemâl	جلیل ذوالجمال
cem'-i zıddeyn	جمع ضدّین
cem'iyet-i ahbab	جمعیت احباب
cem'iyet-i ahbâb	جمعیت احباب
cem'iyet-i siyasiye	جمعیّت سیاسیّه
cem'iyet-i siyasiyedirler	جمعیّت سیاسیّهدرلر
cem'iyet-i siyâsiye	جمعیّت سیاسیّه
cem'iyet-i siyâsiyedirler	جمعیّت سیاسیّهدرلر
cemaat-i azime	جماعت عظیمه
cemaat-i azimenin	جماعت عظیمهنڭ
cemaat-i islamiye	جماعت اسلامیه
cemaat-i islamiyenin	جماعت اسلامیهنڭ
cemaat-i islamiyeye	جماعت اسلامیهیه
cemaat-i kesire	جماعت كثیره
cemaat-i meşhurenin	جماعت مشهورهنڭ
cemaat-i müsliminin	جماعت مسلمینڭ
cemaat-i nuraniyenin	جماعت نورانیهنڭ
cemaat-i nuraniyesini	جماعت نورانیهسنی
cemaat-i uzma	جماعت عظما
cemaat-i uzmada	جماعت عظماده
cemaat-i uzmasının	جماعت عظماسنڭ
cemaat-i uzmaya	جماعت عظمایه
cemaat-i uzmayı	جماعت عظمایی
cemaat-i şüheda	جماعت شهدا
cemal-i adaletini	جمال عدالتنی
cemal-i bi-misaline	جمال بی مثالنه
cemal-i esmasını	جمال اسماسنی
cemal-i kemalini	جمال كمالنی
cemal-i kudsisine	جمال قدسیسنه
cemal-i mutlak	جمال مطلق
cemal-i rahmet	جمال رحمت
cemal-i rahmeti	جمال رحمتی
cemal-i rahmetine	جمال رحمتنه
cemal-i rahmetini	جمال رحمتنی
cemal-i rububiyet	جمال ربوبیت
cemal-i rububiyetine	جمال ربوبیتنه
cemal-i san'at	جمال صنعت
cemal-i sermedinin	جمال سرمدینڭ
cemal-i sermediye	جمال سرمدی یه
cemal-i suret	جمال صورت
cemil-i mutlak	جمیل مطلق
cemil-i mutlak'ın	جمیل مطلقڭ
cemil-i zülcelal	جمیل ذوالجلال
cemil-i zülcelal'in	جمیل ذوالجلالڭ
cemâat-i azîme	جماعت عظیمه
cemâat-i azîmenin	جماعت عظیمهنڭ
cemâat-i islâmiye	جماعت اسلامیه
cemâat-i islâmiyenin	جماعت اسلامیهنڭ
cemâat-i islâmiyeye	جماعت اسلامیهیه
cemâat-i kesîre	جماعت كثیره
cemâat-i meşhûrenin	جماعت مشهورهنڭ
cemâat-i müslimînin	جماعت مسلمینڭ
cemâat-i nûrâniyenin	جماعت نورانیهنڭ
cemâat-i nûrâniyesini	جماعت نورانیهسنی
cemâat-i uzmâ	جماعت عظما
cemâat-i uzmâda	جماعت عظماده
cemâat-i uzmâsının	جماعت عظماسنڭ
cemâat-i uzmâya	جماعت عظمایه
cemâat-i uzmâyı	جماعت عظمایی
cemâat-i şühedâ	جماعت شهدا
cemâl-i adâletini	جمال عدالتنی
cemâl-i bî-misâline	جمال بی مثالنه
cemâl-i esmâsını	جمال اسماسنی
cemâl-i kemâlini	جمال كمالنی
cemâl-i kudsîsine	جمال قدسیسنه
cemâl-i mutlak	جمال مطلق
cemâl-i rahmet	جمال رحمت
cemâl-i rahmeti	جمال رحمتی
cemâl-i rahmetine	جمال رحمتنه
cemâl-i rahmetini	جمال رحمتنی
cemâl-i rubûbiyet	جمال ربوبیت
cemâl-i rubûbiyetine	جمال ربوبیتنه
cemâl-i san'at	جمال صنعت
cemâl-i sermedînin	جمال سرمدینڭ
cemâl-i sermedîye	جمال سرمدی یه
cemâl-i sûret	جمال صورت
cemîl-i mutlak	جمیل مطلق
cemîl-i mutlak'ın	جمیل مطلقڭ
cemîl-i zülcelâl	جمیل ذوالجلال
cemîl-i zülcelâl'in	جمیل ذوالجلالڭ
cenab-ı allah	جناب اللّه
cenab-ı allah'a	جناب اللّهه
cenab-ı allah'ın	جناب اللّهڭ
cenab-ı erhamü'r-rahimin	جناب ارحم الرّاحمین
cenab-ı erhamü'r-rahimin'den	جناب ارحم الرّاحمیندن
cenab-ı erhamü'r-rahimin'e	جناب ارحم الرّاحمینه
cenab-ı erhamü'r-rahimin'in	جناب ارحم الرّاحمینڭ
cenab-ı erhamürrahimin	جناب ارحم الرّاحمین
cenab-ı erhamürrahimin'e	جناب ارحم الرّاحمینه
cenab-ı feyyaz-ı mutlak	جناب فیّاض مطلق
cenab-ı hak	جناب حق
cenab-ı hak'tan	جناب حقدن
cenab-ı hakim-i rahim	جناب حكیم رحیم
cenab-ı hakk	جناب حق
cenab-ı hakk da	جناب حق ده
cenab-ı hakk'a	جناب حقّه
cenab-ı hakk'dan	جناب حقدن
cenab-ı hakk'dır	جناب حقدر
cenab-ı hakk'tan	جناب حقدن
cenab-ı hakk'ı	جناب حقّی
cenab-ı hakk'ın	جناب حقّڭ
cenab-ı kadir-i mutlak	جناب قادر مطلق
cenab-ı kibriya	جناب كبریا
cenab-ı lemyezel	جناب لم یزل
cenab-ı vacibü'l-vücud	جناب واجب الوجود
cenab-ı vacibü'l-vücud'un	جناب واجب الوجودڭ
cennet de	جنّت ده
cennet-asa	جنّت آسا
cennet-i bakiyede	جنّت باقیهده
cennet-i bâkiyede	جنّت باقیهده
cennet-i hususiye	جنّت خصوصیه
cennet-misal	جنّت مثال
cennet-misâl	جنّت مثال
cennet-âsâ	جنّت آسا
cennettir ki	جنّتدركه
cennetü'l-firdevs	جنّت الفردوس
cennetü'l-firdevs'de	جنّت الفردوسده
cennetü'l-firdevs'ine	جنّت الفردوسنه
cennetü'l-firdevs'te	جنّت الفردوسده
cenâb-ı allâh	جناب اللّه
cenâb-ı allâh'a	جناب اللّهه
cenâb-ı allâh'ın	جناب اللّهڭ
cenâb-ı erhamü'r-râhimîn	جناب ارحم الرّاحمین
cenâb-ı erhamü'r-râhimîn'den	جناب ارحم الرّاحمیندن
cenâb-ı erhamü'r-râhimîn'e	جناب ارحم الرّاحمینه
cenâb-ı erhamü'r-râhimîn'in	جناب ارحم الرّاحمینڭ
cenâb-ı erhamürrâhimîn	جناب ارحم الرّاحمین
cenâb-ı erhamürrâhimîn'e	جناب ارحم الرّاحمینه
cenâb-ı feyyâz-ı mutlak	جناب فیّاض مطلق
cenâb-ı hak	جناب حق
cenâb-ı hak'tan	جناب حقدن
cenâb-ı hakk	جناب حق
cenâb-ı hakk da	جناب حق ده
cenâb-ı hakk'a	جناب حقّه
cenâb-ı hakk'dan	جناب حقدن
cenâb-ı hakk'dır	جناب حقدر
cenâb-ı hakk'tan	جناب حقدن
cenâb-ı hakk'ı	جناب حقّی
cenâb-ı hakk'ın	جناب حقّڭ
cenâb-ı hakîm-i rahîm	جناب حكیم رحیم
cenâb-ı kibriyâ	جناب كبریا
cenâb-ı kādir-i mutlak	جناب قادر مطلق
cenâb-ı lemyezel	جناب لم یزل
cenâb-ı vâcibü'l-vücûd	جناب واجب الوجود
cenâb-ı vâcibü'l-vücûd'un	جناب واجب الوجودڭ
cereyanı da	جریانی ده
cereyânı da	جریانی ده
cesaret-i ilmiye	جسارت علمیّه
cesâret-i ilmiye	جسارت علمیّه
cevab-ı kat'i	جواب قطعی
cevab-ı red	جواب رد
cevab-ı savab	جواب صواب
cevabdır ki	جوابدركه
cevahir-i aliye	جواهر عالیه
cevahir-i galiyeyi	جواهر غالیهیی
cevamiü'l-kelim	جوامع الكلم
cevher-i ferd	جوهر فرد
cevher-i ruhunda	جوهر روحنده
cevher-i rûhunda	جوهر روحنده
cevher-i tevhide	جوهر توحیده
cevher-i tevhîde	جوهر توحیده
cevv-i feza	جوّ فضا
cevv-i fezadaki	جوّ فضادهكی
cevv-i fezâ	جوّ فضا
cevv-i fezâdaki	جوّ فضادهكی
cevv-i hava	جوّ هوا
cevv-i havada	جوّ هواده
cevv-i havayı	جوّ هوایی
cevv-i sema	جوّ سما
cevv-i semada	جوّ سماده
cevv-i semâ	جوّ سما
cevv-i semâda	جوّ سماده
cevvad-ı mutlak'ın	جوّاد مطلقڭ
cevvâd-ı mutlak'ın	جوّاد مطلقڭ
cevâb-ı kat'î	جواب قطعی
cevâb-ı red	جواب رد
cevâb-ı savâb	جواب صواب
cevâhir-i gāliyeyi	جواهر غالیهیی
cevâhir-i âliye	جواهر عالیه
cevâmiü'l-kelim	جوامع الكلم
cevşenü'l-kebir	جوشن الكبیر
cevşenü'l-kebir'den	جوشن الكبیردن
cevşenü'l-kebir'i	جوشن الكبیری
cevşenü'l-kebir'in	جوشن الكبیرڭ
cevşenü'l-kebîr	جوشن الكبیر
cevşenü'l-kebîr'den	جوشن الكبیردن
cevşenü'l-kebîr'i	جوشن الكبیری
cevşenü'l-kebîr'in	جوشن الكبیرڭ
ceza-yı amel	جزای عمل
ceza-yı ameldir	جزای عملدر
cezalet-i nazmidir	جزالت نظمیدر
cezası da	جزاسی ده
cezasını da	جزاسنی ده
ceziretü'l-arab	جزیرة العرب
ceziretü'l-arab'a	جزیرة العربه
ceziretü'l-arab'da	جزیرة العربده
ceziretü'l-arab'ı	جزیرة العربی
cezâ-yı amel	جزای عمل
cezâ-yı ameldir	جزای عملدر
cezâlet-i nazmîdir	جزالت نظمیدر
cezâsı da	جزاسی ده
cezâsını da	جزاسنی ده
cezîretü'l-arab	جزیرة العرب
cezîretü'l-arab'a	جزیرة العربه
cezîretü'l-arab'da	جزیرة العربده
cezîretü'l-arab'ı	جزیرة العربی
cihad-ı dini	جهاد دینی
cihad-ı ma'nevi	جهاد معنوی
cihad-ı ma'neviden	جهاد معنویدن
cihan harbi	جهان حربی
cihan-abad'a	جهان آباده
cihan-değer	جهان دكر
cihan-âbâd'a	جهان آباده
cihat-ı sitte	جهات ستّه
cihat-ı sitteden	جهات ستهدن
cihat-ı sittesi	جهات ستّهسی
cihazat-ı bedeniyesiyle	جهازات بدنیّهسیله
cihazat-ı harbiye	جهازات حربیّه
cihazat-ı insaniyenin	جهازات انسانیّهنڭ
cihazat-ı insaniyeyi	جهازات انسانیهیی
cihazat-ı ma'neviyesi	جهازات معنویهسی
cihazat-ı muharribesini	جهازات مخربهسنی
cihet-i imkanı	جهت امكانی
cihet-i imkânı	جهت امكانی
cihet-i irtibat	جهت ارتباط
cihet-i irtibatına	جهت ارتباطنه
cihet-i irtibât	جهت ارتباط
cihet-i irtibâtına	جهت ارتباطنه
cihet-i tercihi	جهت ترجیحی
cihet-i tercîhi	جهت ترجیحی
ciheti de	جهتی ده
ciheti ki	جهتیكه
cihetinde de	جهتنده ده
cihetiyle de	جهتیله ده
cihetle de	جهتله ده
cihetler de	جهتلر ده
cihette de	جهتده ده
cihetten de	جهتدن ده
cihetü'l-vahdeti	جهت الوحدتی
cihetü'l-vahdetini	جهت الوحدتنی
cihetü'l-vahdetiyle	جهت الوحدتیله
cihâd-ı dînî	جهاد دینی
cihâd-ı ma'nevî	جهاد معنوی
cihâd-ı ma'nevîden	جهاد معنویدن
cihân harbi	جهان حربی
cihân-değer	جهان دكر
cihât-ı sitte	جهات ستّه
cihât-ı sitteden	جهات ستهدن
cihât-ı sittesi	جهات ستّهسی
cihâzât-ı bedeniyesiyle	جهازات بدنیّهسیله
cihâzât-ı harbiye	جهازات حربیّه
cihâzât-ı insaniyenin	جهازات انسانیّهنڭ
cihâzât-ı insaniyeyi	جهازات انسانیهیی
cihâzât-ı ma'neviyesi	جهازات معنویهسی
cihâzât-ı muharribesini	جهازات مخربهسنی
cilve-i a'zamı	جلوهٔ اعظمی
cilve-i a'zamına	جلوهٔ اعظمنه
cilve-i a'zamından	جلوهٔ اعظمندن
cilve-i a'zamını	جلوهٔ اعظمنی
cilve-i cemali	جلوهٔ جمالی
cilve-i cemâli	جلوهٔ جمالی
cilve-i ehadiyet	جلوهٔ احدیت
cilve-i esma	جلوهٔ اسما
cilve-i esma-yı ilahiyeyi	جلوهٔ اسمای الهیّهیی
cilve-i esmasına	جلوهٔ اسماسنه
cilve-i esmasını	جلوهٔ اسماسنی
cilve-i esmayı	جلوهٔ اسمایی
cilve-i esmâ	جلوهٔ اسما
cilve-i esmâ-yı ilâhiyeyi	جلوهٔ اسمای الهیّهیی
cilve-i esmâsına	جلوهٔ اسماسنه
cilve-i esmâsını	جلوهٔ اسماسنی
cilve-i esmâyı	جلوهٔ اسمایی
cilve-i etemmi	جلوهٔ اتمّی
cilve-i hayatı	جلوهٔ حیاتی
cilve-i in'ikasını	جلوهٔ انعكاسنی
cilve-i in'ikâsını	جلوهٔ انعكاسنی
cilve-i inayet	جلوهٔ عنایت
cilve-i inâyet	جلوهٔ عنایت
cilve-i irade	جلوهٔ اراده
cilve-i irâde	جلوهٔ اراده
cilve-i kudret-i rabbaniye	جلوهٔ قدرت ربّانیه
cilve-i kudret-i rabbâniye	جلوهٔ قدرت ربّانیه
cilve-i kudretiyle	جلوهٔ قدرتیله
cilve-i merhametlerinden	جلوهٔ مرحمتلرندن
cilve-i rahmet	جلوهٔ رحمت
cilve-i rahmet-i alem	جلوهٔ رحمت عالم
cilve-i rahmet-i âlem	جلوهٔ رحمت عالم
cilve-i rahmeti	جلوهٔ رحمتی
cilve-i rahmetin	جلوهٔ رحمتڭ
cilve-i rahmetiyle	جلوهٔ رحمتیله
cilve-i vahdaniyeti	جلوهٔ وحدانیتی
cilve-i vahdâniyeti	جلوهٔ وحدانیتی
cilve-i zatiyesi	جلوهٔ ذاتیهسی
cilve-i zâtiyesi	جلوهٔ ذاتیهسی
cinayet-i ammeye	جنایت عامّهیه
cinayet-i mutlakadır	جنایت مطلقهدر
cinnet-i muvakkate	جنّت موقّته
cins-i hayvanatın	جنس حیواناتڭ
cins-i hayvânâtın	جنس حیواناتڭ
cins-i latif	جنس لطیف
cins-i latîf	جنس لطیف
cinâyet-i mutlakadır	جنایت مطلقهدر
cinâyet-i âmmeye	جنایت عامّهیه
cism-i insani	جسم انسانی
cism-i insanî	جسم انسانی
cismi de	جسمی ده
cismimin de	جسممڭ ده
cud-u mutlak	جود مطلق
cumhur-u avam	جمهور عوام
cumhur-u nasa	جمهور ناسه
cumhûr-u avâm	جمهور عوام
cumhûr-u nâsa	جمهور ناسه
cuş u huruşa	جوش و خروشه
cuş u huruşla	جوش و خروشله
câhil de	جاهل ده
câizdir ki	جائزدركه
câmi'-i emevî'deki	جامع امویدهكی
câmi'-i kebîr	جامع كبیر
câmiiyet-i hârikadır	جامعیت خارقهدر
câmiiyet-i pür-şânı	جامعیت پرشانی
câmiü'l-esmâ	جامع الاسما
câmiü'l-ezher	جامع الازهر
câmiü'l-ezher'e	جامع الازهره
câmiü'l-ezher'i	جامع الازهری
câmiü'l-ezher'in	جامع الازهرڭ
cân u gönülden	جان و كوڭلدن
cây-ı dikkat	جای دقّت
cây-ı dikkattir	جای دقّتدر
cây-ı dikkattir ki	جای دقّتدركه
cây-ı hayret	جای حیرت
cây-ı hayrettir ki	جای حیرتدركه
cây-ı kabûl	جای قبول
câzibe-i umûmiye	جاذبهٔ عمومیه
câzibe-i umûmiyenin	جاذبهٔ عمومیهنڭ
cûd-u mutlak	جود مطلق
cûş u hurûşa	جوش و خروشه
cûş u hurûşla	جوش و خروشله
cümle de	جمله ده
cümle-i aleviyenin	جملهٔ علویهنڭ
cümle-i ismiye	جملهٔ اسمیه
cümle-i kudsiyesi	جملهٔ قدسیهسی
cümle-i tevhidiyenin	جملهٔ توحیدیهنڭ
cümle-i tevhidiyeyi	جملهٔ توحیدیهیی
cümle-i tevhîdiyenin	جملهٔ توحیدیهنڭ
cümle-i tevhîdiyeyi	جملهٔ توحیدیهیی
cümud-u mutlak	جمود مطلق
cümûd-u mutlak	جمود مطلق
cüz'-i ihtiyari	جزء اختیاری
cüz'-i ihtiyariden	جزء اختیاریدن
cüz'-i ihtiyarinin	جزء اختیارینڭ
cüz'-i ihtiyarisiyle	جزؤ اختیاریسیله
cüz'-i ihtiyariye	جزء اختیاری یه
cüz'-i ihtiyariyi	جزء اختیاری یی
cüz'-i ihtiyariyle	جزؤ اختیاریله
cüz'-i ihtiyarıyla	جزء اختیاریله
cüz'-i ihtiyârî	جزء اختیاری
cüz'-i ihtiyârîden	جزء اختیاریدن
cüz'-i ihtiyârînin	جزء اختیارینڭ
cüz'-i ihtiyârîsiyle	جزؤ اختیاریسیله
cüz'-i ihtiyârîye	جزء اختیاری یه
cüz'-i ihtiyârîyi	جزء اختیاری یی
cüz'-i ihtiyârîyle	جزؤ اختیاریله
cüz'-i ihtiyârıyla	جزء اختیاریله
cüz'-i layetecezza	جزء لایتجزّا
cüz'-i lâyetecezzâ	جزء لایتجزّا
cüz'i-külli	جزئی كلّی
cüz'î-küllî	جزئی كلّی
da'va da	دعوا ده
da'va vekili	دعوا وكیلی
da'va-yı nübüvvet	دعوای نبوت
da'va-yı nübüvvete	دعوای نبوته
da'vaları da	دعوالری ده
da'vâ da	دعوا ده
da'vâ vekîli	دعوا وكیلی
da'vâ-yı nübüvvet	دعوای نبوت
da'vâ-yı nübüvvete	دعوای نبوته
da'vâları da	دعوالری ده
dabbetü'l-arz	دابّة الارض
dabbetü'l-arzın	دابّة الارضڭ
daha da	داها ده
daha mı	داهامی
dahi-i a'zam	داهئ اعظم
dahiliye vekili	داخلیه وكیلی
dahiliye vekili'ni	داخلیه وكیلنی
dahiye-i hilkat	داهیهٔ خلقت
daima da	دائما ده
dairdir ki	دائردركه
daire-i a'zamında	دائرهٔ اعظمنده
daire-i afakında	دائرهٔ آفاقنده
daire-i akıldan	دائرهٔ عقلدن
daire-i azime	دائرهٔ عظیمه
daire-i azimenin	دائرهٔ عظیمهنڭ
daire-i esbab	دائرهٔ اسباب
daire-i esbaba	دائرهٔ اسبابه
daire-i esbabdan	دائرهٔ اسبابدن
daire-i hakimiyetinde	دائرهٔ حاكمیّتنده
daire-i harimine	دائرهٔ حریمنه
daire-i hayatı	دائرهٔ حیاتی
daire-i hayatına	دائرهٔ حیاتنه
daire-i huzuruna	دائرهٔ حضورینه
daire-i ilim	دائرهٔ علم
daire-i ilme	دائرهٔ علمه
daire-i ilminden	دائرهٔ علمندن
daire-i imkan	دائرهٔ امكان
daire-i imkanda	دائرهٔ امكانده
daire-i imkandan	دائرهٔ امكاندن
daire-i islamiyede	دائرهٔ اسلامیّهده
daire-i islamiyet	دائرهٔ اسلامیت
daire-i islamiyet'e	دائرهٔ اسلامیته
daire-i islamiyete	دائرهٔ اسلامیته
daire-i kesretin	دائرهٔ كثرتڭ
daire-i kudretten	دائرهٔ قدرتدن
daire-i kudsiyesine	دائرهٔ قدسیهسنه
daire-i kübrasında	دائرهٔ كبراسنده
daire-i külliyesinde	دائرهٔ كلّیهسنده
daire-i memleketinde	دائرهٔ مملكتنده
daire-i muhita	دائرهٔ محیطه
daire-i mümkinat	دائرهٔ ممكنات
daire-i mümkinatta	دائرهٔ ممكناتده
daire-i mümkinatı	دائرهٔ ممكناتی
daire-i nura	دائرهٔ نوره
daire-i nurda	دائرهٔ نورده
daire-i nuriye	دائرهٔ نوریه
daire-i rahmetine	دائرهٔ رحمتنه
daire-i siyasiye	دائرهٔ سیاسیه
daire-i tedbir	دائرهٔ تدبیر
daire-i ufka	دائرهٔ افقه
daire-i vücub	دائرهٔ وجوب
daire-i vücuba	دائرهٔ وجوبه
daire-i vücud	دائرهٔ وجود
daire-i vücudda	دائرهٔ وجودده
daire-i vücudun	دائرهٔ وجودڭ
daire-i zikrin	دائرهٔ ذكرڭ
dairede de	دائرهده ده
dalalet-alud	ضلالت آلود
dalalet-i fenniye	ضلالت فنّیه
dalalet-i mutlakadan	ضلالت مطلقهدن
dalalet-i mutlakaya	ضلالت مطلقهیه
dalalet-pişe	ضلالت پیشه
dalaleti de	ضلالتی ده
dalâlet-i fenniye	ضلالت فنّیه
dalâlet-i mutlakadan	ضلالت مطلقهدن
dalâlet-i mutlakaya	ضلالت مطلقهیه
dalâlet-pîşe	ضلالت پیشه
dalâlet-âlûd	ضلالت آلود
dalâleti de	ضلالتی ده
dane-i hakikat	دانهٔ حقیقت
dar-ı ahiret	دار آخرت
dar-ı ahirete	دار آخرته
dar-ı ahireti	دار آخرتی
dar-ı ahiretin	دار آخرتڭ
dar-ı ahirette	دار آخرتده
dar-ı ahiretteki	دار آخرتدهكی
dar-ı bakiye	دار باقی یه
dar-ı bekada	دار بقاده
dar-ı bekaya	دار بقایه
dar-ı dünya	دار دنیا
dar-ı dünyada	دار دنیاده
dar-ı dünyayı	دار دنیایی
dar-ı faniden	دار فانیدن
dar-ı imtihan	دار امتحان
dar-ı imtihanda	دار امتحانده
dar-ı imtihanın	دار امتحانڭ
dar-ı mücazat	دار مجازات
dar-ı mükafat	دار مكافات
dar-ı saadet	دار سعادت
dar-ı saadete	دار سعادته
dar-ı saadeti	دار سعادتی
dar-ı saadetin	دار سعادتڭ
dar-ı saadette	دار سعادتده
dar-ı ziyafet	دار ضیافت
darb-ı mesel	ضرب مثل
darb-ı meselde	ضرب مثلده
dardır ki	طاردركه
daru'l-fünun	دار الفنون
daru'l-fünunuma	دار الفنونمه
daru'l-hikmet	دار الحكمت
daru'l-hikmet'de	دار الحكمتده
daru'l-hikmet'te	دار الحكمتده
daru'l-hikmeti'l-islamiye	دار الحكمت الاسلامیه
daru'l-hikmeti'l-islamiye'de	دار الحكمة الاسلامیّهده
daru'l-hizmettir	دار الخدمتدر
darü'l-fünun	دار الفنون
darü'l-fünun'a	دار الفنونه
darü'l-fünun'u	دار الفنونی
darü'l-fünun'un	دار الفنونڭ
darü'l-fünun'una	دار الفنوننه
darü'l-fünun'unun	دار الفنوننڭ
darü'l-hikmet	دار الحكمت
darü'l-hikmet'te	دار الحكمتده
darü'l-hikmetü'l-islamiye	دار الحكمة الاسلامیه
dayanır ki	طایانیركه
dağdağa-i kalbi	دغدغهٔ قلبی
dağdağa-i kalbî	دغدغهٔ قلبی
de ki	دیكه
deccal'ı da	دجّالی ده
deccâl'ı da	دجّالی ده
dedi ki	دیدیكه
dedik ki	دیدككه
dediler ki	دیدیلركه
dedim ki	دیدمكه
def'a da	دفعه ده
definedir ki	دفینهدركه
defter-i a'maline	دفتر اعمالنه
defter-i a'malinin	دفتر اعمالنڭ
defter-i a'malinize	دفتر اعمالڭزه
defter-i a'malleri	دفتر اعماللری
defter-i a'mallerine	دفتر اعماللرینه
defter-i a'mallerini	دفتر اعماللرینی
defter-i a'mâline	دفتر اعمالنه
defter-i a'mâlinin	دفتر اعمالنڭ
defter-i a'mâlinize	دفتر اعمالڭزه
defter-i a'mâlleri	دفتر اعماللری
defter-i a'mâllerine	دفتر اعماللرینه
defter-i a'mâllerini	دفتر اعماللرینی
defter-i ekberi	دفتر اكبری
defter-i hasenatlarına	دفتر حسناتلرینه
defter-i hasenatına	دفتر حسناتنه
defter-i hasenâtlarına	دفتر حسناتلرینه
defter-i hasenâtına	دفتر حسناتنه
defter-i iltifatat-ı rahmaniyedir	دفتر التفاتات رحمانیهدر
defter-i iltifâtât-ı rahmâniyedir	دفتر التفاتات رحمانیهدر
defterdir ki	دفتردركه
deha-yı fenni	دهای فنّی
dehâ-yı fennî	دهای فنّی
dehşet-engiz	دهشت انكیز
dehşet-engîz	دهشت انكیز
dehşet-i mutlaka	دهشت مطلقه
dekaik-i ni'met	دقائق نعمت
dekaik-i san'at	دقائق صنعت
dekaik-i şefkat	دقائق شفقت
dekāik-i ni'met	دقائق نعمت
dekāik-i san'at	دقائق صنعت
dekāik-i şefkat	دقائق شفقت
delail-i akliye	دلائل عقلیه
delail-i kat'iye	دلائل قطعیه
delail-i nübüvveti	دلائل نبوّتی
delail-i nübüvvetiyle	دلائل نبوّتیله
delail-i nübüvvettir	دلائل نبوّتدر
delail-i vahdaniyeti	دلائل وحدانیتی
delalet-i iltizamiye	دلالت التزامیه
delil de	دلیل ده
delil-i inayet	دلیل عنایت
delil-i kat'i	دلیل قطعی
delil-i nakli	دلیل نقلی
delil-i sadık	دلیل صادق
delil-i vahdaniyet	دلیل وحدانیت
delil-i vahdaniyeti	دلیل وحدانیّتی
delildir ki	دلیلدركه
delili de	دلیلی ده
delilimiz de	دلیلمز ده
delilsiz de	دلیلسز ده
dellal-ı kur'an	دلّال قرآن
dellal-ı kur'anın	دلّال قرآنڭ
dellal-ı saltanatın	دلّال سلطنتڭ
dellâl-ı kur'ân	دلّال قرآن
dellâl-ı kur'ânın	دلّال قرآنڭ
dellâl-ı saltanatın	دلّال سلطنتڭ
delâil-i akliye	دلائل عقلیه
delâil-i kat'iye	دلائل قطعیه
delâil-i nübüvveti	دلائل نبوّتی
delâil-i nübüvvetiyle	دلائل نبوّتیله
delâil-i nübüvvettir	دلائل نبوّتدر
delâil-i vahdâniyeti	دلائل وحدانیتی
delâlet-i iltizâmiye	دلالت التزامیه
delîl de	دلیل ده
delîl-i inâyet	دلیل عنایت
delîl-i kat'î	دلیل قطعی
delîl-i naklî	دلیل نقلی
delîl-i sâdık	دلیل صادق
delîl-i vahdâniyet	دلیل وحدانیت
delîl-i vahdâniyeti	دلیل وحدانیّتی
delîldir ki	دلیلدركه
delîli de	دلیلی ده
dem ki	دمكه
deme ki	دیمهكه
demek ki	دیمككه
demeli ki	دیمهلیكه
dememişiz ki	دیمهمشزكه
demiyoruz ki	دیمهیورزكه
demiş ki	دیمشكه
demişler ki	دیمشلركه
demiştim ki	دیمشدمكه
demiştir ki	دیمشدركه
denildi ki	دینیلدیكه
denilebilir ki	دینیلهبیلیركه
denilebilir mi	دینیلهبیلیرمی
denilir ki	دینیلیركه
denilir mi	دینیلیرمی
deniliyor ki	دینیلییوركه
denilmiş ki	دینیلمشكه
denilmiştir ki	دینیلمشدركه
denilse ki	دینیلسهكه
denizli hapishanesi'nde	دڭزلی حپسخانهسنده
denizli hapishânesi'nde	دڭزلی حپسخانهسنده
denizli hapsinde	دڭزلی حپسنده
denizli hapsinden	دڭزلی حپسندن
denizli hapsinin	دڭزلی حپسنڭ
denizli husrev'i	دڭزلی خسروی
denizli mahkemesi	دڭزلی محكمهسی
denizli mahkemesi'ni	دڭزلی محكمهسنی
der ki	دیركه
derd-i maişet	درد معیشت
derd-i maişete	درد معیشته
derd-i maişetin	درد معیشتڭ
derd-i maişetle	درد معیشتله
derd-i maîşet	درد معیشت
derd-i maîşete	درد معیشته
derd-i maîşetin	درد معیشتڭ
derd-i maîşetle	درد معیشتله
derdim ki	دیردمكه
derecat-ı meratib	درجات مراتب
derece de	درجه ده
derece-i azametine	درجهٔ عظمتنه
derece-i azametini	درجهٔ عظمتنی
derece-i bedahette	درجهٔ بداهتده
derece-i bedâhette	درجهٔ بداهتده
derece-i belagati	درجهٔ بلاغتی
derece-i belagatini	درجهٔ بلاغتنی
derece-i belâgati	درجهٔ بلاغتی
derece-i belâgatini	درجهٔ بلاغتنی
derece-i fehmine	درجهٔ فهمنه
derece-i garabet	درجهٔ غرابت
derece-i garâbet	درجهٔ غرابت
derece-i hakkaniyet	درجهٔ حقّانیت
derece-i hakkāniyet	درجهٔ حقّانیت
derece-i hararet	درجهٔ حرارت
derece-i harâret	درجهٔ حرارت
derece-i hayatına	درجهٔ حیاتنه
derece-i haşmetine	درجهٔ حشمتنه
derece-i haşmetini	درجهٔ حشمتنی
derece-i i'caza	درجهٔ اعجازه
derece-i i'cazına	درجهٔ اعجازینه
derece-i i'câza	درجهٔ اعجازه
derece-i i'câzına	درجهٔ اعجازینه
derece-i isti'dad	درجهٔ استعداد
derece-i isti'dâd	درجهٔ استعداد
derece-i kemalde	درجهٔ كمالده
derece-i kemâlde	درجهٔ كمالده
derece-i ni'met	درجهٔ نعمت
derece-i sadakat	درجهٔ صداقت
derece-i sadâkat	درجهٔ صداقت
derece-i tavsife	درجهٔ توصیفه
derece-i tavsîfe	درجهٔ توصیفه
derece-i velayete	درجهٔ ولایته
derece-i velâyete	درجهٔ ولایته
derecesidir ki	درجهسیدركه
derecât-ı merâtib	درجات مراتب
dergah-ı ilahi'ye	دركاه الهی یه
dergah-ı ilahide	دركاه الهیده
dergah-ı ilahiyeye	دركاه الهیّهیه
dergah-ı izzetine	دركاه عزّتنه
dergah-ı rahmetinde	دركاه رحمتڭده
dergah-ı rahmetine	دركاه رحمتڭه
dergah-ı uluhiyete	دركاه الوهیّته
dergâh-ı ilâhiyeye	دركاه الهیّهیه
dergâh-ı ilâhî'ye	دركاه الهی یه
dergâh-ı ilâhîde	دركاه الهیده
dergâh-ı izzetine	دركاه عزّتنه
dergâh-ı rahmetinde	دركاه رحمتڭده
dergâh-ı rahmetine	دركاه رحمتڭه
dergâh-ı ulûhiyete	دركاه الوهیّته
derim ki	دیرمكه
deriz ki	دیرزكه
derler ki	دیرلركه
ders de	درس ده
ders-i hakikat	درس حقیقت
ders-i hakîkat	درس حقیقت
ders-i hikmet	درس حكمت
ders-i ibret	درس عبرت
ders-i ikaz	درس ایقاظ
ders-i imani	درس ایمانی
ders-i kur'an'da	درس قرآنده
ders-i kur'an'ın	درس قرآنڭ
ders-i kur'ani'yi	درس قرآنی یی
ders-i kur'ân'da	درس قرآنده
ders-i kur'ân'ın	درس قرآنڭ
ders-i kur'ânî'yi	درس قرآنی یی
ders-i tevhid	درس توحید
ders-i tevhîd	درس توحید
ders-i umumide	درس عمومیده
ders-i umûmîde	درس عمومیده
ders-i îkāz	درس ایقاظ
ders-i îmânî	درس ایمانی
derseniz ki	دیرسهڭزكه
dershane-i nuriye	درسخانهٔ نوریه
dershâne-i nûriye	درسخانهٔ نوریه
dersidir ki	درسیدركه
dersiniz ki	دیرسڭزكه
derstir ki	درسدركه
desais-i şeytaniyeye	دسائس شیطانیهیه
desatir-i hikmet	دساتیر حكمت
dese ki	دیسهكه
desen ki	دیسهڭكه
desin de	دیسین ده
desise-i şeytaniye	دسیسهٔ شیطانیه
dest-i gaybi	دست غیبی
dest-i gaybî	دست غیبی
dest-i hikmet	دست حكمت
dest-i inayet	دست عنایت
dest-i inâyet	دست عنایت
dest-i kudret	دست قدرت
dest-i kudretin	دست قدرتڭ
dest-i kudretinde	دست قدرتنده
dest-i kudretinden	دست قدرتندن
dest-i kudretine	دست قدرتنه
dest-i kudretle	دست قدرتله
dest-i kudretten	دست قدرتدن
dest-i şeriflerinizi	دست شریفلریڭزی
dest-i şerîflerinizi	دست شریفلریڭزی
desâis-i şeytâniyeye	دسائس شیطانیهیه
desâtîr-i hikmet	دساتیر حكمت
desîse-i şeytâniye	دسیسهٔ شیطانیه
devam da	دوام ده
devam-ı bekası	دوام بقاسی
devam-ı kemalatları	دوام كمالاتلری
devam-ı vücudlarını	دوام وجودلرینی
deveran-ı dünya	دوران دنیا
deverân-ı dünyâ	دوران دنیا
devlet-i islamiye	دولت اسلامیه
devlet-i islamiyenin	دولت اسلامیهنڭ
devlet-i islâmiye	دولت اسلامیه
devlet-i islâmiyenin	دولت اسلامیهنڭ
devr-i mes'ud	دور مسعود
devr-i mes'ûd	دور مسعود
devâm-ı bekāsı	دوام بقاسی
devâm-ı kemâlâtları	دوام كمالاتلری
devâm-ı vücûdlarını	دوام وجودلرینی
deyiniz ki	دیییڭزكه
değil de	دكل ده
değil ki	دكلكه
değil mi	دكلمی
değil midir	دكلمیدر
değil midirler	دكلمیدرلر
değildir ki	دكلدركه
değiller mi	دكللرمی
değilse de	دكلسه ده
dikkat-i nazar	دقّت نظر
dilerim ki	دیلرمكه
din-i hak	دین حق
din-i hakikisinden	دین حقیقیسندن
din-i hakk	دین حق
din-i hakkı	دین حقّی
din-i hakkın	دین حقّڭ
din-i isevinin	دین عیسوینڭ
din-i islam	دین اسلام
din-i islam'a	دین اسلامه
din-i islam'ı	دین اسلامی
din-i islam'ın	دین اسلامڭ
din-i muhammedi	دین محمّدیؐ
din-i muhammedi'nin	دین محمّدینڭؐ
din-i mübin	دین مبین
din-i mübinin	دین مبینڭ
dindarlara da	دیندارلره ده
dindârlara da	دیندارلره ده
dinidir ki	دینیدركه
dinle de	دیڭله ده
dinle ki	دیڭلهكه
dinliyorlar ki	دیڭلهیورلركه
dinsizlere de	دینسزلره ده
dinsizleri de	دینسزلری ده
dir ki	دركه
divan-ı adalette	دیوان عدالتده
divan-ı harb	دیوان حرب
divan-ı harb-i örfi'de	دیوان حرب عرفیده
divan-ı nübüvvetin	دیوان نبوّتڭ
divan-ı riyaset'te	دیوان ریاستده
divane mi	دیوانهمی
divanedir ki	دیوانهدركه
divaneler de	دیوانهلر ده
diyanet riyaseti	دیانت ریاستی
diyanet riyaseti'ne	دیانت ریاستنه
diyanet riyaseti'nin	دیانت ریاستنڭ
diyar-ı ahar	دیار آخر
diyar-ı gurbette	دیار غربتده
diyar-ı şam'a	دیار شامه
diye ki	دییهكه
diyebilir ki	دییهبیلیركه
diyebilir mi	دییهبیلیرمی
diyebilir misin ki	دییهبیلیرمیسڭكه
diyebilirim ki	دییهبیلیرمكه
diyebiliriz ki	دییهبیلیرزكه
diyecek ki	دییهجككه
diyeceksin ki	دییهجكسڭكه
diyeceksiniz ki	دییهجكسڭزكه
diyeceğim ki	دییهجكمكه
diyor ki	دییوركه
diyordum ki	دییوردمكه
diyorlar ki	دییورلركه
diyorsun ki	دییورسڭكه
diyorsunuz ki	دییورسڭزكه
diyorum ki	دییورمكه
diyoruz ki	دییورزكه
diyânet riyâseti	دیانت ریاستی
diyânet riyâseti'ne	دیانت ریاستنه
diyânet riyâseti'nin	دیانت ریاستنڭ
diyâr-ı gurbette	دیار غربتده
diyâr-ı âhar	دیار آخر
diyâr-ı şam'a	دیار شامه
diğeri de	دیكری ده
doksan dokuz	طقسان طقوز
doksan yedi	طقسان یدی
doksan üç	طقسان اوچ
doktor duzi'nin	دوقتور دوزینڭ
doktor duzî'nin	دوقتور دوزینڭ
doktor moris	دوقتور موریس
dokundu ki	طوقوندیكه
dokuz yüz	طقوز یوز
dokuz yüz doksan	طقوز یوز طقسان
dokuz yüz doksan dokuz	طقوز یوز طقسان طقوز
dokuz yüz doksan sekiz	طوقوز یوز طقسان سكز
dokuz yüz doksan sekize	طوقوز یوز طقسان سكزه
dokuz yüz kırk yedi	طقوز یوز قرق یدی
dokuz-on	طقوز اون
dolayıdır ki	طولاییدركه
dolayısıyla da	طولاییسیله ده
dost mu	دوستمی
dostları da	دوستلری ده
dostlarımın ki	دوستلریمڭكه
dostlarını da	دوستلرینی ده
doğru da	طوغری ده
dua-yı ma'nevi	دعای معنوی
dua-yı nebevinin	دعای نبوینڭ
dua-yı rahmet	دعای رحمت
dua-yı üstadaneleriyle	دعای استادانهلریله
durub-u emsal	ضروب امثال
durûb-u emsâl	ضروب امثال
duâ-yı ma'nevî	دعای معنوی
duâ-yı nebevînin	دعای نبوینڭ
duâ-yı rahmet	دعای رحمت
duâ-yı üstâdâneleriyle	دعای استادانهلریله
dâbbetü'l-arz	دابّة الارض
dâbbetü'l-arzın	دابّة الارضڭ
dâhiliye vekîli	داخلیه وكیلی
dâhiliye vekîli'ni	داخلیه وكیلنی
dâhiye-i hilkat	داهیهٔ خلقت
dâhî-i a'zam	داهئ اعظم
dâimâ da	دائما ده
dâirdir ki	دائردركه
dâire-i a'zamında	دائرهٔ اعظمنده
dâire-i akıldan	دائرهٔ عقلدن
dâire-i azîme	دائرهٔ عظیمه
dâire-i azîmenin	دائرهٔ عظیمهنڭ
dâire-i esbâb	دائرهٔ اسباب
dâire-i esbâba	دائرهٔ اسبابه
dâire-i esbâbdan	دائرهٔ اسبابدن
dâire-i harîmine	دائرهٔ حریمنه
dâire-i hayatı	دائرهٔ حیاتی
dâire-i hayatına	دائرهٔ حیاتنه
dâire-i huzûruna	دائرهٔ حضورینه
dâire-i hâkimiyetinde	دائرهٔ حاكمیّتنده
dâire-i ilim	دائرهٔ علم
dâire-i ilme	دائرهٔ علمه
dâire-i ilminden	دائرهٔ علمندن
dâire-i imkân	دائرهٔ امكان
dâire-i imkânda	دائرهٔ امكانده
dâire-i imkândan	دائرهٔ امكاندن
dâire-i islâmiyede	دائرهٔ اسلامیّهده
dâire-i islâmiyet	دائرهٔ اسلامیت
dâire-i islâmiyet'e	دائرهٔ اسلامیته
dâire-i islâmiyete	دائرهٔ اسلامیته
dâire-i kesretin	دائرهٔ كثرتڭ
dâire-i kudretten	دائرهٔ قدرتدن
dâire-i kudsiyesine	دائرهٔ قدسیهسنه
dâire-i kübrâsında	دائرهٔ كبراسنده
dâire-i külliyesinde	دائرهٔ كلّیهسنده
dâire-i memleketinde	دائرهٔ مملكتنده
dâire-i muhîta	دائرهٔ محیطه
dâire-i mümkinât	دائرهٔ ممكنات
dâire-i mümkinâtta	دائرهٔ ممكناتده
dâire-i mümkinâtı	دائرهٔ ممكناتی
dâire-i nûra	دائرهٔ نوره
dâire-i nûrda	دائرهٔ نورده
dâire-i nûriye	دائرهٔ نوریه
dâire-i rahmetine	دائرهٔ رحمتنه
dâire-i siyâsiye	دائرهٔ سیاسیه
dâire-i tedbîr	دائرهٔ تدبیر
dâire-i ufka	دائرهٔ افقه
dâire-i vücûb	دائرهٔ وجوب
dâire-i vücûba	دائرهٔ وجوبه
dâire-i vücûd	دائرهٔ وجود
dâire-i vücûdda	دائرهٔ وجودده
dâire-i vücûdun	دائرهٔ وجودڭ
dâire-i zikrin	دائرهٔ ذكرڭ
dâire-i âfâkında	دائرهٔ آفاقنده
dâirede de	دائرهده ده
dâne-i hakîkat	دانهٔ حقیقت
dâr-ı bekāda	دار بقاده
dâr-ı bekāya	دار بقایه
dâr-ı bâkîye	دار باقی یه
dâr-ı dünyâ	دار دنیا
dâr-ı dünyâda	دار دنیاده
dâr-ı dünyâyı	دار دنیایی
dâr-ı fânîden	دار فانیدن
dâr-ı imtihân	دار امتحان
dâr-ı imtihânda	دار امتحانده
dâr-ı imtihânın	دار امتحانڭ
dâr-ı mücâzât	دار مجازات
dâr-ı mükâfât	دار مكافات
dâr-ı saadet	دار سعادت
dâr-ı saadeti	دار سعادتی
dâr-ı saadetin	دار سعادتڭ
dâr-ı saadette	دار سعادتده
dâr-ı saâdete	دار سعادته
dâr-ı ziyâfet	دار ضیافت
dâr-ı âhiret	دار آخرت
dâr-ı âhirete	دار آخرته
dâr-ı âhireti	دار آخرتی
dâr-ı âhiretin	دار آخرتڭ
dâr-ı âhirette	دار آخرتده
dâr-ı âhiretteki	دار آخرتدهكی
dâru'l-fünûn	دار الفنون
dâru'l-fünûnuma	دار الفنونمه
dâru'l-hikmet	دار الحكمت
dâru'l-hikmet'de	دار الحكمتده
dâru'l-hikmet'te	دار الحكمتده
dâru'l-hikmeti'l-islâmiye	دار الحكمت الاسلامیه
dâru'l-hikmeti'l-islâmiye'de	دار الحكمة الاسلامیّهده
dâru'l-hizmettir	دار الخدمتدر
dârü'l-fünûn	دار الفنون
dârü'l-fünûn'a	دار الفنونه
dârü'l-fünûn'u	دار الفنونی
dârü'l-fünûn'un	دار الفنونڭ
dârü'l-fünûn'una	دار الفنوننه
dârü'l-fünûn'unun	دار الفنوننڭ
dârü'l-hikmet	دار الحكمت
dârü'l-hikmet'te	دار الحكمتده
dârü'l-hikmetü'l-islâmiye	دار الحكمة الاسلامیه
dîn-i hak	دین حق
dîn-i hakk	دین حق
dîn-i hakkı	دین حقّی
dîn-i hakkın	دین حقّڭ
dîn-i hakîkîsinden	دین حقیقیسندن
dîn-i islâm	دین اسلام
dîn-i islâm'a	دین اسلامه
dîn-i islâm'ı	دین اسلامی
dîn-i islâm'ın	دین اسلامڭ
dîn-i muhammedî	دین محمّدیؐ
dîn-i muhammedî'nin	دین محمّدینڭؐ
dîn-i mübîn	دین مبین
dîn-i mübînin	دین مبینڭ
dîn-i îsevînin	دین عیسوینڭ
dîvân-ı adâlette	دیوان عدالتده
dîvân-ı harb	دیوان حرب
dîvân-ı harb-i örfî'de	دیوان حرب عرفیده
dîvân-ı nübüvvetin	دیوان نبوّتڭ
dîvân-ı riyâset'te	دیوان ریاستده
dîvâne mi	دیوانهمی
dîvânedir ki	دیوانهدركه
dîvâneler de	دیوانهلر ده
dört yüz	درت یوز
dört-beş	درت بش
dörtbin dört yüz kırk dört	درت بیڭ درت یوز قرق درت
dükkan-ı rabbani	دكّان ربّانی
dükkân-ı rabbânî	دكّان ربّانی
dünya da	دنیا ده
dünyada da	دنیاده ده
dünyadan da	دنیادن ده
dünyanın da	دنیانڭ ده
dünyası da	دنیاسی ده
dünyayı da	دنیایی ده
dürbün ile	دوربین ایله
düstur-u adalet	دستور عدالت
düstur-u cidal	دستور جدال
düstur-u cidalin	دستور جدالڭ
düstur-u cifri	دستور جفری
düstur-u esasi	دستور اساسی
düstur-u esasileridir	دستور اساسیلریدر
düstur-u fa'aliyet	دستور فعّالیت
düstur-u hareket	دستور حركت
düstur-u hareketi	دستور حركتی
düstur-u hayatı	دستور حیاتی
düstur-u hayatım	دستور حیاتم
düstur-u hikmet	دستور حكمت
düstur-u ilahiyi	دستور الهی یی
düstur-u rahmani	دستور رحمانی
düstur-u siyasi	دستور سیاسی
düstur-u teavün	دستور تعاون
düstur-u teavünle	دستور تعاونله
düstur-u teavünü	دستور تعاونی
düstur-u teavünün	دستور تعاونڭ
düstur-u umumi	دستور عمومی
düstur-u şeytani	دستور شیطانی
düsturlarındandır ki	دستورلرندندركه
düsturu ile	دستوری ایله
düstûr-u adâlet	دستور عدالت
düstûr-u cidâl	دستور جدال
düstûr-u cidâlin	دستور جدالڭ
düstûr-u cifrî	دستور جفری
düstûr-u esâsî	دستور اساسی
düstûr-u esâsîleridir	دستور اساسیلریدر
düstûr-u fa'âliyet	دستور فعّالیت
düstûr-u hareket	دستور حركت
düstûr-u hareketi	دستور حركتی
düstûr-u hayatı	دستور حیاتی
düstûr-u hayatım	دستور حیاتم
düstûr-u hikmet	دستور حكمت
düstûr-u ilâhîyi	دستور الهی یی
düstûr-u rahmânî	دستور رحمانی
düstûr-u siyâsî	دستور سیاسی
düstûr-u teâvün	دستور تعاون
düstûr-u teâvünle	دستور تعاونله
düstûr-u teâvünü	دستور تعاونی
düstûr-u teâvünün	دستور تعاونڭ
düstûr-u umûmî	دستور عمومی
düstûr-u şeytânî	دستور شیطانی
düstûrlarındandır ki	دستورلرندندركه
düstûru ile	دستوری ایله
düşman mı	دوشمانمی
düşmanlar da	دوشمانلر ده
düşmanlarına da	دوشمانلرینه ده
düşmez mi	دوشمزمی
düşmüş ki	دوشمشكه
düşün ki	دوشونكه
düşündüm ki	دوشوندمكه
düşünmeli ki	دوشونمهلیكه
düşünsün ki	دوشونسونكه
eazım-ı islamiyenin	اعاظم اسلامیهنڭ
ebedü'l-abad	ابد الآباد
ebedü'l-abada	ابد الآباده
ebedü'l-abadda	ابد الآبادده
ebedü'l-âbâd	ابد الآباد
ebedü'l-âbâda	ابد الآباده
ebedü'l-âbâdda	ابد الآبادده
ebna-yı cinsiyle	ابنای جنسیله
ebnâ-yı cinsiyle	ابنای جنسیله
ebu bekir	ابو بكر
ebu bekirler	ابو بكرلرؓ
ebu bekri's-sıddik	ابو بكر الصّدیق
ebu cehil	ابو جهل
ebu cehil'in	ابو جهلڭ
ebu cehiller	ابو جهللر
ebu cehilleri	ابو جهللری
ebu davud	ابو داود
ebu hanife	ابو حنیفه
ebu hüreyre	ابو هریره
ebu nuaym	ابو نعیم
ebu süfyan	ابو سفیان
ebu talib	ابو طالب
ebu talib'in	ابو طالبڭ
ebû bekir	ابو بكر
ebû bekirler	ابو بكرلرؓ
ebû bekri's-sıddîk	ابو بكر الصّدیق
ebû cehil	ابو جهل
ebû cehil'in	ابو جهلڭ
ebû cehiller	ابو جهللر
ebû cehilleri	ابو جهللری
ebû davud	ابو داود
ebû hanîfe	ابو حنیفه
ebû hüreyre	ابو هریره
ebû nuaym	ابو نعیم
ebû süfyân	ابو سفیان
ebû tâlib	ابو طالب
ebû tâlib'in	ابو طالبڭ
ecel-i fıtrisi	اجل فطریسی
ecel-i fıtrîsi	اجل فطریسی
ecnas-ı nebatat	اجناس نباتات
ecnâs-ı nebâtât	اجناس نباتات
ecram-ı semaviye	اجرام سماویه
ecram-ı semaviyenin	اجرام سماویهنڭ
ecram-ı semaviyeye	اجرام سماویهیه
ecram-ı semaviyeyi	اجرام سماویهیی
ecram-ı ulviye	اجرام علویه
ecram-ı ulviyeden	اجرام علویهدن
ecram-ı ulviyenin	اجرام علویهنڭ
ecram-ı ulviyeye	اجرام علویهیه
ecrâm-ı semâviye	اجرام سماویه
ecrâm-ı semâviyenin	اجرام سماویهنڭ
ecrâm-ı semâviyeye	اجرام سماویهیه
ecrâm-ı semâviyeyi	اجرام سماویهیی
ecrâm-ı ulviye	اجرام علویه
ecrâm-ı ulviyeden	اجرام علویهدن
ecrâm-ı ulviyenin	اجرام علویهنڭ
ecrâm-ı ulviyeye	اجرام علویهیه
ecza-yı asliyesini	اجزای اصلیهسنی
eczahane-i kübra-yı alemde	اجزاخانهٔ كبرای عالمده
eczahane-i kübrasında	اجزاخانهٔ كبراسنده
eczahane-i kübrasının	اجزاخانهٔ كبراسنڭ
eczahane-i rahmet-i alem	اجزاخانهٔ رحمت عالم
eczahâne-i kübrâsında	اجزاخانهٔ كبراسنده
eczaları da	اجزالری ده
eczâ-yı asliyesini	اجزای اصلیهسنی
eczâhâne-i kübrâ-yı âlemde	اجزاخانهٔ كبرای عالمده
eczâhâne-i kübrâsının	اجزاخانهٔ كبراسنڭ
eczâhâne-i rahmet-i âlem	اجزاخانهٔ رحمت عالم
eczâları da	اجزالری ده
edebilir mi	ایدهبیلیرمی
edebilir misin	ایدهبیلیرمیسڭ
edebilirim ki	ایدهبیلیرمكه
edecek ki	ایدهجككه
edeceğim ki	ایدهجكمكه
edelim ki	ایدهلمكه
eden de	ایدن ده
edenler de	ایدنلر ده
edenlere de	ایدنلره ده
eder ki	ایدركه
eder mi	ایدرمی
eder mi ki	ایدرمیكه
ederim ki	ایدرمكه
ederiz ki	ایدرزكه
ederler ki	ایدرلركه
edersin ki	ایدرسڭكه
edeyim ki	ایدهیمكه
edildi ki	ایدیلدیكه
edilebilir mi	ایدیلهبیلیرمی
edilecek midir	ایدیلهجكمیدر
edilemez ki	ایدیلهمزكه
edilir ki	ایدیلیركه
edilir mi	ایدیلیرمی
ediliyor ki	ایدیلییوركه
ediliyorlar ki	ایدیلییورلركه
edilmiş ki	ایدیلمشكه
edilmiştir ki	ایدیلمشدركه
edilsin ki	ایدیلسینكه
ediniz ki	ایدیڭزكه
edip de	ایدوب ده
ediyor ki	ایدییوركه
ediyordu ki	ایدییوردیكه
ediyorlar ki	ایدییورلركه
ediyorsunuz ki	ایدییورسڭزكه
ediyorum ki	ایدییورمكه
ediyoruz ki	ایدییورزكه
edyan-ı semaviye	ادیان سماویه
edyan-ı semaviyenin	ادیان سماویهنڭ
edyan-ı semaviyeye	ادیان سماویهیه
edyân-ı semâviye	ادیان سماویه
edyân-ı semâviyenin	ادیان سماویهنڭ
edyân-ı semâviyeye	ادیان سماویهیه
ef'al-i ihtiyariye	افعال اختیاریه
ef'al-i ihtiyariyesini	افعال اختیاریهسنی
ef'al-i ilahiyenin	افعال الهیهنڭ
ef'al-i rabbaniyenin	افعال ربّانیهنڭ
ef'alinde de	افعالنده ده
ef'âl-i ihtiyâriye	افعال اختیاریه
ef'âl-i ihtiyâriyesini	افعال اختیاریهسنی
ef'âl-i ilâhiyenin	افعال الهیهنڭ
ef'âl-i rabbâniyenin	افعال ربّانیهنڭ
ef'âlinde de	افعالنده ده
efe şükrü'nün	افه شكرینڭ
efendi de	افندی ده
efkar-ı amme	افكار عامّه
efkar-ı amme-i alem	افكار عامّهٔ عالم
efkar-ı ammede	افكار عامّهده
efkar-ı ammeye	افكار عامّهیه
efkar-ı ammeyi	افكار عامّهیی
efkar-ı siyasiyeden	افكار سیاسیهدن
efkâr-ı siyâsiyeden	افكار سیاسیهدن
efkâr-ı âmme	افكار عامّه
efkâr-ı âmme-i âlem	افكار عامّهٔ عالم
efkâr-ı âmmede	افكار عامّهده
efkâr-ı âmmeye	افكار عامّهیه
efkâr-ı âmmeyi	افكار عامّهیی
efrad-ı insaniye	افراد انسانیه
efrad-ı kesiresi	افراد كثیرهسی
efrad-ı mahsusa	افراد مخصوصه
efrâd-ı insaniye	افراد انسانیه
efrâd-ı kesîresi	افراد كثیرهسی
efrâd-ı mahsûsa	افراد مخصوصه
ehad-i samed'in	احد صمدڭ
ehadis-i nebeviyenin	احادیث نبویهنڭ
ehadis-i şerife	احادیث شریفه
ehadis-i şerifenin	احادیث شریفهنڭ
ehadiyet-i ilahiyeyi	احدیّت الهیّهیی
ehadiyet-i ilâhiyeyi	احدیّت الهیّهیی
ehadiyet-i zatiyesiyle	احدیّت ذاتیهسیله
ehadiyet-i zâtiyesiyle	احدیّت ذاتیهسیله
ehass-ı havassa	اخصّ خواصّه
ehass-ı havâssa	اخصّ خواصّه
ehl-i	اهل
ehl-i ahiret	اهل آخرت
ehl-i ahireti	اهل آخرتی
ehl-i aklın	اهل عقلڭ
ehl-i akıl	اهل عقل
ehl-i arz	اهل ارض
ehl-i aşk	اهل عشق
ehl-i aşkın	اهل عشقڭ
ehl-i belagat	اهل بلاغت
ehl-i belagatin	اهل بلاغتڭ
ehl-i belâgat	اهل بلاغت
ehl-i belâgatin	اهل بلاغتڭ
ehl-i beyt	اهل بیت
ehl-i beyt'e	اهل بیته
ehl-i beyt'in	اهل بیتڭ
ehl-i bid'a	اهل بدعه
ehl-i bid'adan	اهل بدعهدن
ehl-i bid'anın	اهل بدعهنڭ
ehl-i bid'atın	اهل بدعتڭ
ehl-i bid'aya	اهل بدعهیه
ehl-i cennet	اهل جنّت
ehl-i cennete	اهل جنّته
ehl-i cennetin	اهل جنّتڭ
ehl-i cennettir	اهل جنّتدر
ehl-i dalalet	اهل ضلالت
ehl-i dalalete	اهل ضلالته
ehl-i dalaleti	اهل ضلالتی
ehl-i dalaletin	اهل ضلالتڭ
ehl-i dalaletle	اهل ضلالتله
ehl-i dalaletten	اهل ضلالتدن
ehl-i dalâlet	اهل ضلالت
ehl-i dalâlete	اهل ضلالته
ehl-i dalâleti	اهل ضلالتی
ehl-i dalâletin	اهل ضلالتڭ
ehl-i dalâletle	اهل ضلالتله
ehl-i dalâletten	اهل ضلالتدن
ehl-i dikkat	اهل دقّت
ehl-i dikkate	اهل دقّته
ehl-i dikkati	اهل دقّتی
ehl-i din	اهل دین
ehl-i diyanet	اهل دیانت
ehl-i diyânet	اهل دیانت
ehl-i dîn	اهل دین
ehl-i dünya	اهل دنیا
ehl-i dünyadan	اهل دنیادن
ehl-i dünyanın	اهل دنیانڭ
ehl-i dünyaya	اهل دنیایه
ehl-i dünyayı	اهل دنیایی
ehl-i dünyâ	اهل دنیا
ehl-i dünyâdan	اهل دنیادن
ehl-i dünyânın	اهل دنیانڭ
ehl-i dünyâya	اهل دنیایه
ehl-i dünyâyı	اهل دنیایی
ehl-i fazl	اهل فضل
ehl-i felsefe	اهل فلسفه
ehl-i felsefenin	اهل فلسفهنڭ
ehl-i fen	اهل فن
ehl-i fennin	اهل فنّڭ
ehl-i fikir	اهل فكر
ehl-i fikri	اهل فكری
ehl-i gaflet	اهل غفلت
ehl-i gaflete	اهل غفلته
ehl-i gafletin	اهل غفلتڭ
ehl-i garaz	اهل غرض
ehl-i garazın	اهل غرضڭ
ehl-i hadis	اهل حدیث
ehl-i hadisin	اهل حدیثڭ
ehl-i hadîs	اهل حدیث
ehl-i hadîsin	اهل حدیثڭ
ehl-i hak	اهل حق
ehl-i hakikat	اهل حقیقت
ehl-i hakikate	اهل حقیقته
ehl-i hakikati	اهل حقیقتی
ehl-i hakikatin	اهل حقیقتڭ
ehl-i hakikatçe	اهل حقیقتجه
ehl-i hakk	اهل حق
ehl-i hakka	اهل حقّه
ehl-i hakkı	اهل حقّی
ehl-i hakkın	اهل حقّڭ
ehl-i hakta	اهل حقده
ehl-i hakîkat	اهل حقیقت
ehl-i hakîkate	اهل حقیقته
ehl-i hakîkati	اهل حقیقتی
ehl-i hakîkatin	اهل حقیقتڭ
ehl-i hakîkatçe	اهل حقیقتجه
ehl-i hall	اهل حلّ
ehl-i hamiyet	اهل حمیت
ehl-i hidayet	اهل هدایت
ehl-i hidayete	اهل هدایته
ehl-i hidayeti	اهل هدایتی
ehl-i hidayetin	اهل هدایتڭ
ehl-i hidayette	اهل هدایتده
ehl-i hidâyet	اهل هدایت
ehl-i hidâyete	اهل هدایته
ehl-i hidâyeti	اهل هدایتی
ehl-i hidâyetin	اهل هدایتڭ
ehl-i hidâyette	اهل هدایتده
ehl-i huzur	اهل حضور
ehl-i huzûr	اهل حضور
ehl-i hükumet	اهل حكومت
ehl-i hükûmet	اهل حكومت
ehl-i i'tizal	اهل اعتزال
ehl-i i'tizal'in	اهل اعتزالڭ
ehl-i i'tizâl	اهل اعتزال
ehl-i i'tizâl'in	اهل اعتزالڭ
ehl-i ictihad	اهل اجتهاد
ehl-i ictihâd	اهل اجتهاد
ehl-i idare	اهل اداره
ehl-i idarenin	اهل ادارهنڭ
ehl-i idâre	اهل اداره
ehl-i idârenin	اهل ادارهنڭ
ehl-i ifrat	اهل افراط
ehl-i ifrât	اهل افراط
ehl-i ihtisas	اهل اختصاص
ehl-i ihtisâs	اهل اختصاص
ehl-i ilhad	اهل الحاد
ehl-i ilhada	اهل الحاده
ehl-i ilhadı	اهل الحادی
ehl-i ilhadın	اهل الحادڭ
ehl-i ilhâd	اهل الحاد
ehl-i ilhâda	اهل الحاده
ehl-i ilhâdı	اهل الحادی
ehl-i ilhâdın	اهل الحادڭ
ehl-i ilim	اهل علم
ehl-i ilme	اهل علمه
ehl-i ilmi	اهل علمی
ehl-i ilmin	اهل علمڭ
ehl-i iman	اهل ایمان
ehl-i imana	اهل ایمانه
ehl-i imanda	اهل ایمانده
ehl-i imandan	اهل ایماندن
ehl-i imandır	اهل ایماندر
ehl-i imanı	اهل ایمانی
ehl-i imanın	اهل ایمانڭ
ehl-i imanız	اهل ایمانز
ehl-i inkar	اهل انكار
ehl-i inkâr	اهل انكار
ehl-i insaf	اهل انصاف
ehl-i insafa	اهل انصافه
ehl-i insâf	اهل انصاف
ehl-i insâfa	اهل انصافه
ehl-i irşad	اهل ارشاد
ehl-i irşâd	اهل ارشاد
ehl-i isbattırlar	اهل اثباتدرلر
ehl-i isbâttırlar	اهل اثباتدرلر
ehl-i islam	اهل اسلام
ehl-i islam'a	اهل اسلامه
ehl-i islam'ı	اهل اسلامی
ehl-i islam'ın	اهل اسلامڭ
ehl-i islamda	اهل اسلامده
ehl-i islâm	اهل اسلام
ehl-i islâm'a	اهل اسلامه
ehl-i islâm'ı	اهل اسلامی
ehl-i islâm'ın	اهل اسلامڭ
ehl-i islâmda	اهل اسلامده
ehl-i istiğrakın	اهل استغراقڭ
ehl-i istiğrâkın	اهل استغراقڭ
ehl-i isyana	اهل عصیانه
ehl-i isyâna	اهل عصیانه
ehl-i kalb	اهل قلب
ehl-i kalbin	اهل قلبڭ
ehl-i kelamın	اهل كلامڭ
ehl-i kelâmın	اهل كلامڭ
ehl-i kemal	اهل كمال
ehl-i kemalata	اهل كمالاته
ehl-i kemale	اهل كماله
ehl-i kemalin	اهل كمالڭ
ehl-i kemâl	اهل كمال
ehl-i kemâle	اهل كماله
ehl-i kemâlin	اهل كمالڭ
ehl-i kemâlâta	اهل كمالاته
ehl-i keşfin	اهل كشفڭ
ehl-i keşfü'l-kuburun	اهل كشف القبورڭ
ehl-i keşfü'l-kubûrun	اهل كشف القبورڭ
ehl-i keşif	اهل كشف
ehl-i keşifçe	اهل كشفجه
ehl-i kitab	اهل كتاب
ehl-i kitaba	اهل كتابه
ehl-i kitabdan	اهل كتابدن
ehl-i kitâb	اهل كتاب
ehl-i kitâba	اهل كتابه
ehl-i kitâbdan	اهل كتابدن
ehl-i kuburdan	اهل قبوردن
ehl-i kuburun	اهل قبورڭ
ehl-i kubûrdan	اهل قبوردن
ehl-i kubûrun	اهل قبورڭ
ehl-i kur'an	اهل قرآن
ehl-i kur'an'a	اهل قرآنه
ehl-i kur'an'ın	اهل قرآنڭ
ehl-i kur'ân	اهل قرآن
ehl-i kur'ân'a	اهل قرآنه
ehl-i kur'ân'ın	اهل قرآنڭ
ehl-i küfre	اهل كفره
ehl-i küfrü	اهل كفری
ehl-i küfrün	اهل كفرڭ
ehl-i küfür	اهل كفر
ehl-i ma'rifet	اهل معرفت
ehl-i maarif	اهل معارف
ehl-i maârif	اهل معارف
ehl-i medeniyet	اهل مدنیت
ehl-i medeniyetin	اهل مدنیتڭ
ehl-i medrese	اهل مدرسه
ehl-i medresenin	اهل مدرسهنڭ
ehl-i mekteb	اهل مكتب
ehl-i muhabbet	اهل محبّت
ehl-i namus	اهل ناموس
ehl-i namusun	اهل ناموسڭ
ehl-i nazar	اهل نظر
ehl-i necat	اهل نجات
ehl-i necattırlar	اهل نجاتدرلر
ehl-i necât	اهل نجات
ehl-i necâttırlar	اهل نجاتدرلر
ehl-i nifak	اهل نفاق
ehl-i nifakın	اهل نفاقڭ
ehl-i nifâk	اهل نفاق
ehl-i nifâkın	اهل نفاقڭ
ehl-i nâmûs	اهل ناموس
ehl-i nâmûsun	اهل ناموسڭ
ehl-i nübüvvet	اهل نبوّت
ehl-i saadet	اهل سعادت
ehl-i sadakatin	اهل صداقتڭ
ehl-i sadâkatin	اهل صداقتڭ
ehl-i sahvin	اهل صحوڭ
ehl-i salahat	اهل صلاحت
ehl-i salahatin	اهل صلاحتڭ
ehl-i salâhat	اهل صلاحت
ehl-i salâhatin	اهل صلاحتڭ
ehl-i san'at	اهل صنعت
ehl-i saâdet	اهل سعادت
ehl-i sefahet	اهل سفاهت
ehl-i sefahete	اهل سفاهته
ehl-i sefâhet	اهل سفاهت
ehl-i sefâhete	اهل سفاهته
ehl-i semavat	اهل سماوات
ehl-i semâvât	اهل سماوات
ehl-i siyaset	اهل سیاست
ehl-i siyaset de	اهل سیاست ده
ehl-i siyasete	اهل سیاسته
ehl-i siyaseti	اهل سیاستی
ehl-i siyaseti de	اهل سیاستی ده
ehl-i siyasetin	اهل سیاستڭ
ehl-i siyasetle	اهل سیاستله
ehl-i siyasette	اهل سیاستده
ehl-i siyâset	اهل سیاست
ehl-i siyâset de	اهل سیاست ده
ehl-i siyâsete	اهل سیاسته
ehl-i siyâseti	اهل سیاستی
ehl-i siyâseti de	اهل سیاستی ده
ehl-i siyâsetin	اهل سیاستڭ
ehl-i siyâsetle	اهل سیاستله
ehl-i siyâsette	اهل سیاستده
ehl-i suffa	اهل صفّه
ehl-i süluk	اهل سلوك
ehl-i sülûk	اهل سلوك
ehl-i sünnet	اهل سنّت
ehl-i sünnet'e	اهل سنّته
ehl-i sünnet'i	اهل سنّتی
ehl-i sünnet'in	اهل سنّتڭ
ehl-i sünnetçe	اهل سنّتجه
ehl-i taat	اهل طاعت
ehl-i tabiat	اهل طبیعت
ehl-i tabîat	اهل طبیعت
ehl-i tahkik	اهل تحقیق
ehl-i tahkikin	اهل تحقیقڭ
ehl-i tahkîk	اهل تحقیق
ehl-i tahkîkin	اهل تحقیقڭ
ehl-i takva	اهل تقوا
ehl-i takvanın	اهل تقوانڭ
ehl-i takvâ	اهل تقوا
ehl-i takvânın	اهل تقوانڭ
ehl-i tarik	اهل طریق
ehl-i tarikat	اهل طریقت
ehl-i tarikati	اهل طریقتی
ehl-i tarikatin	اهل طریقتڭ
ehl-i tarikatçe	اهل طریقتجه
ehl-i tarikatın	اهل طریقتڭ
ehl-i tarîk	اهل طریق
ehl-i tarîkat	اهل طریقت
ehl-i tarîkati	اهل طریقتی
ehl-i tarîkatin	اهل طریقتڭ
ehl-i tarîkatçe	اهل طریقتجه
ehl-i tarîkatın	اهل طریقتڭ
ehl-i tasavvufun	اهل تصوّفڭ
ehl-i tedkik	اهل تدقیق
ehl-i tedkikin	اهل تدقیقڭ
ehl-i tedkîk	اهل تدقیق
ehl-i tedkîkin	اهل تدقیقڭ
ehl-i tefrit	اهل تفریط
ehl-i tefrît	اهل تفریط
ehl-i tefsir	اهل تفسیر
ehl-i tefsîr	اهل تفسیر
ehl-i tenkid	اهل تنقید
ehl-i tenkîd	اهل تنقید
ehl-i tevhid	اهل توحید
ehl-i tevhidin	اهل توحیدڭ
ehl-i tevhîd	اهل توحید
ehl-i tevhîdin	اهل توحیدڭ
ehl-i tuğyanı	اهل طغیانی
ehl-i tuğyânı	اهل طغیانی
ehl-i tâat	اهل طاعت
ehl-i vahdetü'l-vücud	اهل وحدت الوجود
ehl-i vahdetü'l-vücudun	اهل وحدت الوجودڭ
ehl-i vahdetü'l-vücûd	اهل وحدت الوجود
ehl-i vahdetü'l-vücûdun	اهل وحدت الوجودڭ
ehl-i velayet	اهل ولایت
ehl-i velayete	اهل ولایته
ehl-i velayetin	اهل ولایتڭ
ehl-i velayetten	اهل ولایتدن
ehl-i velâyet	اهل ولایت
ehl-i velâyete	اهل ولایته
ehl-i velâyetin	اهل ولایتڭ
ehl-i velâyetten	اهل ولایتدن
ehl-i vicdana	اهل وجدانه
ehl-i vicdâna	اهل وجدانه
ehl-i vifak	اهل وفاق
ehl-i vifâk	اهل وفاق
ehl-i vukuf	اهل وقوف
ehl-i vukufa	اهل وقوفه
ehl-i vukuflar	اهل وقوفلر
ehl-i vukufların	اهل وقوفلرڭ
ehl-i vukuftan	اهل وقوفدن
ehl-i vukufu	اهل وقوفی
ehl-i vukufun	اهل وقوفڭ
ehl-i vukufunu	اهل وقوفنی
ehl-i vukufunun	اهل وقوفنڭ
ehl-i vukūf	اهل وقوف
ehl-i vukūfa	اهل وقوفه
ehl-i vukūflar	اهل وقوفلر
ehl-i vukūfların	اهل وقوفلرڭ
ehl-i vukūftan	اهل وقوفدن
ehl-i vukūfu	اهل وقوفی
ehl-i vukūfun	اهل وقوفڭ
ehl-i vukūfunu	اهل وقوفنی
ehl-i vukūfunun	اهل وقوفنڭ
ehl-i zahirin	اهل ظاهرڭ
ehl-i zevk	اهل ذوق
ehl-i zikir	اهل ذكر
ehl-i zâhirin	اهل ظاهرڭ
ehl-i zındıkanın	اهل زندقهنڭ
ehl-i zındıkaya	اهل زندقهیه
ehl-i âhiret	اهل آخرت
ehl-i âhireti	اهل آخرتی
ehl-i îmân	اهل ایمان
ehl-i îmâna	اهل ایمانه
ehl-i îmânda	اهل ایمانده
ehl-i îmândan	اهل ایماندن
ehl-i îmândır	اهل ایماندر
ehl-i îmânı	اهل ایمانی
ehl-i îmânın	اهل ایمانڭ
ehl-i îmânız	اهل ایمانز
ehl-i şekavet	اهل شقاوت
ehl-i şekavetin	اهل شقاوتڭ
ehl-i şekāvet	اهل شقاوت
ehl-i şekāvetin	اهل شقاوتڭ
ehl-i şeriat	اهل شریعت
ehl-i şerîat	اهل شریعت
ehl-i şirk	اهل شرك
ehl-i şirki	اهل شركی
ehl-i şirkin	اهل شركڭ
ehl-i şuhud	اهل شهود
ehl-i şuhudun	اهل شهودڭ
ehl-i şuhûd	اهل شهود
ehl-i şuhûdun	اهل شهودڭ
ehl-i şuura	اهل شعوره
ehl-i şuûra	اهل شعوره
ehvenü'ş-şer	اهون الشّر
ehâdîs-i nebeviyenin	احادیث نبویهنڭ
ehâdîs-i şerîfe	احادیث شریفه
ehâdîs-i şerîfenin	احادیث شریفهنڭ
eimme-i ehl-i beyt	ائمّهٔ اهل بیت
eimme-i erbaa	ائمّهٔ اربعه
eimme-i hadis	أئمّهٔ حدیث
eimme-i hadîs	أئمّهٔ حدیث
ekall-i kalil	اقلّ قلیل
ekall-i kalîl	اقلّ قلیل
ekser nasın	اكثر ناسڭ
ekser nâsın	اكثر ناسڭ
ekseriyet-i mutlaka	اكثریت مطلقه
ekseriyet-i mutlakanın	اكثریت مطلقهنڭ
ekseriyet-i mutlakası	اكثریت مطلقهسی
ekseriyet-i mutlakasının	اكثریت مطلقهسنڭ
el'an da	الآن ده
el'iyazü billah	العیاذ باللّه
el'iyâzü billâh	العیاذ باللّه
el'ân da	الآن ده
el-ayetü'l-kübra'nın	الآیة الكبرانڭ
el-bakara	البقره
el-hannas	الخنّاس
el-hannâs	الخنّاس
el-hüccetü'z-zehra	الحجّة الزّهرا
el-hüccetü'z-zehrâ	الحجّة الزّهرا
el-iyazü billah	العیاذ باللّه
el-iyâzü billâh	العیاذ باللّه
el-ma'lum	المعلوم
el-ma'lûm	المعلوم
el-yevm	الیوم
el-âyetü'l-kübrâ'nın	الآیة الكبرانڭ
elem-i ma'nevi	الم معنوی
elem-i ma'nevî	الم معنوی
elemden de	ألمدن ده
elemi de	ألمی ده
elemini de	ألمنی ده
elemlerini de	ألملرینی ده
elfaz-ı kur'aniye	الفاظ قرآنیه
elfaz-ı kur'aniyenin	الفاظ قرآنیهنڭ
elfâz-ı kur'âniye	الفاظ قرآنیه
elfâz-ı kur'âniyenin	الفاظ قرآنیهنڭ
elleriyle de	اللریله ده
elli altı	اللی آلتی
elli beş	اللی بش
elli bir	اللی بر
elli dördüncü	اللی دردنجی
elli üç	اللی اوچ
elli-altmış	اللی آلتمش
eltaf-ı ilahiyeden	الطاف الهیهدن
eltâf-ı ilâhiyeden	الطاف الهیهدن
elvah-ı mahfuzada	الواح محفوظهده
elvah-ı mahfuzalarda	الواح محفوظهلرده
elvah-ı misaliyede	الواح مثالیهده
elvan-ı seb'a	الوان سبعه
elvan-ı seb'ası	الوان سبعهسی
elvan-ı seb'asının	الوان سبعهسنڭ
elvan-ı seb'ayı	الوان سبعهیی
elvâh-ı mahfûzada	الواح محفوظهده
elvâh-ı mahfûzalarda	الواح محفوظهلرده
elvâh-ı misâliyede	الواح مثالیهده
elvân-ı seb'a	الوان سبعه
elvân-ı seb'ası	الوان سبعهسی
elvân-ı seb'asının	الوان سبعهسنڭ
elvân-ı seb'ayı	الوان سبعهیی
elzemdir ki	الزمدركه
emanet-i kübra	امانت كبرا
emanet-i kübrayı	امانت كبرایی
emarat-ı haşriye	امارات حشریه
emare de	اماره ده
emaredir ki	امارهدركه
emareleri de	امارهلری ده
emaresi de	امارهسی ده
emin de	امین ده
emn ü eman	امن و امان
emn ü emân	امن و امان
emniyet-i dahiliyeye	امنیت داخلیهیه
emniyet-i dahiliyeyi	امنیّت داخلیهیی
emniyet-i dâhiliyeye	امنیت داخلیهیه
emniyet-i dâhiliyeyi	امنیّت داخلیهیی
emniyet-i tamme	امنیت تامّه
emniyet-i tâmme	امنیت تامّه
emniyet-i umumiye	امنیت عمومیه
emniyet-i umumiyeye	امنیّت عمومیّهیه
emniyet-i umumiyeyi	امنیت عمومیهیی
emniyet-i umûmiye	امنیت عمومیه
emniyet-i umûmiyeye	امنیّت عمومیّهیه
emniyet-i umûmiyeyi	امنیت عمومیهیی
emr-i	امر
emr-i ademi	امر عدمی
emr-i ademî	امر عدمی
emr-i azim	امر عظیم
emr-i azîm	امر عظیم
emr-i celiline	امر جلیلنه
emr-i celîline	امر جلیلنه
emr-i hakk	امر حق
emr-i hakk'ı	امر حقّی
emr-i i'tibari	امر اعتباری
emr-i i'tibaridir	امر اعتباریدر
emr-i i'tibârî	امر اعتباری
emr-i i'tibârîdir	امر اعتباریدر
emr-i ilahi	امر الهی
emr-i ilahinin	امر الهینڭ
emr-i ilahiye	امر الهی یه
emr-i ilahiyi	امر الهی یی
emr-i ilahiyle	امر الهیله
emr-i ilâhî	امر الهی
emr-i ilâhînin	امر الهینڭ
emr-i ilâhîye	امر الهی یه
emr-i ilâhîyi	امر الهی یی
emr-i ilâhîyle	امر الهیله
emr-i künfeyekune	امر كن فیكونه
emr-i künfeyekûne	امر كن فیكونه
emr-i ma'nevisiyle	امر معنویسیله
emr-i ma'nevîsiyle	امر معنویسیله
emr-i rabbani ile	امر ربّانی ایله
emr-i rabbani'nin	امر ربّانینڭ
emr-i rabbani'yi	امر ربّانی یی
emr-i rabbanisine	امر ربّانیسنه
emr-i rabbaniyle	امر ربّانیله
emr-i rabbânî ile	امر ربّانی ایله
emr-i rabbânî'nin	امر ربّانینڭ
emr-i rabbânî'yi	امر ربّانی یی
emr-i rabbânîsine	امر ربّانیسنه
emr-i rabbânîyle	امر ربّانیله
emr-i tekvini	امر تكوینی
emr-i tekvînî	امر تكوینی
emraz-ı kalbiyeye	امراض قلبیهیه
emreder ki	امر ایدركه
emretti ki	امر ایتدیكه
emri ile	امری ایله
emrâz-ı kalbiyeye	امراض قلبیهیه
emsal-i kesiresiyle	امثال كثیرهسیله
emsâl-i kesîresiyle	امثال كثیرهسیله
emval-i uhreviyede	اموال اخرویهده
emvâl-i uhreviyede	اموال اخرویهده
emânet-i kübrâ	امانت كبرا
emânet-i kübrâyı	امانت كبرایی
emâre de	اماره ده
emâredir ki	امارهدركه
emâreleri de	امارهلری ده
emâresi de	امارهسی ده
emârât-ı haşriye	امارات حشریه
emîn de	امین ده
enaniyet-i ilmiyelerini	انانیت علمیهلرینی
enaniyet-i nefsiye	انانیت نفسیه
enaniyeti de	انانیتی ده
endişe-i istikbal	اندیشهٔ استقبال
endîşe-i istikbâl	اندیشهٔ استقبال
ensal-i atiyede	انسال آتیهده
ensâl-i âtiyede	انسال آتیهده
enva'-i türlü	انواع تورلی
enva'-ı hayvanat	انواع حیوانات
enva'-ı i'caz-ı kur'anı	انواع اعجاز قرآنی
enva'-ı i'cazı	انواع اعجازی
enva'-ı i'cazından	انواع اعجازندن
enva'-ı lezaiz	انواع لذائذ
enva'-ı mahlukatı	انواع مخلوقاتی
enva'-ı mahlukatın	انواع مخلوقاتڭ
enva'-ı mu'cizatından	انواع معجزاتندن
enva'-ı ni'meti	انواع نعمتی
enva'-ı ni'metini	انواع نعمتنی
enva'-ı ni'metiyle	انواع نعمتیله
enva'-ı tevhidi	انواع توحیدی
enva'-ı zevilhayatın	انواع ذوی الحیاتڭ
enva'-ı ziynet	انواع زینت
enva'-ı şirki	انواع شركی
envar-ı esrarından	انوار اسرارندن
envar-ı hüsün	انوار حسن
envar-ı imaniye	انوار ایمانیه
envar-ı imaniyenin	انوار ایمانیهنڭ
envar-ı imaniyeye	انوار ایمانیهیه
envar-ı imaniyeyi	انوار ایمانیهیی
envar-ı kur'aniye	انوار قرآنیه
envar-ı kur'aniyeden	انوار قرآنیهدن
envar-ı kur'aniyenin	انوار قرآنیهنڭ
envar-ı kur'aniyeye	انوار قرآنیهیه
envar-ı kur'aniyeyi	انوار قرآنیهیی
envar-ı rahimiyeti	انوار رحیمیّتی
envar-ı sitte	انوار ستّه
envar-ı tevhid	انوار توحید
envar-ı vücud	انوار وجود
envar-ı vücuda	انوار وجوده
envâ'-i türlü	انواع تورلی
envâ'-ı hayvânât	انواع حیوانات
envâ'-ı i'câz-ı kur'ânı	انواع اعجاز قرآنی
envâ'-ı i'câzı	انواع اعجازی
envâ'-ı i'câzından	انواع اعجازندن
envâ'-ı lezâiz	انواع لذائذ
envâ'-ı mahlûkātı	انواع مخلوقاتی
envâ'-ı mahlûkātın	انواع مخلوقاتڭ
envâ'-ı mu'cizâtından	انواع معجزاتندن
envâ'-ı ni'meti	انواع نعمتی
envâ'-ı ni'metini	انواع نعمتنی
envâ'-ı ni'metiyle	انواع نعمتیله
envâ'-ı tevhîdi	انواع توحیدی
envâ'-ı zevilhayatın	انواع ذوی الحیاتڭ
envâ'-ı ziynet	انواع زینت
envâ'-ı şirki	انواع شركی
envâr-ı esrârından	انوار اسرارندن
envâr-ı hüsün	انوار حسن
envâr-ı kur'âniye	انوار قرآنیه
envâr-ı kur'âniyeden	انوار قرآنیهدن
envâr-ı kur'âniyenin	انوار قرآنیهنڭ
envâr-ı kur'âniyeye	انوار قرآنیهیه
envâr-ı kur'âniyeyi	انوار قرآنیهیی
envâr-ı rahîmiyeti	انوار رحیمیّتی
envâr-ı sitte	انوار ستّه
envâr-ı tevhîd	انوار توحید
envâr-ı vücûd	انوار وجود
envâr-ı vücûda	انوار وجوده
envâr-ı îmâniye	انوار ایمانیه
envâr-ı îmâniyenin	انوار ایمانیهنڭ
envâr-ı îmâniyeye	انوار ایمانیهیه
envâr-ı îmâniyeyi	انوار ایمانیهیی
enzar-ı aleme	انظار عالمه
enzar-ı dikkati	انظار دقّتی
enzâr-ı dikkati	انظار دقّتی
enzâr-ı âleme	انظار عالمه
enâniyet-i ilmiyelerini	انانیت علمیهلرینی
enâniyet-i nefsiye	انانیت نفسیه
enâniyeti de	انانیتی ده
erhame'r-rahimin	ارحم الرّاحمین
erhame'r-râhimîn	ارحم الرّاحمین
erhamü'r-rahimin	ارحم الرّاحمین
erhamü'r-rahimin'den	ارحم الرّاحمیندن
erhamü'r-râhimîn	ارحم الرّاحمین
erhamü'r-râhimîn'den	ارحم الرّاحمیندن
erkan-ı alemin	اركان عالمڭ
erkan-ı harb	اركان حرب
erkan-ı imaniye	اركان ایمانیه
erkan-ı imaniyede	اركان ایمانیهده
erkan-ı imaniyeden	اركان ایمانیهدن
erkan-ı imaniyenin	اركان ایمانیهنڭ
erkan-ı imaniyeye	اركان ایمانیهیه
erkan-ı imaniyeyi	اركان ایمانیهیی
erkan-ı islamiyenin	اركان اسلامیهنڭ
erkan-ı islamiyeye	اركان اسلامیهیه
erkan-ı mühimmesinden	اركان مهمّهسندن
erkân-ı harb	اركان حرب
erkân-ı islâmiyenin	اركان اسلامیهنڭ
erkân-ı islâmiyeye	اركان اسلامیهیه
erkân-ı mühimmesinden	اركان مهمّهسندن
erkân-ı âlemin	اركان عالمڭ
erkân-ı îmâniye	اركان ایمانیه
erkân-ı îmâniyede	اركان ایمانیهده
erkân-ı îmâniyeden	اركان ایمانیهدن
erkân-ı îmâniyenin	اركان ایمانیهنڭ
erkân-ı îmâniyeye	اركان ایمانیهیه
erkân-ı îmâniyeyi	اركان ایمانیهیی
ervah-ı bakiye	ارواح باقیه
ervah-ı habise	ارواح خبیثه
ervah-ı habisenin	ارواح خبیثهنڭ
ervah-ı neyyire	ارواح نیّره
ervah-ı tayyibe	ارواح طیّبه
ervâh-ı bâkiye	ارواح باقیه
ervâh-ı habîse	ارواح خبیثه
ervâh-ı habîsenin	ارواح خبیثهنڭ
ervâh-ı neyyire	ارواح نیّره
ervâh-ı tayyibe	ارواح طیّبه
es-sıddik	الصّدّیق
es-sıddîk	الصّدّیق
esalib-i arab'da	اسالیب عربده
esas-ı akaide	اساس عقائده
esasat-ı imaniye	اساسات ایمانیه
esasat-ı islamiyenin	اساسات اسلامیهنڭ
esasat-ı islamiyeye	اساسات اسلامیهیه
esası da	اساسی ده
esbab-ı alem	اسباب عالم
esbab-ı alemin	اسباب عالمڭ
esbab-ı camideye	اسباب جامدهیه
esbab-ı emni	اسباب أمنی
esbab-ı maddiye	اسباب مادّیه
esbab-ı maddiyenin	اسباب مادّیهنڭ
esbab-ı maddiyeye	اسباب مادّیهیه
esbab-ı mucibe	اسباب موجبه
esbab-ı mucibesi	اسباب موجبهسی
esbab-ı nüzulü	اسباب نزولی
esbab-ı tabiiye	اسباب طبیعیه
esbab-ı tabiiyenin	اسباب طبیعیهنڭ
esbab-ı zahiriye	اسباب ظاهریه
esbab-ı zahiriyenin	اسباب ظاهریهنڭ
esbab-ı zahiriyeyi	اسباب ظاهریهیی
esbabla mı	اسبابلهمی
esbabı da	اسبابی ده
esbâb-ı câmideye	اسباب جامدهیه
esbâb-ı emni	اسباب أمنی
esbâb-ı maddiye	اسباب مادّیه
esbâb-ı maddiyenin	اسباب مادّیهنڭ
esbâb-ı maddiyeye	اسباب مادّیهیه
esbâb-ı mûcibe	اسباب موجبه
esbâb-ı mûcibesi	اسباب موجبهسی
esbâb-ı nüzûlü	اسباب نزولی
esbâb-ı tabîiye	اسباب طبیعیه
esbâb-ı tabîiyenin	اسباب طبیعیهنڭ
esbâb-ı zâhiriye	اسباب ظاهریه
esbâb-ı zâhiriyenin	اسباب ظاهریهنڭ
esbâb-ı zâhiriyeyi	اسباب ظاهریهیی
esbâb-ı âlem	اسباب عالم
esbâb-ı âlemin	اسباب عالمڭ
esbâbla mı	اسبابلهمی
esbâbı da	اسبابی ده
eser-i azimin	اثر عظیمڭ
eser-i azîmin	اثر عظیمڭ
eser-i hikmet	اثر حكمت
eser-i ikram-ı ilahi	اثر اكرام الهی
eser-i ikrâm-ı ilâhî	اثر اكرام الهی
eser-i in'amı	اثر انعامی
eser-i in'âmı	اثر انعامی
eser-i inayet	اثر عنایت
eser-i inayet-i rabbaniye	اثر عنایت ربّانیه
eser-i inayettir	اثر عنایتدر
eser-i inâyet	اثر عنایت
eser-i inâyet-i rabbâniye	اثر عنایت ربّانیه
eser-i inâyettir	اثر عنایتدر
eser-i mu'cize	اثر معجزه
eser-i rahmet	اثر رحمت
eser-i san'at	اثر صنعت
eser-i san'atı	اثر صنعتی
eser-i tereddüd	اثر تردّد
eserler ki	اثرلركه
esfel-i safilin	اسفل سافلین
esfel-i safilindeki	اسفل سافلیندهكی
esfel-i safilinden	اسفل سافلیندن
esfel-i safiline	اسفل سافلینه
esfel-i safilinine	اسفل سافلیننه
esfel-i sâfilîn	اسفل سافلین
esfel-i sâfilîndeki	اسفل سافلیندهكی
esfel-i sâfilînden	اسفل سافلیندن
esfel-i sâfilîne	اسفل سافلینه
esfel-i sâfilînine	اسفل سافلیننه
esfelü's-safiline	اسفل السّافلینه
esfelü's-sâfilîne	اسفل السّافلینه
eski said	اسكی سعید
eski said'den	اسكی سعیددن
eski said'i	اسكی سعیدی
eski said'in	اسكی سعیدڭ
eski saîd	اسكی سعید
eski saîd'den	اسكی سعیددن
eski saîd'i	اسكی سعیدی
eski saîd'in	اسكی سعیدڭ
eskiden beri	اسكیدنبری
eskişehir hapishanesi'nde	اسكیشهر حپسخانهسنده
eskişehir hapishanesi'nin	اسكیشهر حپسخانهسنڭ
eskişehir hapishânesi'nde	اسكیشهر حپسخانهسنده
eskişehir hapishânesi'nin	اسكیشهر حپسخانهسنڭ
eskişehir hapsinde	اسكیشهر حپسنده
eskişehir mahkemesi	اسكیشهر محكمهسی
eskişehir mahkemesi'nde	اسكیشهر محكمهسنده
eslaf-ı izamın	اسلاف عظامڭ
eslâf-ı izâmın	اسلاف عظامڭ
esma-yı hüsna	اسمای حسنا
esma-yı hüsna'dan	اسمای حسنادن
esma-yı hüsna'na	اسمای حسناڭه
esma-yı hüsna'nı	اسمای حسناڭی
esma-yı hüsna'nın	اسمای حسنانڭ
esma-yı hüsna'sını	اسمای حسناسنی
esma-yı hüsna'sının	اسمای حسناسنڭ
esma-yı hüsna'ya	اسمای حسنایه
esma-yı hüsna'yı	اسمای حسنایی
esma-yı hüsnası	اسمای حسناسی
esma-yı hüsnasına	اسمای حسناسنه
esma-yı hüsnasından	اسمای حسناسندن
esma-yı hüsnasıyla	اسمای حسناسیله
esma-yı ilahiye	اسمای الهیه
esma-yı ilahiye'nin	اسمای الهیهنڭ
esma-yı ilahiyeden	اسمای الهیهدن
esma-yı ilahiyenin	اسمای الهیهنڭ
esma-yı ilahiyeye	اسمای الهیهیه
esma-yı ilahiyeyi	اسمای الهیهیی
esma-yı kudsiye-i ilahiye	اسمای قدسیهٔ الهیه
esma-yı kudsiye-i ilahiyenin	اسمای قدسیهٔ الهیهنڭ
esma-yı kudsiyeye	اسمای قدسیهیه
esma-yı sitte	اسمای ستّه
esmâ-yı hüsnâ	اسمای حسنا
esmâ-yı hüsnâ'dan	اسمای حسنادن
esmâ-yı hüsnâ'na	اسمای حسناڭه
esmâ-yı hüsnâ'nı	اسمای حسناڭی
esmâ-yı hüsnâ'nın	اسمای حسنانڭ
esmâ-yı hüsnâ'sını	اسمای حسناسنی
esmâ-yı hüsnâ'sının	اسمای حسناسنڭ
esmâ-yı hüsnâ'ya	اسمای حسنایه
esmâ-yı hüsnâ'yı	اسمای حسنایی
esmâ-yı hüsnâsı	اسمای حسناسی
esmâ-yı hüsnâsına	اسمای حسناسنه
esmâ-yı hüsnâsından	اسمای حسناسندن
esmâ-yı hüsnâsıyla	اسمای حسناسیله
esmâ-yı ilâhiye	اسمای الهیه
esmâ-yı ilâhiye'nin	اسمای الهیهنڭ
esmâ-yı ilâhiyeden	اسمای الهیهدن
esmâ-yı ilâhiyenin	اسمای الهیهنڭ
esmâ-yı ilâhiyeye	اسمای الهیهیه
esmâ-yı ilâhiyeyi	اسمای الهیهیی
esmâ-yı kudsiye-i ilâhiye	اسمای قدسیهٔ الهیه
esmâ-yı kudsiye-i ilâhiyenin	اسمای قدسیهٔ الهیهنڭ
esmâ-yı kudsiyeye	اسمای قدسیهیه
esmâ-yı sitte	اسمای ستّه
esrar-ı belagatçe	اسرار بلاغتجه
esrar-ı cehennem	اسرار جهنّم
esrar-ı gaybiye	اسرار غیبیه
esrar-ı kur'aniye	اسرار قرآنیه
esrar-ı kur'aniyede	اسرار قرآنیهده
esrar-ı kur'aniyenin	اسرار قرآنیهنڭ
esrar-ı kur'aniyeye	اسرار قرآنیهیه
esrar-ı kur'aniyeyi	اسرار قرآنیهیی
esrar-ı rahmeti	اسرار رحمتی
esrar-ı şehadet	اسرار شهادت
esrar-ı şeriata	اسرار شریعته
esrâr-ı belâgatçe	اسرار بلاغتجه
esrâr-ı cehennem	اسرار جهنّم
esrâr-ı gaybiye	اسرار غیبیه
esrâr-ı kur'âniye	اسرار قرآنیه
esrâr-ı kur'âniyede	اسرار قرآنیهده
esrâr-ı kur'âniyenin	اسرار قرآنیهنڭ
esrâr-ı kur'âniyeye	اسرار قرآنیهیه
esrâr-ı kur'âniyeyi	اسرار قرآنیهیی
esrâr-ı rahmeti	اسرار رحمتی
esrâr-ı şehâdet	اسرار شهادت
esrâr-ı şerîata	اسرار شریعته
esâlîb-i arab'da	اسالیب عربده
esâs-ı akāide	اساس عقائده
esâsât-ı islâmiyenin	اساسات اسلامیهنڭ
esâsât-ı islâmiyeye	اساسات اسلامیهیه
esâsât-ı îmâniye	اساسات ایمانیه
et ki	ایتكه
etme ki	ایتمهكه
etmek de	ایتمك ده
etmek mi	ایتمكمی
etmektir ki	ایتمكدركه
etmesi de	ایتمسی ده
etmeye de	ایتمهیه ده
etmeyiniz ki	ایتمهییڭزكه
etmez ki	ایتمزكه
etmez mi	ایتمزمی
etmiyor ki	ایتمییوركه
etmiyor mu	ایتمییورمی
etmiyordum ki	ایتمییوردمكه
etmiş de	ایتمش ده
etmiş ki	ایتمشكه
etmişim ki	ایتمشمكه
etmişiz ki	ایتمشزكه
etmişler ki	ایتمشلركه
etmiştim ki	ایتمشدمكه
etmiştir ki	ایتمشدركه
etraf-ı alemde	اطراف عالمده
etrâf-ı âlemde	اطراف عالمده
etse de	ایتسه ده
etseler de	ایتسهلر ده
etsin de	ایتسین ده
etti de	ایتدی ده
etti ki	ایتدیكه
ettik ki	ایتدككه
ettiler ki	ایتدیلركه
ettim ki	ایتدمكه
ettiniz ki	ایتدیڭزكه
ettiniz mi	ایتدیڭزمی
ettirir mi	ایتدیررمی
ettiriyor ki	ایتدیرییوركه
ettirmiş ki	ایتدیرمشكه
ev kema kal	او كما قال
ev kemâ kāl	او كما قال
evamir-i ilahiye'yi	اوامر الهیهیی
evamir-i ilahiyeye	أوامر الهیهیه
evamir-i kur'aniyeyi	أوامر قرآنیهیی
evamir-i rabbaniyene	أوامر ربّانیهڭه
evamir-i tekviniye	أوامر تكوینیه
evamir-i tekviniyenin	أوامر تكوینیهنڭ
evamir-i tekviniyesine	أوامر تكوینیهسنه
evamir-i tekviniyesinin	أوامر تكوینیّهسنڭ
evamir-i tekviniyeye	أوامر تكوینیهیه
evamir-i tekviniyeyi	أوامر تكوینیهیی
evc-i a'laya	اوج اعلایه
evc-i a'lâya	اوج اعلایه
evlad-ı ma'nevi	اولاد معنوی
evlad-ı ma'neviyem	اولاد معنویهم
evler de	أولر ده
evliya-yı azimeden	اولیای عظیمهدن
evliya-yı azimenin	اولیای عظیمهنڭ
evliya-yı azimeyi	اولیای عظیمهیی
evliya-yı meşhureden	اولیای مشهورهدن
evliyâ-yı azîmeden	اولیای عظیمهدن
evliyâ-yı azîmenin	اولیای عظیمهنڭ
evliyâ-yı azîmeyi	اولیای عظیمهیی
evliyâ-yı meşhûreden	اولیای مشهورهدن
evlâd-ı ma'neviyem	اولاد معنویهم
evlâd-ı ma'nevî	اولاد معنوی
evrad-ı bahaiye	اوراد بهائیه
evrad-ı bahaiye'yi	اوراد بهائیهیی
evrad-ı mahsusası	اوراد مخصوصهسی
evrak-ı muzırra	اوراق مضرّه
evrâd-ı bahâiye	اوراد بهائیه
evrâd-ı bahâiye'yi	اوراد بهائیهیی
evrâd-ı mahsûsası	اوراد مخصوصهسی
evrâk-ı muzırra	اوراق مضرّه
evsaf-ı kemal	اوصاف كمال
evsaf-ı kemaliye	اوصاف كمالیه
evsâf-ı kemâl	اوصاف كمال
evsâf-ı kemâliye	اوصاف كمالیه
evvel de	اوّل ده
evvelce de	اوّلجه ده
evvelden beri	اوّلدنبری
evâmir-i ilâhiye'yi	اوامر الهیهیی
evâmir-i ilâhiyeye	أوامر الهیهیه
evâmir-i kur'âniyeyi	أوامر قرآنیهیی
evâmir-i rabbâniyene	أوامر ربّانیهڭه
evâmir-i tekvîniye	أوامر تكوینیه
evâmir-i tekvîniyenin	أوامر تكوینیهنڭ
evâmir-i tekvîniyesine	أوامر تكوینیهسنه
evâmir-i tekvîniyesinin	أوامر تكوینیّهسنڭ
evâmir-i tekvîniyeye	أوامر تكوینیهیه
evâmir-i tekvîniyeyi	أوامر تكوینیهیی
eylemiş ki	أیلهمشكه
eyler ki	أیلركه
eylerim ki	أیلرمكه
eyyam-ı mübareke	ایّام مباركه
eyyam-ı mübarekede	ایّام مباركهده
eyyam-ı şer'iye	ایّام شرعیه
eyyâm-ı mübâreke	ایّام مباركه
eyyâm-ı mübârekede	ایّام مباركهده
eyyâm-ı şer'iye	ایّام شرعیه
eyyühe'l-aziz	ایّها العزیز
eyyühe'l-azîz	ایّها العزیز
eyyühe'l-üstadü'l-a'zam	ایّها الاستاد الاعظم
eyyühe'l-üstadü'l-muhterem	ایّها الاستاد المحترم
eyyühe'l-üstâdü'l-a'zam	ایّها الاستاد الاعظم
eyyühe'l-üstâdü'l-muhterem	ایّها الاستاد المحترم
ezan-ı muhammedi	اذان محمّدیؐ
ezan-ı muhammedi'yi	اذان محمّدی ییؐ
ezvak-ı imaniyeyi	اذواق ایمانیهیی
ezvak-ı ruhaniyeyi	اذواق روحانیهیی
ezvâk-ı rûhâniyeyi	اذواق روحانیهیی
ezvâk-ı îmâniyeyi	اذواق ایمانیهیی
ezân-ı muhammedî	اذان محمّدیؐ
ezân-ı muhammedî'yi	اذان محمّدی ییؐ
eâzım-ı islâmiyenin	اعاظم اسلامیهنڭ
eşedd-i ihtiyaç	اشدّ احتیاج
eşedd-i istibdad	اشدّ استبداد
eşedd-i istibdâd	اشدّ استبداد
eşedd-i zulme	اشدّ ظلمه
eşedd-i zulmü	اشدّ ظلمی
eşedd-i zulüm	اشدّ ظلم
eşrat-ı saat	اشراط ساعت
eşref edib'in	اشرف ادیبڭ
eşref edîb'in	اشرف ادیبڭ
eşref-i mahlukat	اشرف مخلوقات
eşref-i mahlûkāt	اشرف مخلوقات
eşrât-ı sâat	اشراط ساعت
eşya-yı ahara	اشیای آخره
eşya-yı kesireye	اشیای كثیرهیه
eşyâ-yı kesîreye	اشیای كثیرهیه
eşyâ-yı âhara	اشیای آخره
fa'aliyet-i daime	فعّالیت دائمه
fa'aliyet-i hayretnümanın	فعّالیت حیرتنمانڭ
fa'aliyet-i kudret	فعّالیت قدرت
fa'aliyet-i rabbaniyenin	فعّالیت ربّانیهنڭ
fa'alün lima yürid	فعّال لما یرید
fa'âliyet-i dâime	فعّالیت دائمه
fa'âliyet-i hayretnümânın	فعّالیت حیرتنمانڭ
fa'âliyet-i kudret	فعّالیت قدرت
fa'âliyet-i rabbâniyenin	فعّالیت ربّانیهنڭ
fa'âlün limâ yürîd	فعّال لما یرید
fabrika ki	فابریقهكه
fabrikası da	فابریقهسی ده
fahr-i alem	فخر عالم
fahr-i alem'e	فخر عالمه
fahr-i kainat	فخر كائنات
fahr-i kâinât	فخر كائنات
fahr-i âlem	فخر عالم
fahr-i âlem'e	فخر عالمه
fahreddin-i razi'ye	فخر الدّین رازی یه
fahreddîn-i râzî'ye	فخر الدّین رازی یه
fahrü'l-alemin	فخر العالمین
fahrü'l-âlemîn	فخر العالمین
faide-i ma'neviye	فائدهٔ معنویه
fail-i muhtar	فاعل مختار
fail-i muhtar'ın	فاعل مختارڭ
fakdü'l-ahbabdan	فقد الاحبابدن
fakdü'l-ahbâbdan	فقد الاحبابدن
fakir de	فقیر ده
fakir-i mutlak	فقیر مطلق
fakire de	فقیره ده
fakirü'l-hal	فقیر الحال
fakr u zaruret	فقر و ضرورت
fakr u zarûret	فقر و ضرورت
fakr-ı hali	فقر حالی
fakr-ı haliyle	فقر حالیله
fakr-ı hâli	فقر حالی
fakr-ı hâliyle	فقر حالیله
fakr-ı mutlak	فقر مطلق
fakîr-i mutlak	فقیر مطلق
fakîrü'l-hâl	فقیر الحال
fal-i hayır	فال خیر
fal-i hayırdır	فال خیردر
fal-i hayırdır ki	فال خیردركه
farz-ı ayn	فرض عین
farz-ı kifaye	فرض كفایه
farz-ı kifâye	فرض كفایه
farz-ı muhal	فرض محال
farz-ı muhâl	فرض محال
fasl-ı nevbahar	فصل نوبهار
fasl-ı nevbahâr	فصل نوبهار
fatiha-i şerife	فاتحهٔ شریفه
fatiha-i şerife'de	فاتحهٔ شریفهده
fatiha-i şerife'den	فاتحهٔ شریفهدن
fatiha-i şerife'nin	فاتحهٔ شریفهنڭ
fatinü'l-asr	فاطن العصر
fatımatü'z-zehra	فاطمة الزهرا
fatır-ı akdes	فاطر اقدس
fatır-ı bi-misal	فاطر بی مثال
fatır-ı hakim	فاطر حكیم
fatır-ı hakim'den	فاطر حكیمدن
fatır-ı hakim'e	فاطر حكیمه
fatır-ı hakim'in	فاطر حكیمڭ
fatır-ı kadir	فاطر قادر
fatır-ı kerim	فاطر كریم
fatır-ı zülcelal	فاطر ذوالجلال
fatır-ı zülcelal'in	فاطر ذوالجلالڭ
fazilet-i külliye	فضیلت كلّیه
fazilet-meab	فضیلتمئاب
fazilet-mend	فضیلتمند
fazl u keremiyle	فضل و كرمیله
fazl-ı ilahi	فضل الهی
fazl-ı ilahidir	فضل الهیدر
fazl-ı ilâhî	فضل الهی
fazl-ı ilâhîdir	فضل الهیدر
fazlalaşır ki	فضلهلاشیركه
fazîlet-i külliye	فضیلت كلّیه
fazîlet-mend	فضیلتمند
fazîlet-meâb	فضیلتمئاب
fecr-i sadıkı	فجر صادقی
fecr-i sâdıkı	فجر صادقی
feda-yı can	فدای جان
fedâ-yı cân	فدای جان
felsefe-i beşeriyenin	فلسفهٔ بشریهنڭ
felsefe-i maddiye	فلسفهٔ مادّیه
felsefe-i tabiiye	فلسفهٔ طبیعیه
felsefe-i tabiiyenin	فلسفهٔ طبیعیهنڭ
felsefe-i tabîiye	فلسفهٔ طبیعیه
felsefe-i tabîiyenin	فلسفهٔ طبیعیهنڭ
fena fi'l-ihvan	فنافی الاخوان
fena firresul	فنافی الرّسول
fena fişşeyh	فنافی الشّیخ
fena-yı dünyadan	فنای دنیادن
fena-yı mutlak	فنای مطلق
fena-yı mutlaka	فنای مطلقه
fenn-i askeri	فنّ عسكری
fenn-i askerî	فنّ عسكری
fenn-i beyan-ı maani	فنّ بیان معانی
fenn-i beyanda	فنّ بیانده
fenn-i beyân-ı maânî	فنّ بیان معانی
fenn-i beyânda	فنّ بیانده
fenn-i elektrik	فنّ الكتریك
fenn-i elektrikten	فنّ الكتریكدن
fenn-i hikmet	فنّ حكمت
fenn-i hikmetü'l-eşya	فنّ حكمت الاشیا
fenn-i hikmetü'l-eşyâ	فنّ حكمت الاشیا
fenn-i iaşe	فنّ اعاشه
fenn-i iâşe	فنّ اعاشه
fenn-i kitabet	فنّ كتابت
fenn-i kitâbet	فنّ كتابت
fenn-i kıraat	فنّ قرائت
fenn-i kırâat	فنّ قرائت
fenn-i makine	فنّ ماكینه
fenn-i mantıkça	فنّ منطقجه
fenn-i menafiu'l-a'zanın	فنّ منافع الاعضانڭ
fenn-i menâfiu'l-a'zânın	فنّ منافع الاعضانڭ
fenn-i sarfça	فنّ صرفجه
fenn-i ticaret	فنّ تجارت
fenn-i ticâret	فنّ تجارت
fenn-i tıb	فنّ طب
fenâ fi'l-ihvân	فنافی الاخوان
fenâ firresûl	فنافی الرّسول
fenâ fişşeyh	فنافی الشّیخ
fenâ-yı dünyâdan	فنای دنیادن
fenâ-yı mutlak	فنای مطلق
fenâ-yı mutlaka	فنای مطلقه
ferd-i ferid	فرد فرید
ferd-i ferîd	فرد فرید
ferd-i samed	فرد صمد
ferd-i vahid'e	فرد واحده
ferd-i vâhid'e	فرد واحده
ferdi de	فردی ده
ferdiyet de	فردیّت ده
ferman-ı a'zam	فرمان اعظم
ferman-ı haşre	فرمان حشره
ferman-ı ilahi	فرمان الهی
ferman-ı ilahinin	فرمان الهینڭ
ferman-ı rahman	فرمان رحمان
fermân-ı a'zam	فرمان اعظم
fermân-ı haşre	فرمان حشره
fermân-ı ilâhî	فرمان الهی
fermân-ı ilâhînin	فرمان الهینڭ
fermân-ı rahmân	فرمان رحمان
feryad u figan	فریاد و فغان
feryad u fizar	فریاد و فیزار
feryâd u figān	فریاد و فغان
feryâd u fîzâr	فریاد و فیزار
fesad-ı ümmet	فساد امّت
fesâd-ı ümmet	فساد امّت
feth-i mekke	فتح مكّه
feth-i suver	فتح صور
feth-i şam	فتح شام
feth-i şâm	فتح شام
fethi bey	فتحی بك
fettah-ı allam	فتّاح علّام
fettâh-ı allâm	فتّاح علّام
fetva emini	فتوا امینی
fetva emini ali rıza	فتوا امینی علی رضا
fetvâ emîni	فتوا امینی
fetvâ emîni alî rızâ	فتوا امینی علی رضا
fevaid-i tenviriyesine	فوائد تنویریهسنه
fevka'l-had	فوق الحد
fevâid-i tenvîriyesine	فوائد تنویریهسنه
feya acaba	فیا عجبا
feyiz-yab	فیضیاب
feyiz-yâb	فیضیاب
feylesoflarını da	فیلسوفلرینی ده
feyyaz-bahş	فیّاض بخش
feyyaz-ı mutlak	فیّاض مطلق
feyyaz-ı mutlak'ın	فیّاض مطلقڭ
feyyaz-ı müteal	فیّاض متعال
feyyaz-ı rahmandır	فیّاض رحماندر
feyyâz-bahş	فیّاض بخش
feyyâz-ı mutlak	فیّاض مطلق
feyyâz-ı mutlak'ın	فیّاض مطلقڭ
feyyâz-ı müteâl	فیّاض متعال
feyyâz-ı rahmândır	فیّاض رحماندر
feyz-i ilahi	فیض الهی
feyz-i ilahiyi	فیض الهی یی
feyz-i ilâhî	فیض الهی
feyz-i ilâhîyi	فیض الهی یی
feyz-i imani	فیض ایمانی
feyz-i kemal	فیض كمال
feyz-i kemâl	فیض كمال
feyz-i kur'an	فیض قرآن
feyz-i kur'andan	فیض قرآندن
feyz-i kur'ân	فیض قرآن
feyz-i kur'ândan	فیض قرآندن
feyz-i ma'nevi-i daimisi	فیض معنوئ دائمیسی
feyz-i ma'nevî-i dâimîsi	فیض معنوئ دائمیسی
feyz-i tecellisi	فیض تجلّیسی
feyz-i tecellîsi	فیض تجلّیسی
feyz-i îmânî	فیض ایمانی
feyzi de	فیضی ده
feyzî de	فیضی ده
feyâ acaba	فیا عجبا
feza-yı alem	فضای عالم
feza-yı alemde	فضای عالمده
feza-yı alemin	فضای عالمڭ
feza-yı kainatta	فضای كائناتده
fezleke-i tevhidi	فذلكهٔ توحیدی
fezleke-i tevhîdi	فذلكهٔ توحیدی
fezâ-yı kâinâtta	فضای كائناتده
fezâ-yı âlem	فضای عالم
fezâ-yı âlemde	فضای عالمده
fezâ-yı âlemin	فضای عالمڭ
fidye-i necat	فدیهٔ نجات
fidye-i necât	فدیهٔ نجات
fihrist-i san'at-ı rabbaniyeyi	فهرست صنعت ربّانیهیی
fihrist-i san'at-ı rabbâniyeyi	فهرست صنعت ربّانیهیی
fiil-i icadi	فعل ایجادی
fiil-i rububiyete	فعل ربوبیّته
fiil-i rubûbiyete	فعل ربوبیّته
fiil-i îcâdî	فعل ایجادی
fikirdir ki	فكردركه
fikr-i avamı	فكر عوامی
fikr-i avâmı	فكر عوامی
fikr-i beşer	فكر بشر
fikr-i beşerin	فكر بشرڭ
fikr-i infiradi	فكر انفرادی
fikr-i infirâdî	فكر انفرادی
fikr-i intikam	فكر انتقام
fikr-i küfrileri	فكر كفریلری
fikr-i küfrisini	فكر كفریسنی
fikr-i küfriyi	فكر كفری یی
fikr-i küfrîleri	فكر كفریلری
fikr-i küfrîsini	فكر كفریسنی
fikr-i küfrîyi	فكر كفری یی
fikr-i milliyet	فكر ملّیت
fikr-i milliyetle	فكر ملّیتله
fikr-i siyasisine	فكر سیاسیسنه
fikr-i siyâsîsine	فكر سیاسیسنه
fikr-i tabiatı	فكر طبیعتی
fikr-i tabîatı	فكر طبیعتی
fikri ki	فكریكه
firak-ı ebedi	فراق ابدی
firak-ı ebediden	فراق أبدیدن
firak-ı elim	فراق الیم
firak-ı layezali	فراق لایزالی
firaku'l-ahbabdan	فراق الاحبابدن
firavun-meşreb	فرعون مشرب
firavun-u zelildir	فرعون ذلیلدر
firavun-u zelîldir	فرعون ذلیلدر
firâk-ı ebedî	فراق ابدی
firâk-ı ebedîden	فراق أبدیدن
firâk-ı elîm	فراق الیم
firâk-ı lâyezâlî	فراق لایزالی
firâku'l-ahbâbdan	فراق الاحبابدن
fitne-i ahirzaman	فتنهٔ آخر زمان
fitne-i ahirzamanın	فتنهٔ آخر زمانڭ
fitne-i nisaiye	فتنهٔ نسائیّه
fitne-i nisâiye	فتنهٔ نسائیّه
fitne-i âhirzaman	فتنهٔ آخر زمان
fitne-i âhirzamanın	فتنهٔ آخر زمانڭ
fizar-ı istimdadkarane	فیزار استمدادكارانه
frenk-meşrebane	فرنك مشربانه
frenk-meşrebâne	فرنك مشربانه
fuhul-ü ulemanın	فحول علمانڭ
fuhûl-ü ulemânın	فحول علمانڭ
furkan-ı celilüşşan	فرقان جلیل الشّان
furkan-ı hakim'de	فرقان حكیمده
furkan-ı hakim'dir ki	فرقان حكیمدركه
furkan-ı hakim'in	فرقان حكیمڭ
furkan-ı mübin'den	فرقان مبیندن
furkān-ı celîlüşşân	فرقان جلیل الشّان
furkān-ı hakîm'de	فرقان حكیمده
furkān-ı hakîm'dir ki	فرقان حكیمدركه
furkān-ı hakîm'in	فرقان حكیمڭ
furkān-ı mübîn'den	فرقان مبیندن
fuzuli-i bağdadi	فضولئ بغدادی
fuzûlî-i bağdâdî	فضولئ بغدادی
fâide-i ma'neviye	فائدهٔ معنویه
fâil-i muhtâr	فاعل مختار
fâil-i muhtâr'ın	فاعل مختارڭ
fâl-i hayır	فال خیر
fâl-i hayırdır	فال خیردر
fâl-i hayırdır ki	فال خیردركه
fâtiha-i şerîfe	فاتحهٔ شریفه
fâtiha-i şerîfe'de	فاتحهٔ شریفهده
fâtiha-i şerîfe'den	فاتحهٔ شریفهدن
fâtiha-i şerîfe'nin	فاتحهٔ شریفهنڭ
fâtinü'l-asr	فاطن العصر
fâtımatü'z-zehrâ	فاطمة الزهرا
fâtır-ı akdes	فاطر اقدس
fâtır-ı bî-misâl	فاطر بی مثال
fâtır-ı hakîm	فاطر حكیم
fâtır-ı hakîm'den	فاطر حكیمدن
fâtır-ı hakîm'e	فاطر حكیمه
fâtır-ı hakîm'in	فاطر حكیمڭ
fâtır-ı kadîr	فاطر قدیر
fâtır-ı kerîm	فاطر كریم
fâtır-ı kādir	فاطر قادر
fâtır-ı zülcelâl	فاطر ذوالجلال
fâtır-ı zülcelâl'in	فاطر ذوالجلالڭ
fîzâr-ı istimdâdkârâne	فیزار استمدادكارانه
fünun-u asriyeyi	فنون عصریهیی
fünun-u müsbete	فنون مثبته
fünûn-u asriyeyi	فنون عصریهیی
fünûn-u müsbete	فنون مثبته
fütuhat-ı islamiye'nin	فتوحات اسلامیهنڭ
fütuhat-ı nuriye	فتوحات نوریه
fütuhat-ı nuriyenin	فتوحات نوریهنڭ
fütuhat-ı nuriyeyi	فتوحات نوریهیی
fütuhu'l-gayb	فتوح الغیب
fütûhu'l-gayb	فتوح الغیب
fütûhât-ı islâmiye'nin	فتوحات اسلامیهنڭ
fütûhât-ı nûriye	فتوحات نوریه
fütûhât-ı nûriyenin	فتوحات نوریهنڭ
fütûhât-ı nûriyeyi	فتوحات نوریهیی
fıkra da	فقره ده
fırak-ı dallenin	فرق ضالّهنڭ
fırak-ı dâllenin	فرق ضالّهنڭ
fırka-i dallede	فرقهٔ ضالّهده
fırka-i dâllede	فرقهٔ ضالّهده
fırtına-i ruhiye	فیرطینهٔ روحیّه
fırtına-i rûhiye	فیرطینهٔ روحیّه
fıtrat-ı beşeriyede	فطرت بشریهده
fıtrat-ı beşeriyedeki	فطرت بشریهدهكی
fıtrat-ı beşeriyenin	فطرت بشریهنڭ
fıtrat-ı insaniyede	فطرت انسانیهده
fıtrat-ı selime	فطرت سلیمه
fıtrat-ı selimenin	فطرت سلیمهنڭ
fıtrat-ı selîme	فطرت سلیمه
fıtrat-ı selîmenin	فطرت سلیمهنڭ
fıtrat-ı zişuur	فطرت ذی شعور
fıtrat-ı zîşuûr	فطرت ذی شعور
gadr-i mutlaktan	غدر مطلقدن
gaflet-i mutlaka	غفلت مطلقه
galat-ı his	غلط حسّ
galat-ı hissin	غلط حسّڭ
galib-i mutlak	غالب مطلق
ganiyy-i mutlak	غنیّ مطلق
ganiyy-i mutlak'ın	غنیّ مطلقڭ
garaibdendir ki	غرائبدندركه
garaz-ı siyasi	غرض سیاسی
garaz-ı siyâsî	غرض سیاسی
garibdir ki	غریبدركه
garibi de	غریبی ده
gariptir ki	غریبدركه
garâibdendir ki	غرائبدندركه
gavs-ı a'zam'da	غوث اعظمده؈
gavs-ı geylani	غوث كیلانی
gavs-ı geylânî	غوث كیلانی
gavsü'l-vasılin	غوث الواصلین
gavsü'l-vâsılîn	غوث الواصلین
gayat-ı irşadında	غایات ارشادنده
gayb-aşina	غیب آشنا
gayb-bin	غیب بین
gayb-bîn	غیب بین
gayb-âşinâ	غیب آشنا
gaybi-i asumani	غیبئ آسمانی
gaybî-i âsumânî	غیبئ آسمانی
gaye-i fıtratı	غایهٔ فطرتی
gaye-i hayal	غایهٔ خیال
gaye-i hayali	غایهٔ خیالی
gaye-i hayalim	غایهٔ خیالم
gaye-i hilkatlerine	غایهٔ خلقتلرینه
gaye-i himmeti	غایهٔ همّتی
gaye-i maksad	غایهٔ مقصد
gaye-i vücud	غایهٔ وجود
gaye-i vücûd	غایهٔ وجود
gayr-i fıtri	غیر فطری
gayr-i fıtrî	غیر فطری
gayr-i ihtiyari	غیر اختیاری
gayr-i ihtiyârî	غیر اختیاری
gayr-i ilmi	غیر علمی
gayr-i ilmî	غیر علمی
gayr-i ma'kul	غیر معقول
gayr-i ma'kuldür	غیر معقولدر
gayr-i ma'kūl	غیر معقول
gayr-i ma'kūldür	غیر معقولدر
gayr-i mahdud	غیر محدود
gayr-i mahdûd	غیر محدود
gayr-i mahrem	غیر محرم
gayr-i mahsur	غیر محصور
gayr-i mahsûr	غیر محصور
gayr-i me'luf	غیر مألوف
gayr-i me'lûf	غیر مألوف
gayr-i melfuz	غیر ملفوظ
gayr-i melfûz	غیر ملفوظ
gayr-i meşru'	غیر مشروع
gayr-i meşrû'	غیر مشروع
gayr-i muntazam	غیر منتظم
gayr-i mümkün	غیر ممكن
gayr-i müslim	غیر مسلم
gayr-i müslimler	غیر مسلملر
gayr-i müslimlerin	غیر مسلملرڭ
gayr-i mütenahi	غیر متناهی
gayr-i mütenahidir	غیر متناهیدر
gayr-i mütenâhî	غیر متناهی
gayr-i mütenâhîdir	غیر متناهیدر
gayr-i resmi	غیر رسمی
gayr-i resmî	غیر رسمی
gayr-i sabit	غیر ثابت
gayr-i sâbit	غیر ثابت
gayr-i tabii	غیر طبیعی
gayr-i tabîî	غیر طبیعی
gayr-ı ilmi	غیر علمی
gayr-ı ilmî	غیر علمی
gayr-ı kabil	غیر قابل
gayr-ı kābil	غیر قابل
gayr-ı mahrem	غیر محرم
gayr-ı resmi	غیر رسمی
gayr-ı resmî	غیر رسمی
gazab-ı ilahi'nin	غضب الهینڭ
gazab-ı ilahiyi	غضب الهی یی
gazab-ı ilâhî'nin	غضب الهینڭ
gazab-ı ilâhîyi	غضب الهی یی
gazat-ı muzırradan	غازات مضرّهدن
gazve-i bedir'de	غزوهٔ بدرده
gazve-i huneyn'de	غزوهٔ حنینده
gazve-i uhud'da	غزوهٔ احدده
geldi ki	كلدیكه
gelecek ki	كلهجككه
gelir de	كلیر ده
gelir ki	كلیركه
gelir mi	كلیرمی
geliyor ki	كلییوركه
geliyordu ki	كلییوردیكه
gelmesin ki	كلمسینكه
gelmez mi	كلمزمی
gelmiş ki	كلمشكه
gelmiş mi	كلمشمی
gelmiştir ki	كلمشدركه
gelse de	كلسه ده
gemi-i cebbar	كمئ جبّار
gemi-i cebbâr	كمئ جبّار
gençlik rehberi	كنچلك رهبری
gerektir ki	كركدركه
getirdi ki	كتیردیكه
getiriyorlar ki	كتیرییورلركه
getirmez ki	كتیرمزكه
getirmiş ki	كتیرمشكه
getirmiştir ki	كتیرمشدركه
geçer ki	كچركه
geçmez mi	كچمزمی
geçmiştir ki	كچمشدركه
gibi de	كبی ده
gibi ki	كبیكه
gibidir ki	كبیدركه
girmeseler de	كیرمهسهلر ده
gitse de	كیتسه ده
guna-gun	كونا كون
gurur-u millileri	غرور ملّیلری
gurûr-u millîleri	غرور ملّیلری
gönderiyorum ki	كوندرییورمكه
gör ki	كوركه
gördü ki	كوردیكه
gördük ki	كوردككه
gördüler ki	كوردیلركه
gördüm ki	كوردمكه
görecekler ki	كورهجكلركه
göreceksin ki	كورهجكسڭكه
göreceğiniz de	كورهجكڭز ده
göremiyor ki	كورهمییوركه
görmese de	كورمهسه ده
görmez misin	كورمزمیسڭ
görmüyor musun	كورمییورمیسڭ
görmüyor musun ki	كورمییورمیسڭكه
görmüyor musunuz	كورمییورمیسڭز
görmüyor musunuz ki	كورمییورمیسڭزكه
görmüyorlar ki	كورمییورلركه
görmüş ki	كورمشكه
görmüşler ki	كورمشلركه
görse de	كورسه ده
görsen ki	كورسهڭكه
görülmüyor mu ki	كورولمییورمیكه
görülür ki	كورولوركه
görülüyor ki	كورولویوركه
göründü ki	كوروندیكه
görünse de	كورونسه ده
görünür de	كورونور ده
görünür ki	كورونوركه
görünüyor ki	كورونویوركه
görüp de	كوروب ده
görür ki	كوروركه
görürsün ki	كورورسڭكه
görüyor ki	كورییوركه
görüyordum ki	كورییوردمكه
görüyorlar ki	كورییورلركه
görüyorsun ki	كورییورسڭكه
görüyorsunuz ki	كورییورسڭزكه
görüyorum ki	كورویورمكه
görüyoruz ki	كورییورزكه
görüşmenin de	كوروشمهنڭ ده
gösterdi ki	كوستردیكه
gösterdiler ki	كوستردیلركه
gösterdin ki	كوستردڭكه
göstereceğiz ki	كوسترهجكزكه
gösterildi ki	كوستریلدیكه
gösteriliyor ki	كوستریلییوركه
gösterilmiştir ki	كوستریلمشدركه
gösterir ki	كوستریركه
gösterir mi	كوستریرمی
gösteriyor ki	كوسترییوركه
gösteriyorlar ki	كوسترییورلركه
göstermiyor mu	كوسترمییورمی
göstermiş ki	كوسترمشكه
göstermişler ki	كوسترمشلركه
göstermiştir ki	كوسترمشدركه
gözlere de	كوزلره ده
gözlerine de	كوزلرینه ده
gözü de	كوزی ده
gözüyle de	كوزیله ده
göç mü	كوچمی
gûnâ-gûn	كونا كون
gülcü hüseyin	كلجی حسین
gülzar-ı gülistandır	كلزار كلستاندر
gülzâr-ı gülistândır	كلزار كلستاندر
gün de	كون ده
günah-ı kebairi	كناه كبائری
günah-ı kebiri	كناه كبیری
günde de	كونده ده
günden beri	كوندنبری
gündüz de	كوندوز ده
gündüzü de	كوندوزی ده
güneştir ki	كونشدركه
günâh-ı kebâiri	كناه كبائری
günâh-ı kebîri	كناه كبیری
güveniyordum ki	كوونییوردمكه
güveniyorsun ki	كوونییورسڭكه
güzel de	كوزل ده
güzel-çirkin	كوزل چركین
güzeldir ki	كوزلدركه
gālib-i mutlak	غالب مطلق
gāye-i fıtratı	غایهٔ فطرتی
gāye-i hayâl	غایهٔ خیال
gāye-i hayâli	غایهٔ خیالی
gāye-i hayâlim	غایهٔ خیالم
gāye-i hilkatlerine	غایهٔ خلقتلرینه
gāye-i himmeti	غایهٔ همّتی
gāye-i maksad	غایهٔ مقصد
gāyât-ı irşâdında	غایات ارشادنده
gāzât-ı muzırradan	غازات مضرّهدن
gıda-yı kudsisiyle	غدای قدسیسیله
gıda-yı ma'nevidir	غدای معنویدر
gıdâ-yı kudsîsiyle	غدای قدسیسیله
gıdâ-yı ma'nevîdir	غدای معنویدر
gına-yı mutlakın	غنای مطلقڭ
gına-yı mutlakına	غنای مطلقنه
gınâ-yı mutlakın	غنای مطلقڭ
gınâ-yı mutlakına	غنای مطلقنه
h sabri	ح صبری
h sabrî	ح صبری
haber-i gaybiyi	خبر غیبی یی
haber-i gaybîyi	خبر غیبی یی
haber-i vahid	خبر واحد
haber-i vâhid	خبر واحد
haberdir ki	خبردركه
habib-i ekrem	حبیب اكرم
habib-i ekrem'ini	حبیب اكرمنی
habib-i ekrem'inin	حبیب اكرمنڭؐ
habib-i rabbü'l-alemin	حبیب ربّ العالمین
habîb-i ekrem	حبیب اكرم
habîb-i ekrem'ini	حبیب اكرمنی
habîb-i ekrem'inin	حبیب اكرمنڭؐ
habîb-i rabbü'l-âlemîn	حبیب ربّ العالمین
hacat-ı beşeriyeyi	حاجات بشریهیی
hacat-ı gayr-i zaruriye	حاجات غیر ضروریه
hacat-ı hayvaniyeye	حاجات حیوانیهیه
hacat-ı ma'neviyesine	حاجات معنویهسنه
hacat-ı maddiyelerinin	حاجات مادّیهلرینڭ
hacat-ı zaruriye	حاجات ضروریه
hacat-ı zaruriyeden	حاجات ضروریهدن
hacat-ı zaruriyeye	حاجات ضروریهیه
hacc-ı ekber	حجّ اكبر
haccac-ı zalim	حجّاج ظالم
haccâc-ı zâlim	حجّاج ظالم
hacerü'l-esved	حجر الاسود
hacerü'l-esved'e	حجر الاسوده
hacet-i amme	حاجت عامّه
hacet-i zaruriye	حاجت ضروریه
hacet-i zaruriyesi	حاجت ضروریهسی
hacı bekir	حاجی بكر
hacı hafız	حاجی حافظ
hacı hafız mehmed	حاجی حافظ محمد
hacı hafız'ın	حاجی حافظڭ
hacı hâfız	حاجی حافظ
hacı hâfız mehmed	حاجی حافظ محمد
hacı hâfız'ın	حاجی حافظڭ
hacı ibrahim efendi'ye	حاجی ابراهیم افندی یه
hacı osman	حاجی عثمان
hacı osman'la	حاجی عثمانله
hacı osmân	حاجی عثمان
hacı sabri	حاجی صبری
hadd-i büluğa	حدّ بلوغه
hadd-i bülûğa	حدّ بلوغه
hadd-i kemale	حدّ كماله
hadd-i kemâle	حدّ كماله
hadd-i vasat	حدّ وسط
hadd-i zatında	حدّ ذاتنده
hadd-i zâtında	حدّ ذاتنده
haddi midir ki	حدّیمیدركه
hadim-i kur'an	خادم قرآن
hadim-i nebevi	خادم نبوی
hadis de	حدیث ده
hadis-i alisine	حدیث عالیسنه
hadis-i sahih	حدیث صحیح
hadis-i sahihte	حدیث صحیحده
hadis-i şerif	حدیث شریف
hadis-i şerifi	حدیث شریفی
hadis-i şerifin	حدیث شریفڭ
hadis-i şerifine	حدیث شریفنه
hadis-i şerifinin	حدیث شریفنڭ
hadis-i şerifiyle	حدیث شریفیله
hadis-i şerifte	حدیث شریفده
hadis-i şerifteki	حدیث شریفدهكی
hadis-i şeriften	حدیث شریفدن
hadisat-ı acibeye	حادثات عجیبهیه
hadisat-ı ahkamı	حادثات احكامی
hadisat-ı alem	حادثات عالم
hadisat-ı istikbaliye	حادثات استقبالیه
hadisat-ı kevniye	حادثات كونیه
hadisat-ı kevniyenin	حادثات كونیهنڭ
hadisat-ı kevniyeyi	حادثات كونیهیی
hadisat-ı tarihiye	حادثات تاریخیه
hadisat-ı zamaniye	حادثات زمانیه
hadise de	حادثه ده
hadise-i cevviyeyi	حادثهء جوّیهیی
hadise-i cüz'iyeyi	حادثهٔ جزئیهیی
hadise-i muhammediye	حادثهٔ محمّدیهؐ
hadise-i ruhaniyeyi	حادثهٔ روحانیهیی
hadise-i semaviye	حادثهٔ سماویه
hadise-i taarruziyeden	حادثهٔ تعرّضیهدن
hadise-i şer'iyeyi	حادثهٔ شرعیهیی
hadiseler de	حادثهلر ده
hads-i kat'i	حدس قطعی
hads-i kat'î	حدس قطعی
hads-i sadıkla	حدس صادقله
hads-i sâdıkla	حدس صادقله
hads-i vicdani	حدس وجدانی
hads-i vicdânî	حدس وجدانی
hadîs de	حدیث ده
hadîs-i sahîh	حدیث صحیح
hadîs-i sahîhte	حدیث صحیحده
hadîs-i âlîsine	حدیث عالیسنه
hadîs-i şerîf	حدیث شریف
hadîs-i şerîfi	حدیث شریفی
hadîs-i şerîfin	حدیث شریفڭ
hadîs-i şerîfine	حدیث شریفنه
hadîs-i şerîfinin	حدیث شریفنڭ
hadîs-i şerîfiyle	حدیث شریفیله
hadîs-i şerîfte	حدیث شریفده
hadîs-i şerîfteki	حدیث شریفدهكی
hadîs-i şerîften	حدیث شریفدن
hafiz-i zülcelal	حفیظ ذوالجلال
hafiz-i zülcelal'in	حفیظ ذوالجلالڭ
haftadan beri	هفتهدنبری
hafîz-i zülcelâl	حفیظ ذوالجلال
hafîz-i zülcelâl'in	حفیظ ذوالجلالڭ
hafız ahmed	حافظ احمد
hafız ahmed'in	حافظ احمدڭ
hafız ali	حافظ علی
hafız ali rahmetullahi aleyh	حافظ علی رحمة اللّه علیه
hafız ali'nin	حافظ علینڭ
hafız ali'si	حافظ علیسی
hafız ali'ye	حافظ علی یه
hafız ali'yi	حافظ علی یی
hafız emin	حافظ امین
hafız emin'in	حافظ امینڭ
hafız halid	حافظ خالد
hafız hüseyin	حافظ حسین
hafız mehmed	حافظ محمد
hafız mehmed'i	حافظ محمدی
hafız mehmed'in	حافظ محمدڭ
hafız mustafa	حافظ مصطفی
hafız mustafa'nın	حافظ مصطفینڭ
hafız mustafa'ya	حافظ مصطفی یه
hafız osman	حافظ عثمان
hafız tevfik	حافظ توفیق
hafız tevfik'in	حافظ توفیقڭ
hafız zühdü	حافظ زهدی
hafız-ı hakiki	حافظ حقیقی
hafız-ı kur'an	خافظ قرآن
hah na-hah	خواه نا خواه
haim nahum	حایم ناحوم
hak da	حق ده
hak ile yeksan	خاك ایله یكسان
hak-i der-i al-i aba	خاك در آل عبا
hak-i payinizden	خاك پایڭزدن
hakaik-aşina	حقائق آشنا
hakaik-i ahvali	حقائق احوالی
hakaik-i aliyeyi	حقائق عالیهیی
hakaik-i diniye	حقائق دینیه
hakaik-i diniyeyi	حقائق دینیهیی
hakaik-i gaybiye	حقائق غیبیّه
hakaik-i gaybiyeye	حقائق غیبیهیه
hakaik-i gaybiyeyi	حقائق غیبیهیی
hakaik-i i'cazını	حقائق اعجازینی
hakaik-i ilahiye	حقائق الهیه
hakaik-i ilahiyede	حقائق الهیهده
hakaik-i ilahiyeden	حقائق الهیهدن
hakaik-i ilahiyenin	حقائق الهیهنڭ
hakaik-i ilahiyeye	حقائق الهیهیه
hakaik-i imana	حقائق ایمانه
hakaik-i imaniye	حقائق ایمانیه
hakaik-i imaniyede	حقائق ایمانیهده
hakaik-i imaniyeden	حقائق ایمانیهدن
hakaik-i imaniyenin	حقائق ایمانیهنڭ
hakaik-i imaniyesini	حقائق ایمانیهسنی
hakaik-i imaniyeye	حقائق ایمانیهیه
hakaik-i imaniyeyi	حقائق ایمانیهیی
hakaik-i islamiye	حقائق اسلامیه
hakaik-i islamiyeye	حقائق اسلامیهیه
hakaik-i islamiyeyi	حقائق اسلامیهیی
hakaik-i kainat	حقائق كائنات
hakaik-i kudsiyenin	حقائق قدسیهنڭ
hakaik-i kur'aniye	حقائق قرآنیه
hakaik-i kur'aniyeden	حقائق قرآنیهدن
hakaik-i kur'aniyenin	حقائق قرآنیهنڭ
hakaik-i kur'aniyeye	حقائق قرآنیهیه
hakaik-i kur'aniyeyi	حقائق قرآنیهیی
hakaik-i kur'anın	حقائق قرآنڭ
hakaik-i nisbiye	حقائق نسبیه
hakaik-i nisbiyenin	حقائق نسبیهنڭ
hakaik-i şeriata	حقائق شریعته
hakaik-i şeriatın	حقائق شریعتڭ
hakikat da	حقیقت ده
hakikat de	حقیقت ده
hakikat ki	حقیقتكه
hakikat mi	حقیقتمی
hakikat-bin	حقیقت بین
hakikat-i adaleti	حقیقت عدالتی
hakikat-i ahmediye	حقیقت احمدیّهؐ
hakikat-i alem	حقیقت عالم
hakikat-i aliye	حقیقت عالیه
hakikat-i aliyesi	حقیقت عالیهسی
hakikat-i cazibedarın	حقیقت جاذبهدارڭ
hakikat-i ekber-i haşriye	حقیقت اكبر حشریه
hakikat-i hadisiye	حقیقت حدیثیّه
hakikat-i hadisiyeyi	حقیقت حدیثیّهیی
hakikat-i hal	حقیقت حال
hakikat-i halde	حقیقت حالده
hakikat-i hale	حقیقت حاله
hakikat-i hali	حقیقت حالی
hakikat-i hariciye	حقیقت خارجیه
hakikat-i hariciyeye	حقیقت خارجیهیه
hakikat-i haşriyenin	حقیقت حشریهنڭ
hakikat-i haşriyeyi	حقیقت حشریهیی
hakikat-i ihlas	حقیقت اخلاص
hakikat-i ihlaslarına	حقیقت اخلاصلرینه
hakikat-i ilmiyeye	حقیقت علمیهیه
hakikat-i iman	حقیقت ایمان
hakikat-i imaniye	حقیقت ایمانیه
hakikat-i imaniyenin	حقیقت ایمانیهنڭ
hakikat-i imaniyeye	حقیقت ایمانیهیه
hakikat-i imaniyeyi	حقیقت ایمانیهیی
hakikat-i islamiye	حقیقت اسلامیه
hakikat-i islamiyenin	حقیقت اسلامیهنڭ
hakikat-i islamiyete	حقیقت اسلامیته
hakikat-i islamiyetin	حقیقت اسلامیتڭ
hakikat-i kemalatı	حقیقت كمالاتی
hakikat-i kerimaneyi	حقیقت كریمانهیی
hakikat-i kudsiye	حقیقت قدسیّه
hakikat-i kudsiyeyi	حقیقت قدسیّهیی
hakikat-i kur'an	حقیقت قرآن
hakikat-i kur'ana	حقیقت قرآنه
hakikat-i kur'aniye	حقیقت قرآنیه
hakikat-i kur'aniyedir	حقیقت قرآنیهدر
hakikat-i kur'aniyenin	حقیقت قرآنیهنڭ
hakikat-i kur'aniyeye	حقیقت قرآنیهیه
hakikat-i kur'aniyeyi	حقیقت قرآنیهیی
hakikat-i kübrasını	حقیقت كبراسنی
hakikat-i leyle-i kadir	حقیقت لیلهٔ قدر
hakikat-i leyle-i kadri	حقیقت لیلهٔ قدری
hakikat-i mahbubedir	حقیقت محبوبهدر
hakikat-i meslekleri	حقیقت مسلكلری
hakikat-i mevt	حقیقت موت
hakikat-i mevti	حقیقت موتی
hakikat-i mi'rac	حقیقت معراج
hakikat-i muhammediye	حقیقت محمّدیهؐ
hakikat-i muhammediyenin	حقیقت محمّدیهنڭؐ
hakikat-i sabite	حقیقت ثابته
hakikat-i uzmanın	حقیقت عظمانڭ
hakikat-i uzmayı	حقیقت عظمایی
hakikat-medar	حقیقت مدار
hakikat-ı rahmet-i alem	حقیقت رحمت عالم
hakikati de	حقیقتی ده
hakikatidir ki	حقیقتیدركه
hakikattir ki	حقیقتدركه
hakim-i adil	حاكم عادل
hakim-i ezel	حاكم ازل
hakim-i ezeli	حكیم أزلی
hakim-i ezeli'nin	حاكم ازلینڭ
hakim-i ezeli'sinin	حاكم ازلیسنڭ
hakim-i hakim	حاكم حكیم
hakim-i mutlak	حكیم مطلق
hakim-i mutlak'dan	حكیم مطلقدن
hakim-i mutlak'dır	حاكم مطلقدر
hakim-i mutlak'ın	حكیم مطلقڭ
hakim-i rahim	حكیم رحیم
hakim-i rahim'in	حكیم رحیمڭ
hakim-i zülcelal	حكیم ذوالجلال
hakim-i zülcelal'e	حكیم ذوالجلاله
hakim-i zülcelal'i	حكیم ذوالجلالی
hakim-i zülcelal'in	حكیم ذوالجلالڭ
hakim-i zülcemal'in	حكیم ذوالجمالڭ
hakim-i zülkemal	حكیم ذوالكمال
hakim-i zülkemal'in	حكیم ذوالكمالڭ
hakimiyet-i amme	حاكمیت عامّه
hakimiyet-i islamiyeden	حاكمیت اسلامیهدن
hakimiyet-i islamiyeye	حاكمیت اسلامیهیه
hakimiyet-i mutlaka	حاكمیت مطلقه
hakimiyet-i nuraniyesi	حاكمیت نورانیهسی
hakk-ı hayatı	حقّ حیاتی
hakka ki	حقّاكه
hakkā ki	حقّاكه
hakkı efendi	حقّی افندی
hakkı efendi'nin	حقّی افندینڭ
hakkımda da	حقّمده ده
hakkında da	حقّنده ده
haktır ki	حقدركه
hakîkat da	حقیقت ده
hakîkat de	حقیقت ده
hakîkat ki	حقیقتكه
hakîkat mi	حقیقتمی
hakîkat-bîn	حقیقت بین
hakîkat-i adâleti	حقیقت عدالتی
hakîkat-i ahmediye	حقیقت احمدیّهؐ
hakîkat-i câzibedârın	حقیقت جاذبهدارڭ
hakîkat-i ekber-i haşriye	حقیقت اكبر حشریه
hakîkat-i hadîsiye	حقیقت حدیثیّه
hakîkat-i hadîsiyeyi	حقیقت حدیثیّهیی
hakîkat-i haşriyenin	حقیقت حشریهنڭ
hakîkat-i haşriyeyi	حقیقت حشریهیی
hakîkat-i hâl	حقیقت حال
hakîkat-i hâlde	حقیقت حالده
hakîkat-i hâle	حقیقت حاله
hakîkat-i hâli	حقیقت حالی
hakîkat-i hâriciye	حقیقت خارجیه
hakîkat-i hâriciyeye	حقیقت خارجیهیه
hakîkat-i ihlâs	حقیقت اخلاص
hakîkat-i ihlâslarına	حقیقت اخلاصلرینه
hakîkat-i ilmiyeye	حقیقت علمیهیه
hakîkat-i islâmiye	حقیقت اسلامیه
hakîkat-i islâmiyenin	حقیقت اسلامیهنڭ
hakîkat-i islâmiyete	حقیقت اسلامیته
hakîkat-i islâmiyetin	حقیقت اسلامیتڭ
hakîkat-i kemâlâtı	حقیقت كمالاتی
hakîkat-i kerîmâneyi	حقیقت كریمانهیی
hakîkat-i kudsiye	حقیقت قدسیّه
hakîkat-i kudsiyeyi	حقیقت قدسیّهیی
hakîkat-i kur'ân	حقیقت قرآن
hakîkat-i kur'âna	حقیقت قرآنه
hakîkat-i kur'âniye	حقیقت قرآنیه
hakîkat-i kur'âniyedir	حقیقت قرآنیهدر
hakîkat-i kur'âniyenin	حقیقت قرآنیهنڭ
hakîkat-i kur'âniyeye	حقیقت قرآنیهیه
hakîkat-i kur'âniyeyi	حقیقت قرآنیهیی
hakîkat-i kübrâsını	حقیقت كبراسنی
hakîkat-i leyle-i kadir	حقیقت لیلهٔ قدر
hakîkat-i leyle-i kadri	حقیقت لیلهٔ قدری
hakîkat-i mahbûbedir	حقیقت محبوبهدر
hakîkat-i meslekleri	حقیقت مسلكلری
hakîkat-i mevt	حقیقت موت
hakîkat-i mevti	حقیقت موتی
hakîkat-i mi'râc	حقیقت معراج
hakîkat-i muhammediye	حقیقت محمّدیهؐ
hakîkat-i muhammediyenin	حقیقت محمّدیهنڭؐ
hakîkat-i sâbite	حقیقت ثابته
hakîkat-i uzmânın	حقیقت عظمانڭ
hakîkat-i uzmâyı	حقیقت عظمایی
hakîkat-i âlem	حقیقت عالم
hakîkat-i âliye	حقیقت عالیه
hakîkat-i âliyesi	حقیقت عالیهسی
hakîkat-i îmân	حقیقت ایمان
hakîkat-i îmâniye	حقیقت ایمانیه
hakîkat-i îmâniyenin	حقیقت ایمانیهنڭ
hakîkat-i îmâniyeye	حقیقت ایمانیهیه
hakîkat-i îmâniyeyi	حقیقت ایمانیهیی
hakîkat-medâr	حقیقت مدار
hakîkat-ı rahmet-i âlem	حقیقت رحمت عالم
hakîkati de	حقیقتی ده
hakîkatidir ki	حقیقتیدركه
hakîkattir ki	حقیقتدركه
hakîm-i ezelî	حكیم أزلی
hakîm-i ezelî'nin	حكیم ازلینڭ
hakîm-i mutlak	حكیم مطلق
hakîm-i mutlak'dan	حكیم مطلقدن
hakîm-i mutlak'ın	حكیم مطلقڭ
hakîm-i rahîm	حكیم رحیم
hakîm-i rahîm'in	حكیم رحیمڭ
hakîm-i zülcelâl	حكیم ذوالجلال
hakîm-i zülcelâl'e	حكیم ذوالجلاله
hakîm-i zülcelâl'i	حكیم ذوالجلالی
hakîm-i zülcelâl'in	حكیم ذوالجلالڭ
hakîm-i zülcemâl'in	حكیم ذوالجمالڭ
hakîm-i zülkemâl	حكیم ذوالكمال
hakîm-i zülkemâl'in	حكیم ذوالكمالڭ
hakāik-i ahvâli	حقائق احوالی
hakāik-i dîniye	حقائق دینیه
hakāik-i dîniyeyi	حقائق دینیهیی
hakāik-i gaybiye	حقائق غیبیّه
hakāik-i gaybiyeye	حقائق غیبیهیه
hakāik-i gaybiyeyi	حقائق غیبیهیی
hakāik-i i'câzını	حقائق اعجازینی
hakāik-i ilâhiye	حقائق الهیه
hakāik-i ilâhiyede	حقائق الهیهده
hakāik-i ilâhiyeden	حقائق الهیهدن
hakāik-i ilâhiyenin	حقائق الهیهنڭ
hakāik-i ilâhiyeye	حقائق الهیهیه
hakāik-i islâmiye	حقائق اسلامیه
hakāik-i islâmiyeye	حقائق اسلامیهیه
hakāik-i islâmiyeyi	حقائق اسلامیهیی
hakāik-i kudsiyenin	حقائق قدسیهنڭ
hakāik-i kur'âniye	حقائق قرآنیه
hakāik-i kur'âniyeden	حقائق قرآنیهدن
hakāik-i kur'âniyenin	حقائق قرآنیهنڭ
hakāik-i kur'âniyeye	حقائق قرآنیهیه
hakāik-i kur'âniyeyi	حقائق قرآنیهیی
hakāik-i kur'ânın	حقائق قرآنڭ
hakāik-i kâinât	حقائق كائنات
hakāik-i nisbiye	حقائق نسبیه
hakāik-i nisbiyenin	حقائق نسبیهنڭ
hakāik-i âliyeyi	حقائق عالیهیی
hakāik-i îmâna	حقائق ایمانه
hakāik-i îmâniye	حقائق ایمانیه
hakāik-i îmâniyede	حقائق ایمانیهده
hakāik-i îmâniyeden	حقائق ایمانیهدن
hakāik-i îmâniyenin	حقائق ایمانیهنڭ
hakāik-i îmâniyesini	حقائق ایمانیهسنی
hakāik-i îmâniyeye	حقائق ایمانیهیه
hakāik-i îmâniyeyi	حقائق ایمانیهیی
hakāik-i şerîata	حقائق شریعته
hakāik-i şerîatın	حقائق شریعتڭ
hakāik-âşinâ	حقائق آشنا
hal-i alem	حال عالم
hal-i alemi	حال عالمی
hal-i hazır	حال حاضر
hal-i hazırda	حال حاضرده
hal-i hazırdaki	حال حاضردهكی
halat-ı telakkisi	حالات تلقّیسی
halet-i ruhaniyede	حالت روحانیهده
halet-i ruhiye	حالت روحیه
halet-i ruhiyem	حالت روحیهم
halet-i ruhiyeye	حالت روحیهیه
halet-i ruhiyeyi	حالت روحیهیی
halet-i vakıfta	حالت وقفده
halife-i arz	خلیفهٔ ارض
halife-i zemin	خلیفهٔ زمین
halife-i zişanı	خلیفهٔ ذیشانی
halik-ı alem	خالق عالم
halik-ı alem'in	خالق عالمڭ
halik-ı arz	خالق ارض
halik-ı hakim	خالق حكیم
halik-ı hakim'i	خالق حكیمی
halik-ı hayır	خالق خیر
halik-ı kainat	خالق كائنات
halik-ı kainat'ı	خالق كائناتی
halik-ı kainat'ın	خالق كائناتڭ
halik-ı kerim	خالق كریم
halik-ı kerim'im	خالق كریمم
halik-ı kerim'in	خالق كریمڭ
halik-ı küll-i şey'	خالق كلّ شیء
halik-ı küll-i şey'e	خالق كلّ شیئه
halik-ı küll-i şey'in	خالق كلّ شیئڭ
halik-ı rahim	خالق رحیم
halik-ı rahim'e	خالق رحیمه
halik-ı rahim'i	خالق رحیمی
halik-ı rahim'imizin	خالق رحیممزڭ
halik-ı rahim'in	خالق رحیمڭ
halik-ı rahim'inin	خالق رحیمنڭ
halik-ı rahimime	خالق رحیممه
halik-ı rahman	خالق رحمن
halik-ı semavat	خالق سماوات
halik-ı zülcelal	خالق ذوالجلال
halik-ı zülcelal'e	خالق ذوالجلاله
halik-ı zülcelal'i	خالق ذوالجلالی
halik-ı zülcelal'in	خالق ذوالجلالڭ
halik-ı zülcelal'ine	خالق ذوالجلالنه
halik-ı zülcelal'ini	خالق ذوالجلالنی
halik-ı zülcelal'inin	خالق ذوالجلالنڭ
halik-ı şer	خالق شرّ
halil ibrahim	خلیل ابراهیم
halil ibrahim'e	خلیل ابراهیمه
halil ibrahim'in	خلیل ابراهیمڭ
halime-i sa'diye'nin	حلیمهٔ سعدیهنڭ
halisdir ki	خالصدركه
halk-ı şer	خلق شر
halka-i tedrisinde	حلقهٔ تدریسنده
halka-i tedrîsinde	حلقهٔ تدریسنده
halka-i tevhidi	حلقهٔ توحیدی
halka-i tevhîdi	حلقهٔ توحیدی
halka-i zikir	حلقهٔ ذكر
halka-i zikri	حلقهٔ ذكری
halka-i zikrin	حلقهٔ ذكرڭ
halka-i zikrinde	حلقهٔ ذكرنده
halketmiştir ki	خلق ایتمشدركه
halklara da	خلقلره ده
halkı da	خلقی ده
hallak-ı lemyezel	خلّاق لم یزل
hallakiyet-i ilahiyenin	خلّاقیت الهیّهنڭ
hallakıyet-i ilahiyenin	خلّاقیّت الهیّهنڭ
hallâk-ı lemyezel	خلّاق لم یزل
hallâkiyet-i ilâhiyenin	خلّاقیت الهیّهنڭ
hallâkıyet-i ilâhiyenin	خلّاقیّت الهیّهنڭ
halîfe-i arz	خلیفهٔ ارض
halîfe-i zemîn	خلیفهٔ زمین
halîfe-i zîşânı	خلیفهٔ ذیشانی
halîl ibrâhîm	خلیل ابراهیم
halîl ibrâhîm'e	خلیل ابراهیمه
halîl ibrâhîm'in	خلیل ابراهیمڭ
halîme-i sa'diye'nin	حلیمهٔ سعدیهنڭ
hamd ü sena	حمد و ثنا
hamd ü senalar	حمد و ثنالر
hamd ü senâ	حمد و ثنا
hamd ü senâlar	حمد و ثنالر
hamden sümme hamden	حمدا ثمّ حمدا
hamele-i arş	حملهٔ عرش
hamiyet-i diniye	حمیت دینیه
hamiyet-i dîniye	حمیت دینیه
hamiyet-i islamiye	حمیّت اسلامیّه
hamiyet-i islamiyenin	حمیّت اسلامیّهنڭ
hamiyet-i islamiyeyi	حمیّت اسلامیّهیی
hamiyet-i islâmiye	حمیّت اسلامیّه
hamiyet-i islâmiyenin	حمیّت اسلامیّهنڭ
hamiyet-i islâmiyeyi	حمیّت اسلامیّهیی
hamiyet-i milliye	حمیّت ملّیّه
hamiyet-i milliyeden	حمیّت ملّیّهدن
hamiyet-i milliyesine	حمیّت ملّیهسنه
hamiyet-i milliyeye	حمیّت ملّیّهیه
hamse-i al-i aba	خمسهٔ آل عبا
hamse-i âl-i abâ	خمسهٔ آل عبا
hane-i devvar	خانهٔ دوّار
hanin-i ciz'	حنین جذع
hannan-ı mennan	حنّان منّان
hannân-ı mennân	حنّان منّان
hanîn-i ciz'	حنین جذع
hanımlardır ki	خانملردركه
haps-i ebedi	حپس ابدی
haps-i ebediden	حپس ابدیدن
haps-i ebedinin	حپس ابدینڭ
haps-i ebedî	حپس ابدی
haps-i ebedîden	حپس ابدیدن
haps-i ebedînin	حپس ابدینڭ
haps-i münferid	حپس منفرد
haps-i münferidde	حپس منفردده
haps-i münferidden	حپس منفرددن
haps-i münferidinden	حپس منفردندن
haps-i münferidine	حپس منفردینه
harab-ı dünyadan	خراب دنیادن
hararet-i gariziye	حرارت غریزیه
hararet-i gariziyenin	حرارت غریزیّهنڭ
hararet-i gariziyeyi	حرارت غریزیّهیی
harb-i umumi	حرب عمومی
harb-i umumi'de	حرب عمومیده
harb-i umumi'den	حرب عمومیدن
harb-i umumi'nin	حرب عمومینڭ
harb-i umumi'yi	حرب عمومی یی
harb-i umumideki	حرب عمومیدهكی
harb-i umumiye	حرب عمومی یه
harb-i umumiyi	حرب عمومی یی
harb-i umûmî	حرب عمومی
harb-i umûmî'de	حرب عمومیده
harb-i umûmî'den	حرب عمومیدن
harb-i umûmî'nin	حرب عمومینڭ
harb-i umûmî'yi	حرب عمومی یی
harb-i umûmîdeki	حرب عمومیدهكی
harb-i umûmîye	حرب عمومی یه
harb-i umûmîyi	حرب عمومی یی
harekat-ı zerrat	حركات ذرّات
harekat-ı zerratı	حركات ذرّاتی
hareket-i arz	حركت ارض
hareket-i arzdan	حركت ارضدن
hareket-i devriye	حركت دوریّه
hareket-i fikriye	حركت فكریه
hareket-i fikriyede	حركت فكریهده
hareket-i mezbuhanedeki	حركت مذبوحانهدهكی
hareket-i mezbûhânedeki	حركت مذبوحانهدهكی
hareket-i mihveriyesiyle	حركت محوریّهسیله
hareket-i zikriyede	حركت ذكریهده
hareket-i şems	حركت شمس
harekât-ı zerrât	حركات ذرّات
harekât-ı zerrâtı	حركات ذرّاتی
harem-i şerif'e	حرم شریفه
harem-i şerîf'e	حرم شریفه
haremeyn-i şerifeyn	حرمین شریفین
haremeyn-i şerifeyn'e	حرمین شریفینه
haremeyn-i şerifeyn'i	حرمین شریفینی
haremeyn-i şerîfeyn	حرمین شریفین
haremeyn-i şerîfeyn'e	حرمین شریفینه
haremeyn-i şerîfeyn'i	حرمین شریفینی
harf-i atıftır	حرف عطفدر
harf-i cer	حرف جر
harflerdir ki	حرفلردركه
haric-i alem-i islam'da	خارج عالم اسلامده
haric-i daire-i akıldır	خارج دائرهٔ عقلدر
harika-i hikmet	خارقهٔ حكمت
harika-i kudret	خارقهٔ قدرت
harika-i san'at	خارقهٔ صنعت
harika-i zamani	خارقهٔ زمانی
harâb-ı dünyâdan	خراب دنیادن
harâret-i garîziye	حرارت غریزیه
harâret-i garîziyenin	حرارت غریزیّهنڭ
harâret-i garîziyeyi	حرارت غریزیّهیی
hasan atıf	حسن عاطف
hasan atıf'ın	حسن عاطفڭ
hasan efendi	حسن افندی
hasan feyzi	حسن فیضی
hasan feyzi'ler	حسن فیضیلر
hasan feyzi'nin	حسن فیضینڭ
hasan feyzi'si	حسن فیضیسی
hasan feyzî	حسن فیضی
hasan feyzî'ler	حسن فیضیلر
hasan feyzî'nin	حسن فیضینڭ
hasan feyzî'si	حسن فیضیسی
hasan âtıf	حسن عاطف
hasan âtıf'ın	حسن عاطفڭ
hasbe'l-beşeriye	حسب البشریه
hasbe'l-kader	حسب القدر
hasenedir ki	حسنهدركه
haslet-i memduha	خصلت ممدوحه
haslet-i memduhadır	خصلت ممدوحهدر
haslet-i memdûha	خصلت ممدوحه
haslet-i memdûhadır	خصلت ممدوحهدر
hasr-ı fikir	حصر فكر
hasr-ı nazar	حصر نظر
hassalarını da	خاصّهلرینی ده
hassasiyet-i fevkalade	حسّاسیّت فوق العاده
hassastır ki	حسّاسدركه
hassasındandır ki	خاصّهسندندركه
hassâsiyet-i fevkalâde	حسّاسیّت فوق العاده
hassâstır ki	حسّاسدركه
hastalık da	خستهلق ده
hastalığımı da	خستهلغمی ده
hasıl-ı bilmasdar	حاصل بالمصدر
hasıl-ı kelam	حاصل كلام
hata-savab	خطا صواب
hatadır ki	خطادركه
hatalar da	خطالر ده
hatem-i ehadiyet	خاتم احدیت
hatem-i ehadiyeti	خاتم احدیتی
hatem-i inayeti	خاتم عنایتی
hatem-i nübüvveti	خاتم نبوّتی
hatem-i rahimiyeti	خاتم رحیمیّتی
hatem-i rahmet	خاتم رحمت
hatem-i tai	حاتم طائی
hatem-i vahdaniyet	خاتم وحدانیت
hatem-i vahdet	خاتم وحدت
hatemü'l-enbiya	خاتم الانبیا
hatemü'l-enbiya'dır	خاتم الانبیادر
hatib-i a'zam	خطیب اعظم
hatm-i kelam	ختم كلام
hatm-i kelâm	ختم كلام
hatme-i ahmediyenin	ختمهٔ احمدیهنڭؐ
hatme-i kübrasında	ختمهٔ كبراسنده
hatme-i kübrâsında	ختمهٔ كبراسنده
hatme-i nakşiyede	ختمهٔ نقشیهده
hatt-ı hakikisine	خطّ حقیقیسنه
hatt-ı hakîkîsine	خطّ حقیقیسنه
hatt-ı hareket	خطّ حركت
hatt-ı kur'an	خطّ قرآن
hatt-ı kur'ani	خطّ قرآنی
hatt-ı kur'aniye	خطّ قرآنی یه
hatt-ı kur'ân	خطّ قرآن
hatt-ı kur'ânî	خطّ قرآنی
hatt-ı kur'ânîye	خطّ قرآنی یه
hatt-ı muvasalayı	خطّ مواصلهیی
hatt-ı muvâsalayı	خطّ مواصلهیی
hatt-ı müstakim	خطّ مستقیم
hatt-ı müstakîm	خطّ مستقیم
hatâ-savâb	خطا صواب
hatâlar da	خطالر ده
hatîb-i a'zam	خطیب اعظم
hatıra-i hakikatle	خاطرهٔ حقیقتله
hatırat-ı gaybiye	خاطرات غیبیه
hatırat-ı kalbimi	خاطرات قلبمی
havalide de	حوالیده ده
havarik-ı medeniyet	خوارق مدنیت
havassa da	خواصّه ده
havz-ı kevser	حوض كوثر
havâlîde de	حوالیده ده
havârik-ı medeniyet	خوارق مدنیت
havâssa da	خواصّه ده
hayal de	خیال ده
hayal-meyal	خیال میال
hayat da	حیات ده
hayat ki	حیاتكه
hayat-ı bakiye	حیات باقیه
hayat-ı bakiyede	حیات باقیهده
hayat-ı bakiyenin	حیات باقیهنڭ
hayat-ı bakiyesine	حیات باقیهسنه
hayat-ı bakiyeye	حیات باقیهیه
hayat-ı bakiyeyi	حیات باقیهیی
hayat-ı beşeriyenin	حیات بشریهنڭ
hayat-ı bâkiye	حیات باقیه
hayat-ı bâkiyede	حیات باقیهده
hayat-ı bâkiyesine	حیات باقیهسنه
hayat-ı cavidan	حیات جاویدان
hayat-ı daime	حیات دائمه
hayat-ı diniye	حیات دینیه
hayat-ı dâime	حیات دائمه
hayat-ı dîniye	حیات دینیه
hayat-ı dünyaya	حیات دنیایه
hayat-ı dünyeviye	حیات دنیویه
hayat-ı dünyeviyede	حیات دنیویهده
hayat-ı dünyeviyeden	حیات دنیویهدن
hayat-ı dünyeviyenin	حیات دنیویهنڭ
hayat-ı dünyeviyesi	حیات دنیویهسی
hayat-ı dünyeviyesinde	حیات دنیویهسنده
hayat-ı dünyeviyesine	حیات دنیویهسنه
hayat-ı dünyeviyesini	حیات دنیویهسنی
hayat-ı dünyeviyeye	حیات دنیویهیه
hayat-ı dünyeviyeyi	حیات دنیویهیی
hayat-ı dünyeviyeyi de	حیات دنیویّهیی ده
hayat-ı dünyâya	حیات دنیایه
hayat-ı ebediye	حیات ابدیه
hayat-ı ebediyede	حیات ابدیّهده
hayat-ı ebediyelerine	حیات ابدیهلرینه
hayat-ı ebediyelerini	حیات ابدیهلرینی
hayat-ı ebediyemize	حیات ابدیّهمزه
hayat-ı ebediyemizi	حیات ابدیّهمزی
hayat-ı ebediyenin	حیات ابدیهنڭ
hayat-ı ebediyesi	حیات ابدیهسی
hayat-ı ebediyesini	حیات ابدیهسنی
hayat-ı ebediyesinin	حیات ابدیهسنڭ
hayat-ı ebediyeye	حیات ابدیهیه
hayat-ı ebediyeyi	حیات ابدیهیی
hayat-ı ezeliye	حیات ازلیه
hayat-ı faniyede	حیات فانیهده
hayat-ı faniyeden	حیات فانیهدن
hayat-ı faniyenin	حیات فانیهنڭ
hayat-ı faniyeye	حیات فانیهیه
hayat-ı fâniyeye	حیات فانیهیه
hayat-ı hayvaniye	حیات حیوانیه
hayat-ı hayvâniye	حیات حیوانیه
hayat-ı ictimaiye	حیات اجتماعیه
hayat-ı ictimaiye-i beşeriye	حیات اجتماعیهٔ بشریه
hayat-ı ictimaiye-i beşeriyede	حیات اجتماعیهٔ بشریهده
hayat-ı ictimaiye-i beşeriyenin	حیات اجتماعیهٔ بشریهنڭ
hayat-ı ictimaiye-i beşeriyeye	حیات اجتماعیهٔ بشریهیه
hayat-ı ictimaiye-i beşeriyeyi	حیات اجتماعیهٔ بشریهیی
hayat-ı ictimaiye-i insaniye	حیات اجتماعیهٔ انسانیه
hayat-ı ictimaiye-i insaniyede	حیات اجتماعیهٔ انسانیهده
hayat-ı ictimaiye-i insaniyenin	حیات اجتماعیهٔ انسانیهنڭ
hayat-ı ictimaiye-i insaniyeye	حیات اجتماعیهٔ انسانیهیه
hayat-ı ictimaiye-i islamiye	حیات اجتماعیهٔ اسلامیه
hayat-ı ictimaiye-i islamiyede	حیات اجتماعیهٔ اسلامیهده
hayat-ı ictimaiye-i islamiyeye	حیات اجتماعیهٔ اسلامیهیه
hayat-ı ictimaiyece	حیات اجتماعیهجه
hayat-ı ictimaiyede	حیات اجتماعیهده
hayat-ı ictimaiyedeki	حیات اجتماعیهدهكی
hayat-ı ictimaiyeden	حیات اجتماعیهدن
hayat-ı ictimaiyelerinde	حیات اجتماعیهلرنده
hayat-ı ictimaiyelerine	حیات اجتماعیهلرینه
hayat-ı ictimaiyelerini	حیات اجتماعیهلرینی
hayat-ı ictimaiyemize	حیات اجتماعیهمزه
hayat-ı ictimaiyemizi	حیات اجتماعیهمزی
hayat-ı ictimaiyenin	حیات اجتماعیهنڭ
hayat-ı ictimaiyesi	حیات اجتماعیهسی
hayat-ı ictimaiyesinde	حیات اجتماعیهسنده
hayat-ı ictimaiyesine	حیات اجتماعیهسنه
hayat-ı ictimaiyesini	حیات اجتماعیهسنی
hayat-ı ictimaiyesinin	حیات اجتماعیهسنڭ
hayat-ı ictimaiyesiyle	حیات اجتماعیهسیله
hayat-ı ictimaiyeye	حیات اجتماعیهیه
hayat-ı ictimaiyeyi	حیات اجتماعیهیی
hayat-ı ictimâiye-i beşeriyede	حیات اجتماعیهٔ بشریهده
hayat-ı ictimâiye-i insaniyede	حیات اجتماعیهٔ انسانیهده
hayat-ı ictimâiye-i insâniye	حیات اجتماعیهٔ انسانیه
hayat-ı ictimâiyedeki	حیات اجتماعیهدهكی
hayat-ı ictimâiyelerinde	حیات اجتماعیهلرنده
hayat-ı ictimâiyelerine	حیات اجتماعیهلرینه
hayat-ı ictimâiyelerini	حیات اجتماعیهلرینی
hayat-ı ictimâiyemizi	حیات اجتماعیهمزی
hayat-ı ictimâiyesi	حیات اجتماعیهسی
hayat-ı ictimâiyesinin	حیات اجتماعیهسنڭ
hayat-ı ictimâiyesiyle	حیات اجتماعیهسیله
hayat-ı ilmiyem	حیات علمیهم
hayat-ı imaniyeyi	حیات ایمانیهیی
hayat-ı insaniye	حیات انسانیه
hayat-ı insaniyenin	حیات انسانیهنڭ
hayat-ı insaniyeye	حیات انسانیهیه
hayat-ı kainatın	حیات كائناتڭ
hayat-ı kâinâtın	حیات كائناتڭ
hayat-ı ma'neviye	حیات معنویه
hayat-ı ma'neviyesine	حیات معنویهسنه
hayat-ı muhammediye	حیات محمّدیّهؐ
hayat-ı mutlakanın	حیات مطلقهنڭ
hayat-ı nebatiyenin	حیات نباتیهنڭ
hayat-ı nebâtiyenin	حیات نباتیهنڭ
hayat-ı sermediye	حیات سرمدیه
hayat-ı siyasiye	حیات سیاسیّه
hayat-ı siyasiyeden	حیات سیاسیهدن
hayat-ı siyasiyelerinde	حیات سیاسیهلرنده
hayat-ı siyasiyeye	حیات سیاسیهیه
hayat-ı siyâsiye	حیات سیاسیّه
hayat-ı siyâsiyelerinde	حیات سیاسیهلرنده
hayat-ı uhreviye	حیات اخرویه
hayat-ı uhreviyenin	حیات اخرویهنڭ
hayat-ı uhreviyesini	حیات اخرویهسنی
hayat-ı uhreviyeye	حیات اخرویهیه
hayat-ı uhreviyeyi	حیات اخرویهیی
hayat-ı îmâniyeyi	حیات ایمانیهیی
hayat-ı şahsiye	حیات شخصیه
hayat-ı şahsiyece	حیات شخصیهجه
hayat-ı şahsiyelerinde	حیات شخصیهلرنده
hayat-ı şahsiyesine	حیات شخصیهسنه
hayat-ı şahsiyeye	حیات شخصیهیه
hayat-ı şehriye	حیات شهریه
hayatı da	حیاتی ده
hayatımı da	حیاتمی ده
hayfa ki	حیفاكه
hayfâ ki	حیفاكه
hayr-ı azimi	خیر عظیمی
hayr-ı azîmi	خیر عظیمی
hayr-ı kesir	خیر كثیر
hayr-ı kesiri	خیر كثیری
hayr-ı kesîr	خیر كثیر
hayr-ı kesîri	خیر كثیری
hayr-ı mahz	خیر محض
hayr-ı mahzdır	خیر محضدر
hayret-bahş	حیرتبخش
hayret-efza	حیرت افزا
hayret-efzâ	حیرت افزا
hayret-engiz	حیرت انكیز
hayret-engîz	حیرت انكیز
hayret-feza	حیرت فزا
hayret-fezâ	حیرت فزا
hayrettir ki	حیرتدركه
hayru'l-halefi	خیر الخلفی
hayt-ı semavidir	خیط سماویدر
hayt-ı semâvîdir	خیط سماویدر
hayvanat-ı bahriyeden	حیوانات بحریهدن
hayvanat-ı ehliye	حیوانات اهلیه
hayvânât-ı bahriyeden	حیوانات بحریهدن
hayvânât-ı ehliye	حیوانات اهلیه
hayy-ı baki'nin	حیّ باقینڭ
hayy-ı bâkî'nin	حیّ باقینڭ
hayy-ı kayyum	حیّ قیّوم
hayy-ı kayyum'a	حیّ قیّومه
hayy-ı kayyum'u	حیّ قیّومی
hayy-ı kayyum'un	حیّ قیّومڭ
hayy-ı kayyûm	حیّ قیّوم
hayy-ı kayyûm'a	حیّ قیّومه
hayy-ı kayyûm'u	حیّ قیّومی
hayy-ı kayyûm'un	حیّ قیّومڭ
hayy-ı layemut'un	حیّ لایموتڭ
hayy-ı lâyemût'un	حیّ لایموتڭ
hayy-ı meyyit	حیّ میّت
hayâl de	خیال ده
hayâl-meyâl	خیال میال
hayât-ı bâkiyenin	حیات باقیهنڭ
hayât-ı bâkiyeye	حیات باقیهیه
hayât-ı bâkiyeyi	حیات باقیهیی
hayât-ı câvidân	حیات جاویدان
hayât-ı dünyeviye	حیات دنیویه
hayât-ı dünyeviyede	حیات دنیویهده
hayât-ı dünyeviyenin	حیات دنیویهنڭ
hayât-ı dünyeviyesine	حیات دنیویهسنه
hayât-ı dünyeviyesini	حیات دنیویهسنی
hayât-ı dünyeviyeye	حیات دنیویهیه
hayât-ı dünyeviyeyi	حیات دنیویهیی
hayât-ı dünyeviyeyi de	حیات دنیویّهیی ده
hayât-ı ebediye	حیات ابدیه
hayât-ı ebediyelerine	حیات ابدیهلرینه
hayât-ı ebediyelerini	حیات ابدیهلرینی
hayât-ı ebediyemize	حیات ابدیّهمزه
hayât-ı ebediyenin	حیات ابدیهنڭ
hayât-ı ebediyesi	حیات ابدیهسی
hayât-ı ebediyesini	حیات ابدیهسنی
hayât-ı ebediyeye	حیات ابدیهیه
hayât-ı ebediyeyi	حیات ابدیهیی
hayât-ı fâniyede	حیات فانیهده
hayât-ı fâniyeden	حیات فانیهدن
hayât-ı fâniyenin	حیات فانیهنڭ
hayât-ı ictimâiye	حیات اجتماعیه
hayât-ı ictimâiye-i beşeriye	حیات اجتماعیهٔ بشریه
hayât-ı ictimâiye-i beşeriyenin	حیات اجتماعیهٔ بشریهنڭ
hayât-ı ictimâiye-i beşeriyeye	حیات اجتماعیهٔ بشریهیه
hayât-ı ictimâiye-i beşeriyeyi	حیات اجتماعیهٔ بشریهیی
hayât-ı ictimâiye-i insaniyenin	حیات اجتماعیهٔ انسانیهنڭ
hayât-ı ictimâiye-i insâniyeye	حیات اجتماعیهٔ انسانیهیه
hayât-ı ictimâiye-i islâmiye	حیات اجتماعیهٔ اسلامیه
hayât-ı ictimâiye-i islâmiyede	حیات اجتماعیهٔ اسلامیهده
hayât-ı ictimâiye-i islâmiyeye	حیات اجتماعیهٔ اسلامیهیه
hayât-ı ictimâiyece	حیات اجتماعیهجه
hayât-ı ictimâiyede	حیات اجتماعیهده
hayât-ı ictimâiyeden	حیات اجتماعیهدن
hayât-ı ictimâiyemize	حیات اجتماعیهمزه
hayât-ı ictimâiyenin	حیات اجتماعیهنڭ
hayât-ı ictimâiyesinde	حیات اجتماعیهسنده
hayât-ı ictimâiyesine	حیات اجتماعیهسنه
hayât-ı ictimâiyesini	حیات اجتماعیهسنی
hayât-ı ictimâiyeye	حیات اجتماعیهیه
hayât-ı ictimâiyeyi	حیات اجتماعیهیی
hayât-ı ilmiyem	حیات علمیهم
hayât-ı siyâsiyeden	حیات سیاسیهدن
hayât-ı siyâsiyeye	حیات سیاسیهیه
hayât-ı uhreviye	حیات اخرویه
hayât-ı uhreviyenin	حیات اخرویهنڭ
hayât-ı uhreviyesini	حیات اخرویهسنی
hayât-ı uhreviyeyi	حیات اخرویهیی
hayât-ı şahsiye	حیات شخصیه
hayât-ı şehriye	حیات شهریه
hayır-şer	خیر شر
hayırlar da	خیرلر ده
hazain-i rahmet	خزائن رحمت
hazain-i rahmetini	خزائن رحمتنی
hazine-i ebediyenin	خزینهٔ ابدیهنڭ
hazine-i ebediyeye	خزینهٔ ابدیهیه
hazine-i esrar	خزینهٔ اسرار
hazine-i gaybdan	خزینهٔ غیبدن
hazine-i gaybden	خزینهٔ غیبدن
hazine-i kur'andan	خزینهٔ قرآندن
hazine-i kur'aniyenin	خزینهٔ قرآنیهنڭ
hazine-i nur	خزینهٔ نور
hazine-i rahmet	خزینهٔ رحمت
hazine-i rahmet-i ilahiye	خزینهٔ رحمت الهیه
hazine-i rahmetin	خزینهٔ رحمتڭ
hazine-i rahmetinden	خزینهٔ رحمتندن
hazine-i rahmetinin	خزینهٔ رحمتنڭ
hazine-i rahmetten	خزینهٔ رحمتدن
hazine-i ulum	خزینهٔ علوم
hazret-i	حضرت
hazret-i abdullah	حضرت عبد اللّه
hazret-i abdullâh	حضرت عبد اللّه
hazret-i adem aleyhisselam'ın	حضرت آدم علیه السّلامڭ
hazret-i ali radıyallahü anh	حضرت علی رضی اللّه عنه
hazret-i ali radıyallahü anhın	حضرت علی رضی اللّه عنهڭ
hazret-i ali'nin	حضرت علینڭؓ
hazret-i ali'ye	حضرت علی یه
hazret-i ali'yi	حضرت علی ییؓ
hazret-i allah'a	حضرت اللّهه
hazret-i allâh'a	حضرت اللّهه
hazret-i alî radıyallâhü anh	حضرت علی رضی اللّه عنه
hazret-i alî radıyallâhü anhın	حضرت علی رضی اللّه عنهڭ
hazret-i alî'nin	حضرت علینڭؓ
hazret-i alî'ye	حضرت علی یه
hazret-i azrail	حضرت عزرائیل
hazret-i azrail aleyhisselam	حضرت عزرائیل علیه السّلام
hazret-i azrail'i	حضرت عزرائیلیؑ
hazret-i azrâîl	حضرت عزرائیل
hazret-i azrâîl aleyhisselâm	حضرت عزرائیل علیه السّلام
hazret-i azrâîl'i	حضرت عزرائیلیؑ
hazret-i büreyde	حضرت بریده
hazret-i cabir	حضرت جابر
hazret-i cebrail aleyhisselam	حضرت جبرائیل علیه السّلام
hazret-i cebrâîl aleyhisselâm	حضرت جبرائیل علیه السّلام
hazret-i câbir	حضرت جابر
hazret-i davud aleyhisselam'a	حضرت داود علیه السّلامه
hazret-i dâvûd aleyhisselâm'a	حضرت داود علیه السّلامه
hazret-i ebu hüreyre	حضرت ابو هریره
hazret-i ebû hüreyre	حضرت ابو هریره
hazret-i enes	حضرت انس
hazret-i eyub aleyhisselam	حضرت ایّوب علیه السّلام
hazret-i eyub aleyhisselam'dan	حضرت ایوب علیه السّلامدن
hazret-i eyub aleyhisselam'ın	حضرت ایّوب علیه السّلامڭ
hazret-i eyûb aleyhisselâm	حضرت ایّوب علیه السّلام
hazret-i eyûb aleyhisselâm'dan	حضرت ایوب علیه السّلامدن
hazret-i eyûb aleyhisselâm'ın	حضرت ایّوب علیه السّلامڭ
hazret-i fatıma	حضرت فاطمه
hazret-i fatıma'nın	حضرت فاطمهنڭؓ
hazret-i fâtıma	حضرت فاطمه
hazret-i fâtıma'nın	حضرت فاطمهنڭؓ
hazret-i gavs	حضرت غوث
hazret-i gavs'dan	حضرت غوثدن
hazret-i gavs'ın	حضرت غوثڭ
hazret-i gavs-ı a'zam	حضرت غوث اعظم
hazret-i gavs-ı geylani	حضرت غوث كیلانی؈
hazret-i gavs-ı geylânî	حضرت غوث كیلانی؈
hazret-i halid	حضرت خالد
hazret-i hamza	حضرت حمزه
hazret-i hasan radıyallahü anhın	حضرت حسن رضی اللّه عنهڭ
hazret-i hasan radıyallâhü anhın	حضرت حسن رضی اللّه عنهڭ
hazret-i hasan'ı	حضرت حسنیؓ
hazret-i hâlid	حضرت خالد
hazret-i hüseyin	حضرت حسین
hazret-i hüseyin'e	حضرت حسینهؓ
hazret-i hızır	حضرت خضر
hazret-i ibn-i abbas	حضرت ابن عبّاس
hazret-i ibn-i abbâs	حضرت ابن عبّاس
hazret-i ibn-i mes'ud	حضرت ابن مسعود
hazret-i ibn-i mes'ûd	حضرت ابن مسعود
hazret-i ibrahim	حضرت ابراهیم
hazret-i ibrahim aleyhisselam'ın	حضرت ابراهیم علیه السّلامڭ
hazret-i ibrahim'in	حضرت ابراهیمڭؑ
hazret-i ibrâhîm	حضرت ابراهیم
hazret-i ibrâhîm aleyhisselâm'ın	حضرت ابراهیم علیه السّلامڭ
hazret-i ibrâhîm'in	حضرت ابراهیمڭؑ
hazret-i imam-ı ali	حضرت امام علی
hazret-i imam-ı ali radıyallahü anh	حضرت امام علی رضی اللّه عنه
hazret-i imam-ı ali radıyallahü anhın	حضرت امام علی رضی اللّه عنهڭ
hazret-i imam-ı ali'nin	حضرت امام علینڭؓ
hazret-i imâm-ı alî	حضرت امام علی
hazret-i imâm-ı alî radıyallâhü anh	حضرت امام علی رضی اللّه عنه
hazret-i imâm-ı alî radıyallâhü anhın	حضرت امام علی رضی اللّه عنهڭ
hazret-i imâm-ı alî'nin	حضرت امام علینڭؓ
hazret-i isa	حضرت عیسی
hazret-i isa aleyhisselam	حضرت عیسی علیه السّلام
hazret-i isa aleyhisselam'a	حضرت عیسی علیه السّلامه
hazret-i isa aleyhisselam'ın	حضرت عیسی علیه السّلامڭ
hazret-i isa'nın	حضرت عیسی نڭؑ
hazret-i kur'an	حضرت قرآن
hazret-i kur'an'a	حضرت قرآنه
hazret-i kur'an'dan	حضرت قرآندن
hazret-i kur'an'ı	حضرت قرآنی
hazret-i kur'an'ın	حضرت قرآنڭ
hazret-i kur'ân	حضرت قرآن
hazret-i kur'ân'a	حضرت قرآنه
hazret-i kur'ân'dan	حضرت قرآندن
hazret-i kur'ân'ı	حضرت قرآنی
hazret-i kur'ân'ın	حضرت قرآنڭ
hazret-i mehdi	حضرت مهدی
hazret-i mehdi'nin	حضرت مهدینڭ
hazret-i mehdi'ye	حضرت مهدی یه
hazret-i mehdî	حضرت مهدی
hazret-i mehdî'nin	حضرت مهدینڭ
hazret-i mehdî'ye	حضرت مهدی یه
hazret-i mevlana	حضرت مولانا
hazret-i mevlana halid	حضرت مولانا خالد
hazret-i mevlana'nın	حضرت مولانانڭ
hazret-i mevlânâ	حضرت مولانا
hazret-i mevlânâ hâlid	حضرت مولانا خالد
hazret-i mevlânâ'nın	حضرت مولانانڭ
hazret-i muhammed	حضرت محمّد
hazret-i muhammed aleyhissalatü vesselam	حضرت محمّد علیه الصّلاة والسّلام
hazret-i muhammed aleyhissalatü vesselam'a	حضرت محمّد علیه الصّلاة والسّلامه
hazret-i muhammed aleyhissalatü vesselam'ın	حضرت محمّد علیه الصّلاة والسّلامڭ
hazret-i muhammed aleyhissalâtü vesselâm	حضرت محمّد علیه الصّلاة والسّلام
hazret-i muhammed aleyhissalâtü vesselâm'a	حضرت محمّد علیه الصّلاة والسّلامه
hazret-i muhammed aleyhissalâtü vesselâm'ın	حضرت محمّد علیه الصّلاة والسّلامڭ
hazret-i muhammed'e	حضرت محمّدهؐ
hazret-i muhammed'in	حضرت محمّدڭؐ
hazret-i muhyiddin	حضرت محیی الدّین
hazret-i muhyiddin'in	حضرت محیی الدّینڭ
hazret-i muhyiddîn	حضرت محیی الدّین
hazret-i muhyiddîn'in	حضرت محیی الدّینڭ
hazret-i musa aleyhisselam	حضرت موسی علیه السّلام
hazret-i musa aleyhisselam'a	حضرت موسی علیه السّلامه
hazret-i musa aleyhisselam'ın	حضرت موسی علیه السّلامڭ
hazret-i musa'nın	حضرت موسی نڭؑ
hazret-i mûsâ aleyhisselâm	حضرت موسی علیه السّلام
hazret-i mûsâ aleyhisselâm'a	حضرت موسی علیه السّلامه
hazret-i mûsâ aleyhisselâm'ın	حضرت موسی علیه السّلامڭ
hazret-i mûsâ'nın	حضرت موسی نڭؑ
hazret-i osman	حضرت عثمان
hazret-i osman'dan	حضرت عثماندنؓ
hazret-i osman'ın	حضرت عثمانڭ
hazret-i osman-ı zinnureyn'in	حضرت عثمان ذی النّورینڭ
hazret-i osmân	حضرت عثمان
hazret-i osmân'dan	حضرت عثماندنؓ
hazret-i osmân'ın	حضرت عثمانڭ
hazret-i osmân-ı zinnûreyn'in	حضرت عثمان ذی النّورینڭ
hazret-i peygamber	حضرت پیغمبر
hazret-i peygamber aleyhissalatü vesselam	حضرت پیغمبر علیه الصّلاة والسّلام
hazret-i peygamber aleyhissalatü vesselam'ı	حضرت پیغمبر علیه الصّلاة والسّلامی
hazret-i peygamber aleyhissalatü vesselam'ın	حضرت پیغمبر علیه الصّلاة والسّلامڭ
hazret-i peygamber aleyhissalâtü vesselâm	حضرت پیغمبر علیه الصّلاة والسّلام
hazret-i peygamber aleyhissalâtü vesselâm'ı	حضرت پیغمبر علیه الصّلاة والسّلامی
hazret-i peygamber aleyhissalâtü vesselâm'ın	حضرت پیغمبر علیه الصّلاة والسّلامڭ
hazret-i peygamber'e	حضرت پیغمبرهؐ
hazret-i peygamber'in	حضرت پیغمبرڭؐ
hazret-i risalet'in	حضرت رسالتڭ
hazret-i risâlet'in	حضرت رسالتڭ
hazret-i süleyman aleyhisselam	حضرت سلیمان علیه السّلام
hazret-i süleymân aleyhisselâm	حضرت سلیمان علیه السّلام
hazret-i sıddik	حضرت صدیقؓ
hazret-i sıddîk	حضرت صدیقؓ
hazret-i ya'kub	حضرت یعقوب
hazret-i ya'kūb	حضرت یعقوب
hazret-i yunus	حضرت یونس
hazret-i yusuf aleyhisselam	حضرت یوسف علیه السّلام
hazret-i yusuf'un	حضرت یوسفڭؑ
hazret-i yûnus	حضرت یونس
hazret-i yûsuf aleyhisselâm	حضرت یوسف علیه السّلام
hazret-i yûsuf'un	حضرت یوسفڭؑ
hazret-i âdem aleyhisselâm'ın	حضرت آدم علیه السّلامڭ
hazret-i îsâ	حضرت عیسی
hazret-i îsâ aleyhisselâm	حضرت عیسی علیه السّلام
hazret-i îsâ aleyhisselâm'a	حضرت عیسی علیه السّلامه
hazret-i îsâ aleyhisselâm'ın	حضرت عیسی علیه السّلامڭ
hazret-i îsâ'nın	حضرت عیسی نڭؑ
hazret-i ömer	حضرت عمر
hazret-i ömer'den	حضرت عمردن
hazret-i ömer'in	حضرت عمرڭؓ
hazret-i übeyy ibn-i ka'b	حضرت ابیّ ابن كعب
hazret-i üstad	حضرت استاد
hazret-i üstad da	حضرت استاد ده
hazret-i üstad'ı	حضرت استادی
hazret-i üstad'ın	حضرت استادڭ
hazret-i üstadımız	حضرت استادیمز
hazret-i üstadımıza	حضرت استادیمزه
hazret-i üstadımızın	حضرت استادیمزڭ
hazret-i üstadın	حضرت استادڭ
hazret-i üstâd	حضرت استاد
hazret-i üstâd da	حضرت استاد ده
hazret-i üstâd'ı	حضرت استادی
hazret-i üstâd'ın	حضرت استادڭ
hazret-i üstâdımız	حضرت استادیمز
hazret-i üstâdımıza	حضرت استادیمزه
hazret-i üstâdımızın	حضرت استادیمزڭ
hazret-i üstâdın	حضرت استادڭ
hazret-i şeyh	حضرت شیخ
hazret-i şeyh'in	حضرت شیخڭ
hazâin-i rahmet	خزائن رحمت
hazâin-i rahmetini	خزائن رحمتنی
hazîne-i ebediyenin	خزینهٔ ابدیهنڭ
hazîne-i ebediyeye	خزینهٔ ابدیهیه
hazîne-i esrâr	خزینهٔ اسرار
hazîne-i gaybdan	خزینهٔ غیبدن
hazîne-i gaybden	خزینهٔ غیبدن
hazîne-i kur'ândan	خزینهٔ قرآندن
hazîne-i kur'âniyenin	خزینهٔ قرآنیهنڭ
hazîne-i nûr	خزینهٔ نور
hazîne-i rahmet	خزینهٔ رحمت
hazîne-i rahmet-i ilâhiye	خزینهٔ رحمت الهیه
hazîne-i rahmetin	خزینهٔ رحمتڭ
hazîne-i rahmetinden	خزینهٔ رحمتندن
hazîne-i rahmetinin	خزینهٔ رحمتنڭ
hazîne-i rahmetten	خزینهٔ رحمتدن
hazîne-i ulûm	خزینهٔ علوم
hazır ve nazırdır	حاضر و ناظردر
hazır ve nâzırdır	حاضر و ناظردر
haşa ve kella	حاشا و كلّا
haşerat-ı muzırra	حشرات مضرّه
haşerât-ı muzırra	حشرات مضرّه
haşir ve neşir	حشر و نشر
haşir ve neşre	حشر و نشره
haşir ve neşrin	حشر و نشرڭ
haşiyeleri de	حاشیهلری ده
haşmet-i hilkatinde	حشمت خلقتنده
haşmet-i rububiyet	حشمت ربوبیت
haşmet-i rububiyetin	حشمت ربوبیتڭ
haşmet-i rububiyetini	حشمت ربوبیتنی
haşmet-i rubûbiyet	حشمت ربوبیت
haşmet-i rubûbiyetin	حشمت ربوبیتڭ
haşmet-i rubûbiyetini	حشمت ربوبیتنی
haşmet-i saltanat	حشمت سلطنت
haşmet-i saltanat-ı ma'neviyesinin	حشمت سلطنت معنویهسنڭ
haşmet-i saltanatı	حشمت سلطنتی
haşmet-i saltanatını	حشمت سلطنتنی
haşmet-i sultanına	حشمت سلطاننه
haşmet-i sultânına	حشمت سلطاننه
haşmet-i sübhani	حشمت سبحانی
haşmet-i sübhânî	حشمت سبحانی
haşmet-i uluhiyetine	حشمت الوهیتڭه
haşmet-i ulûhiyetine	حشمت الوهیتڭه
haşr-i a'zam	حشر اعظم
haşr-i a'zamda	حشر اعظمده
haşr-i a'zamın	حشر اعظمڭ
haşr-i baharide	حشر بهاریده
haşr-i bahârîde	حشر بهاریده
haşr-i cismani	حشر جسمانی
haşr-i cismanideki	حشر جسمانیدهكی
haşr-i cismaninin	حشر جسمانینڭ
haşr-i cismaniyi	حشر جسمانی یی
haşr-i cismânî	حشر جسمانی
haşr-i cismânîdeki	حشر جسمانیدهكی
haşr-i cismânînin	حشر جسمانینڭ
haşr-i cismânîyi	حشر جسمانی یی
haşr-i ekberde	حشر اكبرده
haşr-i ekberin	حشر اكبرڭ
haşr-i umumiyi	حشر عمومی یی
haşr-i umûmîyi	حشر عمومی یی
haşri de	حشری ده
hedaya-yı hidayet	هدایای هدایت
hedaya-yı sübhaniyedir	هدایای سبحانیهدر
hediye-i behiyeleri	هدیهٔ بهیهلری
hediye-i hidayeti	هدیهٔ هدایتی
hediye-i hidâyeti	هدیهٔ هدایتی
hediye-i ilahiye	هدیهٔ الهیه
hediye-i ilâhiye	هدیهٔ الهیه
hediye-i kur'aniyeye	هدیهٔ قرآنیهیه
hediye-i kur'âniyeye	هدیهٔ قرآنیهیه
hediye-i nuriye	هدیهٔ نوریه
hediye-i nûriye	هدیهٔ نوریه
hediye-i rahmeti	هدیهٔ رحمتی
hedâyâ-yı hidâyet	هدایای هدایت
hedâyâ-yı sübhâniyedir	هدایای سبحانیهدر
hekim-i lokman	حكیم لقمان
hekim-i lokman da	حكیم لقمان ده
hekîm-i lokmân	حكیم لقمان
hekîm-i lokmân da	حكیم لقمان ده
hem de	هم ده
hemze-i vasıl	همزهٔ وصل
hepsi de	هپسی ده
hepsinde de	هپسنده ده
hepsini de	هپسنی ده
her bir	هر بر
her biri	هر بری
her cihetle	هر جهتله
her gün	هر كون
her şey	هر شی
her şeyde	هر شیده
her şeyi	هر شیئی
herc ü merc	هرج و مرج
herc ü merce	هرج و مرجه
herkes de	هركس ده
hesab-ı cifir	حساب جفر
hesab-ı cifri	حساب جفری
hesab-ı ebced	حساب ابجد
hesab-ı ebcedi	حساب ابجدی
hesab-ı ebcedle	حساب ابجدله
hesabına da	حسابنه ده
hesâb-ı cifir	حساب جفر
hesâb-ı cifrî	حساب جفری
hesâb-ı ebced	حساب ابجد
hesâb-ı ebcedle	حساب ابجدله
hesâb-ı ebcedî	حساب ابجدی
heva da	هواده
heva-yı nefse	هوای نفسه
hevesat-ı nefsaniye	هوسات نفسانیه
hevesat-ı nefsaniyenin	هوسات نفسانیهنڭ
hevesat-ı nefsaniyeyi	هوسات نفسانیهیی
hevesat-ı rezile	هوسات رذیله
hevesât-ı nefsâniye	هوسات نفسانیه
hevesât-ı nefsâniyenin	هوسات نفسانیهنڭ
hevesât-ı nefsâniyeyi	هوسات نفسانیهیی
hevesât-ı rezîle	هوسات رذیله
hevâ da	هواده
hevâ-yı nefse	هوای نفسه
hey'et-i hakime	هیئت حاكمه
hey'et-i hakimenin	هیئت حاكمهنڭ
hey'et-i hakimeye	هیئت حاكمهیه
hey'et-i hakimeyi	هیئت حاكمهیی
hey'et-i hâkime	هیئت حاكمه
hey'et-i hâkimenin	هیئت حاكمهنڭ
hey'et-i hâkimeye	هیئت حاكمهیه
hey'et-i hâkimeyi	هیئت حاكمهیی
hey'et-i ictimaiyede	هیئت اجتماعیهده
hey'et-i ictimaiyenin	هیئت اجتماعیهنڭ
hey'et-i ictimâiyede	هیئت اجتماعیهده
hey'et-i ictimâiyenin	هیئت اجتماعیهنڭ
hey'et-i ilmiye	هیئت علمیه
hey'et-i ilmiyenin	هیئت علمیهنڭ
hey'et-i mecmuada	هیئت مجموعهده
hey'et-i mecmuası	هیئت مجموعهسی
hey'et-i mecmuasına	هیئت مجموعهسنه
hey'et-i mecmuasında	هیئت مجموعهسنده
hey'et-i mecmuasındaki	هیئت مجموعهسندهكی
hey'et-i mecmuasından	هیئت مجموعهسندن
hey'et-i mecmuasının	هیئت مجموعهسنڭ
hey'et-i mecmuasıyla	هیئت مجموعهسیله
hey'et-i mecmûada	هیئت مجموعهده
hey'et-i mecmûası	هیئت مجموعهسی
hey'et-i mecmûasına	هیئت مجموعهسنه
hey'et-i mecmûasında	هیئت مجموعهسنده
hey'et-i mecmûasındaki	هیئت مجموعهسندهكی
hey'et-i mecmûasından	هیئت مجموعهسندن
hey'et-i mecmûasının	هیئت مجموعهسنڭ
hey'et-i mecmûasıyla	هیئت مجموعهسیله
hey'et-i ulemasına	هیئت علماسنه
hey'et-i ulemâsına	هیئت علماسنه
hey'et-i umumiyesinde	هیئت عمومیهسنده
hey'et-i umûmiyesinde	هیئت عمومیهسنده
hey'et-i vekile	هیئت وكیله
hey'et-i vekilenin	هیئت وكیلهنڭ
hey'et-i vekileye	هیئت وكیلهیه
hey'et-i vekîle	هیئت وكیله
hey'et-i vekîlenin	هیئت وكیلهنڭ
hey'et-i vekîleye	هیئت وكیلهیه
heyecan-ı kalbi	هیجان قلبی
heyecân-ı kalbî	هیجان قلبی
hicran-ı layezaliye	هجران لایزالی یه
hicrân-ı lâyezâlîye	هجران لایزالی یه
hidayet-dalalet	هدایت ضلالت
hidayet-i ilahiye	هدایت الهیه
hiddet-i rabbaniyeyi	حدّت ربانیهیی
hiddet-i rabbâniyeyi	حدّت ربانیهیی
hidâyet-dalâlet	هدایت ضلالت
hidâyet-i ilâhiye	هدایت الهیه
hikaye-i tarihiyeden	حكایهٔ تاریخیهدن
hikaye-i temsiliye	حكایهٔ تمثیلیه
hikaye-i temsiliyede	حكایهٔ تمثیلیهده
hikaye-i temsiliyesi	حكایهٔ تمثیلیهسی
hikmet-feşan	حكمتفشان
hikmet-feşân	حكمتفشان
hikmet-i amme	حكمت عامّه
hikmet-i ammesi	حكمت عامّهسی
hikmet-i ammeyi	حكمت عامّهیی
hikmet-i beşeriyenin	حكمت بشریهنڭ
hikmet-i cedide	حكمت جدیده
hikmet-i cedidenin	حكمت جدیدهنڭ
hikmet-i cedideyi	حكمت جدیدهیی
hikmet-i cedîde	حكمت جدیده
hikmet-i cedîdenin	حكمت جدیدهنڭ
hikmet-i cedîdeyi	حكمت جدیدهیی
hikmet-i ebediyenin	حكمت ابدیّهنڭ
hikmet-i ezeliye	حكمت ازلیه
hikmet-i ezeliyenin	حكمت ازلیهنڭ
hikmet-i felsefe	حكمت فلسفه
hikmet-i hakikiyesi	حكمت حقیقیهسی
hikmet-i hakîkiyesi	حكمت حقیقیهسی
hikmet-i hilkati	حكمت خلقتی
hikmet-i hilkatini	حكمت خلقتنی
hikmet-i hükumet	حكمت حكومت
hikmet-i hükûmet	حكمت حكومت
hikmet-i ilahiye	حكمت الهیه
hikmet-i ilahiyenin	حكمت الهیهنڭ
hikmet-i ilahiyeye	حكمت الهیهیه
hikmet-i ilahiyeyi	حكمت الهیهیی
hikmet-i ilâhiye	حكمت الهیه
hikmet-i ilâhiyenin	حكمت الهیهنڭ
hikmet-i ilâhiyeye	حكمت الهیهیه
hikmet-i ilâhiyeyi	حكمت الهیهیی
hikmet-i insaniye	حكمت انسانیه
hikmet-i kudsiyenin	حكمت قدسیهڭڭ
hikmet-i kur'aniye	حكمت قرآنیه
hikmet-i kur'aniyenin	حكمت قرآنیهنڭ
hikmet-i kur'aniyeye	حكمت قرآنیهیه
hikmet-i kur'aniyeyi	حكمت قرآنیهیی
hikmet-i kur'âniye	حكمت قرآنیه
hikmet-i kur'âniyenin	حكمت قرآنیهنڭ
hikmet-i kur'âniyeye	حكمت قرآنیهیه
hikmet-i kur'âniyeyi	حكمت قرآنیهیی
hikmet-i rabbani	حكمت ربّانی
hikmet-i rabbaniye	حكمت ربّانیه
hikmet-i rabbaniyeden	حكمت ربّانیهدن
hikmet-i rabbaniyenin	حكمت ربّانیهنڭ
hikmet-i rabbaniyeye	حكمت ربّانیهیه
hikmet-i rabbâniye	حكمت ربّانیه
hikmet-i rabbâniyeden	حكمت ربّانیهدن
hikmet-i rabbâniyenin	حكمت ربّانیهنڭ
hikmet-i rabbâniyeye	حكمت ربّانیهیه
hikmet-i rabbânî	حكمت ربّانی
hikmet-i tabiiyede	حكمت طبیعیهده
hikmet-i tabîiyede	حكمت طبیعیهده
hikmet-i tamme	حكمت تامّه
hikmet-i tamme-i sübhaniyeden	حكمت تامّهٔ سبحانیهدن
hikmet-i tâmme	حكمت تامّه
hikmet-i tâmme-i sübhâniyeden	حكمت تامّهٔ سبحانیهدن
hikmet-i âmme	حكمت عامّه
hikmet-i âmmesi	حكمت عامّهسی
hikmet-i âmmeyi	حكمت عامّهیی
hikmet-i şamile	حكمت شامله
hikmet-i şâmile	حكمت شامله
hikmeti de	حكمتی ده
hikmettendir ki	حكمتدندركه
hikmetü'l-istiaze	حكمت الاستعاذه
hikmetü'l-istiâze	حكمت الاستعاذه
hikâye-i temsîliye	حكایهٔ تمثیلیه
hikâye-i temsîliyede	حكایهٔ تمثیلیهده
hikâye-i temsîliyesi	حكایهٔ تمثیلیهسی
hikâye-i târîhiyeden	حكایهٔ تاریخیهدن
hilaf-ı adet	خلاف عادت
hilaf-ı akıl	خلاف عقل
hilaf-ı edeb	خلاف ادب
hilaf-ı hakikat	خلاف حقیقت
hilaf-ı hikmettir	خلاف حكمتدر
hilaf-ı kanun	خلاف قانون
hilaf-ı me'mul	خلاف مأمول
hilaf-ı vaki'	خلاف واقع
hilaf-ı şeriat	خلاف شریعت
hilafet-i abbasiye	خلافت عبّاسیّه
hilafet-i abbasiyenin	خلافت عبّاسیّهنڭ
hilafet-i arziyeyi	خلافت ارضیهیی
hilafet-i islamiye	خلافت اسلامیه
hilafet-i islamiyeye	خلافت اسلامیّهیه
hilafet-i islamiyeyi	خلافت اسلامیهیی
hilafet-i kübra	خلافت كبرا
hilafet-i osmaniye	خلافت عثمانیه
hilkat-i alemde	خلقت عالمده
hilkat-i alemden	خلقت عالمدن
hilkat-i alemin	خلقت عالمڭ
hilkat-i insandan	خلقت انساندن
hilkat-i kainatta	خلقت كائناتده
hilkat-i kainattaki	خلقت كائناتدهكی
hilkat-i kainatın	خلقت كائناتڭ
hilkat-i kâinâtta	خلقت كائناتده
hilkat-i kâinâttaki	خلقت كائناتدهكی
hilkat-i kâinâtın	خلقت كائناتڭ
hilkat-i semavat	خلقت سماوات
hilkat-i semâvât	خلقت سماوات
hilkat-i âlemde	خلقت عالمده
hilkat-i âlemden	خلقت عالمدن
hilkat-i âlemin	خلقت عالمڭ
hilmi bey	حلمی بك
hilmi bey'le	حلمی بكله
hilmî bey	حلمی بك
hilmî bey'le	حلمی بكله
hilye-i nebeviye'nin	حلیهٔ نبویّهنڭؐ
hilâf-ı akıl	خلاف عقل
hilâf-ı edeb	خلاف ادب
hilâf-ı hakîkat	خلاف حقیقت
hilâf-ı hikmettir	خلاف حكمتدر
hilâf-ı kānûn	خلاف قانون
hilâf-ı me'mûl	خلاف مأمول
hilâf-ı vâki'	خلاف واقع
hilâf-ı âdet	خلاف عادت
hilâf-ı şerîat	خلاف شریعت
hilâfet-i abbâsiye	خلافت عبّاسیّه
hilâfet-i abbâsiyenin	خلافت عبّاسیّهنڭ
hilâfet-i arziyeyi	خلافت ارضیهیی
hilâfet-i islâmiye	خلافت اسلامیه
hilâfet-i islâmiyeye	خلافت اسلامیّهیه
hilâfet-i islâmiyeyi	خلافت اسلامیهیی
hilâfet-i kübrâ	خلافت كبرا
hilâfet-i osmâniye	خلافت عثمانیه
himayet-i rabbaniye	حمایت ربّانیه
himâyet-i rabbâniye	حمایت ربّانیه
hin-i sukutunda	حین سقوطنده
hiss-i ammeyi	حسّ عامّهیی
hiss-i dini	حسّ دینی
hiss-i dînî	حسّ دینی
hiss-i hüzn-ü gamdar	حسّ حزن غمدار
hiss-i hüzn-ü gamdâr	حسّ حزن غمدار
hiss-i kable'l-vuku'	حسّ قبل الوقوع
hiss-i kable'l-vukuun	حسّ قبل الوقوعڭ
hiss-i kable'l-vukū'	حسّ قبل الوقوع
hiss-i kable'l-vukūun	حسّ قبل الوقوعڭ
hiss-i kablelvuku'	حسّ قبل الوقوع
hiss-i kablelvukū'	حسّ قبل الوقوع
hiss-i ulvi	حس علوی
hiss-i ulvî	حس علوی
hiss-i zahir	حسّ ظاهر
hiss-i zâhir	حسّ ظاهر
hiss-i âmmeyi	حسّ عامّهیی
hiss-i şükran	حسّ شكران
hiss-i şükrân	حسّ شكران
hisse-i fehmi	حصّهٔ فهمی
hisse-mend	حصّهمند
hissedeceklerdi ki	حسّ ایدهجكلردیكه
hissediyorlar ki	حسّ ایدییورلركه
hissediyorum ki	حسّ ایدییورمكه
hisseleri de	حصّهلری ده
hissesiz de	حصّهسز ده
hissetmiş ki	حسّ ایتمشكه
hissettim ki	حسّ ایتدمكه
hissiyat-ı aliye	حسّیات عالیه
hissiyat-ı diniyeyi	حسّیات دینیهیی
hissiyat-ı insaniye	حسّیات انسانیه
hissiyat-ı mütevariseyi	حسّیات متوارثهیی
hissiyat-ı nefsaniye	حسّیات نفسانیه
hissiyat-ı nefsaniyesini	حسّیات نفسانیّهسنی
hissiyat-ı nefsaniyeyi	حسّیات نفسانیهیی
hissiyat-ı süfliyenin	حسّیات سفلیّهنڭ
hissiyat-ı ulviyesini	حسّیات علویهسنی
hissiyât-ı dîniyeyi	حسّیات دینیهیی
hissiyât-ı insaniye	حسّیات انسانیه
hissiyât-ı mütevâriseyi	حسّیات متوارثهیی
hissiyât-ı nefsâniye	حسّیات نفسانیه
hissiyât-ı nefsâniyesini	حسّیات نفسانیّهسنی
hissiyât-ı nefsâniyeyi	حسّیات نفسانیهیی
hissiyât-ı süfliyenin	حسّیات سفلیّهنڭ
hissiyât-ı ulviyesini	حسّیات علویهسنی
hissiyât-ı âliye	حسّیات عالیه
hitab-ı ilahiye	خطاب الهی یه
hitab-ı yezdani	خطاب یزدانی
hitabat-ı ezeliye-i sübhaniyenin	خطابات ازلیهٔ سبحانیهنڭ
hitabat-ı sübhaniye	خطابات سبحانیه
hitabat-ı sübhaniyesine	خطابات سبحانیهسنه
hitâb-ı ilâhîye	خطاب الهی یه
hitâb-ı yezdânî	خطاب یزدانی
hitâbât-ı ezeliye-i sübhâniyenin	خطابات ازلیهٔ سبحانیهنڭ
hitâbât-ı sübhâniye	خطابات سبحانیه
hitâbât-ı sübhâniyesine	خطابات سبحانیهسنه
hizb-i a'zam	حزب اعظم
hizb-i a'zam'ını	حزب اعظمنی
hizb-i ekber	حزب اكبر
hizb-i kur'ani	حزب قرآنی
hizb-i kur'aniye	حزب قرآنیه
hizb-i kur'âniye	حزب قرآنیه
hizb-i kur'ânî	حزب قرآنی
hizb-i nuri	حزب نوری
hizb-i nuri'nin	حزب نورینڭ
hizb-i nuriye	حزب نوریه
hizb-i nuriye'den	حزب نوریهدن
hizb-i nuriye'nin	حزب نوریهنڭ
hizb-i nuriyeyi	حزب نوریهیی
hizb-i nûriye	حزب نوریه
hizb-i nûriye'den	حزب نوریهدن
hizb-i nûriye'nin	حزب نوریهنڭ
hizb-i nûriyeyi	حزب نوریهیی
hizb-i nûrî	حزب نوری
hizb-i nûrî'nin	حزب نورینڭ
hizbü'l-ekber'dir	حزب الاكبردر
hizbü'l-ekber'i	حزب الاكبری
hizbü'l-ekber'in	حزب الاكبرڭ
hizbü'l-ekber-i kur'ani	حزب الاكبر قرآنی
hizbü'l-ekber-i kur'ânî	حزب الاكبر قرآنی
hizbü'l-ekber-i nuri	حزب الاكبر نوری
hizbü'l-ekber-i nuri'nin	حزب الاكبر نورینڭ
hizbü'l-ekber-i nûrî	حزب الاكبر نوری
hizbü'l-ekber-i nûrî'nin	حزب الاكبر نورینڭ
hizbü'l-kur'an	حزب القرآن
hizbü'l-kur'an'a	حزب القرآنه
hizbü'l-kur'an'dan	حزب القرآندن
hizbü'l-kur'an'ı	حزب القرآنی
hizbü'l-kur'an'ın	حزب القرآنڭ
hizbü'l-kur'ân	حزب القرآن
hizbü'l-kur'ân'a	حزب القرآنه
hizbü'l-kur'ân'dan	حزب القرآندن
hizbü'l-kur'ân'ı	حزب القرآنی
hizbü'l-kur'ân'ın	حزب القرآنڭ
hizbü'n-nuriye	حزب النّوریه
hizbü'n-nûriye	حزب النّوریه
hizmet de	خدمت ده
hizmet-i diniye	خدمت دینیه
hizmet-i diniyenin	خدمت دینیهنڭ
hizmet-i dîniye	خدمت دینیه
hizmet-i dîniyenin	خدمت دینیهنڭ
hizmet-i ilmiye	خدمت علمیه
hizmet-i imaniye	خدمت ایمانیه
hizmet-i imaniyede	خدمت ایمانیهده
hizmet-i imaniyeden	خدمت ایمانیهدن
hizmet-i imaniyemi	خدمت ایمانیهمی
hizmet-i imaniyemize	خدمت ایمانیّهمزه
hizmet-i imaniyenin	خدمت ایمانیهنڭ
hizmet-i imaniyesi	خدمت ایمانیهسی
hizmet-i imaniyesinde	خدمت ایمانیهسنده
hizmet-i imaniyesine	خدمت ایمانیّهسنه
hizmet-i imaniyeye	خدمت ایمانیهیه
hizmet-i imaniyeyi	خدمت ایمانیهیی
hizmet-i kudsiye	خدمت قدسیه
hizmet-i kudsiyede	خدمت قدسیهده
hizmet-i kudsiyedeki	خدمت قدسیهدهكی
hizmet-i kudsiyenin	خدمت قدسیهنڭ
hizmet-i kudsiyeyi	خدمت قدسیهیی
hizmet-i kur'an	خدمت قرآن
hizmet-i kur'ana	خدمت قرآنه
hizmet-i kur'anda	خدمت قرآنده
hizmet-i kur'andan	خدمت قرآندن
hizmet-i kur'aniye	خدمت قرآنیه
hizmet-i kur'aniyede	خدمت قرآنیهده
hizmet-i kur'aniyedeki	خدمت قرآنیهدهكی
hizmet-i kur'aniyemi	خدمت قرآنیهمی
hizmet-i kur'aniyemize	خدمت قرآنیهمزه
hizmet-i kur'aniyenin	خدمت قرآنیهنڭ
hizmet-i kur'aniyeye	خدمت قرآنیهیه
hizmet-i kur'aniyeyi	خدمت قرآنیهیی
hizmet-i kur'ân	خدمت قرآن
hizmet-i kur'âna	خدمت قرآنه
hizmet-i kur'ânda	خدمت قرآنده
hizmet-i kur'ândan	خدمت قرآندن
hizmet-i kur'âniye	خدمت قرآنیه
hizmet-i kur'âniyede	خدمت قرآنیهده
hizmet-i kur'âniyedeki	خدمت قرآنیهدهكی
hizmet-i kur'âniyemi	خدمت قرآنیهمی
hizmet-i kur'âniyemize	خدمت قرآنیهمزه
hizmet-i kur'âniyenin	خدمت قرآنیهنڭ
hizmet-i kur'âniyeye	خدمت قرآنیهیه
hizmet-i kur'âniyeyi	خدمت قرآنیهیی
hizmet-i nuriye	خدمت نوریه
hizmet-i nuriyede	خدمت نوریهده
hizmet-i nuriyedeki	خدمت نوریهدهكی
hizmet-i nuriyeden	خدمت نوریهدن
hizmet-i nuriyelerini	خدمت نوریهلرینی
hizmet-i nuriyenin	خدمت نوریهنڭ
hizmet-i nuriyeye	خدمت نوریهیه
hizmet-i nuriyeyi	خدمت نوریهیی
hizmet-i nûriye	خدمت نوریه
hizmet-i nûriyede	خدمت نوریهده
hizmet-i nûriyedeki	خدمت نوریهدهكی
hizmet-i nûriyeden	خدمت نوریهدن
hizmet-i nûriyelerini	خدمت نوریهلرینی
hizmet-i nûriyenin	خدمت نوریهنڭ
hizmet-i nûriyeye	خدمت نوریهیه
hizmet-i nûriyeyi	خدمت نوریهیی
hizmet-i îmâniye	خدمت ایمانیه
hizmet-i îmâniyede	خدمت ایمانیهده
hizmet-i îmâniyeden	خدمت ایمانیهدن
hizmet-i îmâniyemi	خدمت ایمانیهمی
hizmet-i îmâniyemize	خدمت ایمانیّهمزه
hizmet-i îmâniyenin	خدمت ایمانیهنڭ
hizmet-i îmâniyesi	خدمت ایمانیهسی
hizmet-i îmâniyesinde	خدمت ایمانیهسنده
hizmet-i îmâniyesine	خدمت ایمانیّهسنه
hizmet-i îmâniyeye	خدمت ایمانیهیه
hizmet-i îmâniyeyi	خدمت ایمانیهیی
hizmeti de	خدمتی ده
hizmetlerine de	خدمتلرینه ده
hiç de	هیچ ده
hiç mi	هیچمی
hiç-ender-hiç	هیچ اندر هیچ
hoca hasan efendi'den	خواجه حسن افندیدن
hoca haşmet efendi	خواجه حشمت افندی
hoca sabri	خواجه صبری
hoca sabrî	خواجه صبری
hocaları da	خواجهلری ده
hoş-amedi	خوش آمدی
hoş-âmedî	خوش آمدی
hubb-u cah	حبّ جاه
hubb-u caha	حبّ جاهه
hubb-u cahtan	حبّ جاهدن
hubb-u cahı	حبّ جاهی
hubb-u câh	حبّ جاه
hubb-u câha	حبّ جاهه
hubb-u câhtan	حبّ جاهدن
hubb-u câhı	حبّ جاهی
hubb-u dünya	حبّ دنیا
hubb-u dünyada	حبّ دنیاده
hubb-u dünyâ	حبّ دنیا
hubb-u dünyâda	حبّ دنیاده
hubb-u faniyattan	حبّ فانیاتدن
hubb-u fâniyâttan	حبّ فانیاتدن
hubb-u mehasin	حبّ محاسن
hubb-u mehâsin	حبّ محاسن
huccet-i a'zamı	حجّت اعظمی
huccet-i haşriye	حجّت حشریّه
huccet-i imaniye	حجّت ایمانیه
huccet-i imaniye'de	حجّت ایمانیهده
huccet-i imaniye'nin	حجّت ایمانیهنڭ
huccet-i katıa	حجّت قاطعه
huccet-i katıadır	حجّت قاطعهدر
huccet-i katıadır ki	حجّت قاطعهدركه
huccet-i katıası	حجت قاطعهسی
huccet-i katıasıdır	حجّت قاطعهسیدر
huccet-i kur'aniyesi	حجّت قرآنیهسی
huccet-i kur'âniyesi	حجّت قرآنیهسی
huccet-i külliyeyi	حجّت كلّیهیی
huccet-i kātıa	حجّت قاطعه
huccet-i kātıadır	حجّت قاطعهدر
huccet-i kātıadır ki	حجّت قاطعهدركه
huccet-i kātıası	حجت قاطعهسی
huccet-i kātıasıdır	حجّت قاطعهسیدر
huccet-i rahmet-i alem	حجّت رحمت عالم
huccet-i rahmet-i âlem	حجّت رحمت عالم
huccet-i risaleti	حجّت رسالتی
huccet-i risâleti	حجّت رسالتی
huccet-i vahdaniyet	حجّت وحدانیّت
huccet-i vahdaniyeti	حجّت وحدانیّتی
huccet-i vahdâniyet	حجّت وحدانیّت
huccet-i vahdâniyeti	حجّت وحدانیّتی
huccet-i îmâniye	حجّت ایمانیه
huccet-i îmâniye'de	حجّت ایمانیهده
huccet-i îmâniye'nin	حجّت ایمانیهنڭ
huccettir ki	حجّتدركه
huccetullahi'l-baliğa	حجّت اللّه البالغه
huccetullahi'l-baliğa'nın	حجّت اللّه البالغهنڭ
huccetullâhi'l-bâliğa	حجّت اللّه البالغه
huccetullâhi'l-bâliğa'nın	حجّت اللّه البالغهنڭ
huccetü'l-islam	حجّت الاسلام
huccetü'l-islâm	حجّت الاسلام
hucumat-ı sitte	هجمات ستّه
hucumat-ı sitte'de	هجمات ستّهده
hucumat-ı sitte'nin	هجمات ستّهنڭ
hucumât-ı sitte	هجمات ستّه
hucumât-ı sitte'de	هجمات ستّهده
hucumât-ı sitte'nin	هجمات ستّهنڭ
hukuk-u amme	حقوق عامّه
hukuk-u hayat	حقوق حیات
hukuk-u hayatını	حقوق حیاتنی
hukuk-u hürmeti	حقوق حرمتی
hukuk-u ibadı	حقوق عبادی
hukuk-u ibâdı	حقوق عبادی
hukuk-u insaniyenin	حقوق انسانیهنڭ
hukuk-u medeniyeden	حقوق مدنیهدن
hukuk-u umumiye	حقوق عمومیّه
hukuk-u umumiyeyi	حقوق عمومیهیی
hukuk-u umûmiye	حقوق عمومیّه
hukuk-u umûmiyeyi	حقوق عمومیّهیی
hukuk-u âmme	حقوق عامّه
hukukumu da	حقوقمی ده
hukūk-u umûmiyeyi	حقوق عمومیهیی
hulasa-i mezhebleri	خلاصهٔ مذهبلری
hulasatü'l-hulasa	خلاصة الخلاصه
hulasatü'l-hulasa'nın	خلاصة الخلاصهنڭ
hulasatü'l-hulasası	خلاصة الخلاصهسی
hulefa-yı erbaa'nın	خلفای اربعهنڭ
hulefa-yı erbaa'ya	خلفای اربعهیه
hulefa-yı raşidin	خلفای راشدین
hulefa-yı raşidin'den	خلفای راشدیندن
hulefa-yı raşidin'e	خلفای راشدینه
hulefa-yı raşidin'in	خلفای راشدینڭ
hulefa-yı selase'nin	خلفای ثلاثهنڭ
hulefâ-yı erbaa'nın	خلفای اربعهنڭ
hulefâ-yı erbaa'ya	خلفای اربعهیه
hulefâ-yı râşidîn	خلفای راشدین
hulefâ-yı râşidîn'den	خلفای راشدیندن
hulefâ-yı râşidîn'e	خلفای راشدینه
hulefâ-yı râşidîn'in	خلفای راشدینڭ
hulefâ-yı selâse'nin	خلفای ثلاثهنڭ
hulf-ü va'd	خلف وعد
hulfü'l-va'd	خلف الوعد
hulfü'l-vaid	خلف الوعید
hulfü'l-vaîd	خلف الوعید
hulusi bey	خلوصی بك
hulusi bey'e	خلوصی بكه
hulusi bey'in	خلوصی بكڭ
hulusi-i sani	خلوصئ ثانی
hulusi-i sani sabri	خلوصئ ثانی صبری
hulâsa-i mezhebleri	خلاصهٔ مذهبلری
hulâsatü'l-hulâsa	خلاصة الخلاصه
hulâsatü'l-hulâsa'nın	خلاصة الخلاصهنڭ
hulâsatü'l-hulâsası	خلاصة الخلاصهسی
hulûsî bey	خلوصی بك
hulûsî bey'e	خلوصی بكه
hulûsî bey'in	خلوصی بكڭ
hulûsî-i sânî	خلوصئ ثانی
hulûsî-i sânî sabrî	خلوصئ ثانی صبری
huri de	حوری ده
huruc-u deccala	خروج دجّاله
huruf-u heca	حروف هجا
huruf-u kur'aniye	حروف قرآنیه
huruf-u kur'aniyenin	حروف قرآنیهنڭ
huruf-u kur'aniyeyi	حروف قرآنیهیی
huruf-u mukattaa	حروف مقطّعه
hurufat-ı kudsiyesinin	حروفات قدسیهسنڭ
hurufat-ı kur'aniyenin	حروفات قرآنیهنڭ
hurûc-u deccâla	خروج دجّاله
hurûf-u hecâ	حروف هجا
hurûf-u kur'âniye	حروف قرآنیه
hurûf-u kur'âniyenin	حروف قرآنیهنڭ
hurûf-u kur'âniyeyi	حروف قرآنیهیی
hurûf-u mukattaa	حروف مقطّعه
hurûfât-ı kudsiyesinin	حروفات قدسیهسنڭ
hurûfât-ı kur'âniyenin	حروفات قرآنیهنڭ
husrev de	خسرو ده
husrev efendi'nin	خسرو افندینڭ
husulü de	حصولی ده
hususunda da	خصوصنده ده
husûlü de	حصولی ده
hutbe-i ezeliye	خطبهٔ ازلیه
hutbe-i ezeliyedir	خطبهٔ ازلیهدر
hutbe-i ezeliyeyi	خطبهٔ ازلیهیی
hutbe-i şamiye	خطبهٔ شامیه
hutbe-i şamiye'nin	خطبهٔ شامیهنڭ
hutbe-i şirinine	خطبهٔ شیریننه
hutbe-i şâmiye	خطبهٔ شامیه
hutbe-i şâmiye'nin	خطبهٔ شامیهنڭ
hutbe-i şîrînine	خطبهٔ شیریننه
hutbetü'ş-şamiye'nin	خطبة الشّامیهنڭ
hutbetü'ş-şâmiye'nin	خطبة الشّامیهنڭ
hutuvat-ı sitte	خطوات ستّه
hutuvat-ı sitte'ye	خطوات ستّهیه
hutuvât-ı sitte	خطوات ستّه
hutuvât-ı sitte'ye	خطوات ستّهیه
huzur-u daimi	حضور دائمی
huzur-u daimiyi	حضور دائمی یی
huzur-u ilahide	حضور الهیده
huzur-u irfanınıza	حضور عرفانڭزه
huzur-u kibriyasında	حضور كبریاسنده
huzur-u nebevide	حضور نبویده
huzur-u rahman'a	حضور رحمانه
huzur-u tam	حضور تام
huzûr-u dâimî	حضور دائمی
huzûr-u dâimîyi	حضور دائمی یی
huzûr-u ilâhîde	حضور الهیده
huzûr-u irfânınıza	حضور عرفانڭزه
huzûr-u kibriyâsında	حضور كبریاسنده
huzûr-u nebevîde	حضور نبویده
huzûr-u rahmân'a	حضور رحمانه
huzûr-u tâm	حضور تام
hâcet-i zarûriye	حاجت ضروریه
hâcet-i zarûriyesi	حاجت ضروریهسی
hâcet-i âmme	حاجت عامّه
hâcât-ı beşeriyeyi	حاجات بشریهیی
hâcât-ı gayr-i zarûriye	حاجات غیر ضروریه
hâcât-ı hayvâniyeye	حاجات حیوانیهیه
hâcât-ı ma'neviyesine	حاجات معنویهسنه
hâcât-ı maddiyelerinin	حاجات مادّیهلرینڭ
hâcât-ı zarûriye	حاجات ضروریه
hâcât-ı zarûriyeden	حاجات ضروریهدن
hâcât-ı zarûriyeye	حاجات ضروریهیه
hâcı sabrî	حاجی صبری
hâdim-i kur'ân	خادم قرآن
hâdim-i nebevî	خادم نبوی
hâdise de	حادثه ده
hâdise-i cevviyeyi	حادثهء جوّیهیی
hâdise-i cüz'iyeyi	حادثهٔ جزئیهیی
hâdise-i muhammediye	حادثهٔ محمّدیهؐ
hâdise-i rûhâniyeyi	حادثهٔ روحانیهیی
hâdise-i semâviye	حادثهٔ سماویه
hâdise-i taarruziyeden	حادثهٔ تعرّضیهدن
hâdise-i şer'iyeyi	حادثهٔ شرعیهیی
hâdiseler de	حادثهلر ده
hâdisât-ı acîbeye	حادثات عجیبهیه
hâdisât-ı ahkâmı	حادثات احكامی
hâdisât-ı istikbâliye	حادثات استقبالیه
hâdisât-ı kevniye	حادثات كونیه
hâdisât-ı kevniyenin	حادثات كونیهنڭ
hâdisât-ı kevniyeyi	حادثات كونیهیی
hâdisât-ı târîhiye	حادثات تاریخیه
hâdisât-ı zamaniye	حادثات زمانیه
hâdisât-ı âlem	حادثات عالم
hâfız ahmed	حافظ احمد
hâfız ahmed'in	حافظ احمدڭ
hâfız ali rahmetullâhi aleyh	حافظ علی رحمة اللّه علیه
hâfız ali'si	حافظ علیسی
hâfız alî	حافظ علی
hâfız alî'nin	حافظ علینڭ
hâfız alî'ye	حافظ علی یه
hâfız alî'yi	حافظ علی یی
hâfız emîn	حافظ امین
hâfız emîn'in	حافظ امینڭ
hâfız hâlid	حافظ خالد
hâfız hüseyin	حافظ حسین
hâfız mehmed	حافظ محمد
hâfız mehmed'i	حافظ محمدی
hâfız mehmed'in	حافظ محمدڭ
hâfız mustafâ	حافظ مصطفی
hâfız mustafâ'nın	حافظ مصطفینڭ
hâfız mustafâ'ya	حافظ مصطفی یه
hâfız osmân	حافظ عثمان
hâfız tevfîk	حافظ توفیق
hâfız tevfîk'in	حافظ توفیقڭ
hâfız zühdü	حافظ زهدی
hâfız-ı hakîkî	حافظ حقیقی
hâfız-ı kur'ân	خافظ قرآن
hâh nâ-hâh	خواه نا خواه
hâim nâhûm	حایم ناحوم
hâk ile yeksân	خاك ایله یكسان
hâk-i der-i âl-i abâ	خاك در آل عبا
hâk-i pâyinizden	خاك پایڭزدن
hâkim-i ezel	حاكم ازل
hâkim-i ezelî'nin	حاكم ازلینڭ
hâkim-i ezelî'sinin	حاكم ازلیسنڭ
hâkim-i hakîm	حاكم حكیم
hâkim-i mutlak	حاكم مطلق
hâkim-i mutlak'dır	حاكم مطلقدر
hâkim-i âdil	حاكم عادل
hâkimiyet-i islâmiyeden	حاكمیت اسلامیهدن
hâkimiyet-i islâmiyeye	حاكمیت اسلامیهیه
hâkimiyet-i mutlaka	حاكمیت مطلقه
hâkimiyet-i nûrâniyesi	حاكمیت نورانیهسی
hâkimiyet-i âmme	حاكمیت عامّه
hâl-i hâzır	حال حاضر
hâl-i hâzırda	حال حاضرده
hâl-i hâzırdaki	حال حاضردهكی
hâl-i âlem	حال عالم
hâl-i âlemi	حال عالمی
hâlet-i rûhiye	حالت روحیه
hâlet-i rûhiyem	حالت روحیهم
hâlet-i rûhiyeye	حالت روحیهیه
hâlet-i rûhiyeyi	حالت روحیهیی
hâlet-i rûhâniyede	حالت روحانیهده
hâlet-i vakıfta	حالت وقفده
hâlik-ı arz	خالق ارض
hâlik-ı hakîm	خالق حكیم
hâlik-ı hakîm'i	خالق حكیمی
hâlik-ı hayır	خالق خیر
hâlik-ı kerîm	خالق كریم
hâlik-ı kerîm'im	خالق كریمم
hâlik-ı kerîm'in	خالق كریمڭ
hâlik-ı kâinât	خالق كائنات
hâlik-ı kâinât'ı	خالق كائناتی
hâlik-ı kâinât'ın	خالق كائناتڭ
hâlik-ı küll-i şey'	خالق كلّ شیء
hâlik-ı küll-i şey'e	خالق كلّ شیئه
hâlik-ı küll-i şey'in	خالق كلّ شیئڭ
hâlik-ı rahmân	خالق رحمن
hâlik-ı rahîm	خالق رحیم
hâlik-ı rahîm'e	خالق رحیمه
hâlik-ı rahîm'i	خالق رحیمی
hâlik-ı rahîm'imizin	خالق رحیممزڭ
hâlik-ı rahîm'in	خالق رحیمڭ
hâlik-ı rahîm'inin	خالق رحیمنڭ
hâlik-ı rahîmime	خالق رحیممه
hâlik-ı semâvât	خالق سماوات
hâlik-ı zülcelâl	خالق ذوالجلال
hâlik-ı zülcelâl'e	خالق ذوالجلاله
hâlik-ı zülcelâl'i	خالق ذوالجلالی
hâlik-ı zülcelâl'in	خالق ذوالجلالڭ
hâlik-ı zülcelâl'ine	خالق ذوالجلالنه
hâlik-ı zülcelâl'ini	خالق ذوالجلالنی
hâlik-ı zülcelâl'inin	خالق ذوالجلالنڭ
hâlik-ı âlem	خالق عالم
hâlik-ı âlem'in	خالق عالمڭ
hâlik-ı şer	خالق شرّ
hâlisdir ki	خالصدركه
hâlât-ı telakkîsi	حالات تلقّیسی
hâne-i devvâr	خانهٔ دوّار
hâric-i dâire-i akıldır	خارج دائرهٔ عقلدر
hâric-i âlem-i islâm'da	خارج عالم اسلامده
hârika-i hikmet	خارقهٔ حكمت
hârika-i kudret	خارقهٔ قدرت
hârika-i san'at	خارقهٔ صنعت
hârika-i zamanî	خارقهٔ زمانی
hâssalarını da	خاصّهلرینی ده
hâssasındandır ki	خاصّهسندندركه
hâsıl-ı bilmasdar	حاصل بالمصدر
hâsıl-ı kelâm	حاصل كلام
hâtem-i ehadiyet	خاتم احدیت
hâtem-i ehadiyeti	خاتم احدیتی
hâtem-i inâyeti	خاتم عنایتی
hâtem-i nübüvveti	خاتم نبوّتی
hâtem-i rahmet	خاتم رحمت
hâtem-i rahîmiyeti	خاتم رحیمیّتی
hâtem-i tâî	حاتم طائی
hâtem-i vahdet	خاتم وحدت
hâtem-i vahdâniyet	خاتم وحدانیت
hâtemü'l-enbiyâ	خاتم الانبیا
hâtemü'l-enbiyâ'dır	خاتم الانبیادر
hâtıra-i hakîkatle	خاطرهٔ حقیقتله
hâtırât-ı gaybiye	خاطرات غیبیه
hâtırât-ı kalbimi	خاطرات قلبمی
hâşiyeleri de	حاشیهلری ده
hâşâ ve kellâ	حاشا و كلّا
hîn-i sukūtunda	حین سقوطنده
hûri de	حوری ده
hüccet-i imaniye	حجّت ایمانیه
hüccet-i îmâniye	حجّت ایمانیه
hüccettir ki	حجّتدركه
hüceyrat-ı bedene	حجیرات بدنه
hüceyrat-ı bedeniyenin	حجیرات بدنیهنڭ
hüceyre-i bedenden	حجیرهٔ بدندن
hüceyrât-ı bedene	حجیرات بدنه
hüceyrât-ı bedeniyenin	حجیرات بدنیهنڭ
hücum da	هجوم ده
hücumat-ı sitte	هجمات ستّه
hücumat-ı sitte'nin	هجمات ستّهنڭ
hücûm da	هجوم ده
hücûmât-ı sitte	هجمات ستّه
hücûmât-ı sitte'nin	هجمات ستّهنڭ
hüda-yı furkani	هدای فرقانی
hüda-yı kur'ani	هدای قرآنی
hüdâ-yı furkānî	هدای فرقانی
hüdâ-yı kur'ânî	هدای قرآنی
hükm-ü kadere	حكم قدره
hükm-ü kur'an'a	حكم قرآنه
hükm-ü kur'ani	حكم قرآنی
hükm-ü kur'ân'a	حكم قرآنه
hükm-ü kur'ânî	حكم قرآنی
hükm-ü şer'i	حكم شرعی
hükm-ü şer'î	حكم شرعی
hükmeder ki	حكم ایدركه
hükmediyor ki	حكم ایدییوركه
hükmediyorlar ki	حكم ایدییورلركه
hükmü ki	حكمیكه
hükmündedir ki	حكمندهدركه
hükmünün de	حكمنڭ ده
hükumet de	حكومت ده
hükumet-i cumhuriye	حكومت جمهوریه
hükumet-i cumhuriyenin	حكومت جمهوریهنڭ
hükumet-i hazıraya	حكومت حاضرهیه
hükumet-i hilkat	حكومت خلقت
hükumet-i islamiye	حكومت اسلامیه
hükumet-i islamiye-i ömeriye'de	حكومت اسلامیهٔ عمریّهده
hükumet-i islamiyenin	حكومت اسلامیهنڭ
hükûmet de	حكومت ده
hükûmet-i cumhûriye	حكومت جمهوریه
hükûmet-i cumhûriyenin	حكومت جمهوریهنڭ
hükûmet-i hilkat	حكومت خلقت
hükûmet-i hâzıraya	حكومت حاضرهیه
hükûmet-i islâmiye	حكومت اسلامیه
hükûmet-i islâmiye-i ömeriye'de	حكومت اسلامیهٔ عمریّهده
hükûmet-i islâmiyenin	حكومت اسلامیهنڭ
hüküm-ferma	حكم فرما
hüküm-fermâ	حكم فرما
hülasatü'l-hülasa	خلاصة الخلاصه
hülâsatü'l-hülâsa	خلاصة الخلاصه
hürmet-i riba	حرمت ربا
hürmet-i ribâ	حرمت ربا
hürriyet-i fikir	حرّیت فكر
hürriyet-i ilmiye	حرّیت علمیّه
hürriyet-i nisvan	حرّیت نسوان
hürriyet-i nisvân	حرّیت نسوان
hürriyet-i vicdan	حرّیت وجدان
hürriyet-i vicdân	حرّیت وجدان
hürriyet-i şahsiyesi	حرّیت شخصیّهسی
hürriyet-i şer'iye	حرّیت شرعیه
hürriyet-i şer'iyeye	حرّیت شرعیهیه
hürriyet-i şer'iyeyi	حرّیت شرعیهیی
hüseyin-i cisri	حسین جسری
hüseyin-i cisrî	حسین جسری
hüsn-ü ahlak	حسن اخلاق
hüsn-ü ahlaka	حسن اخلاقه
hüsn-ü ahlâk	حسن اخلاق
hüsn-ü ahlâka	حسن اخلاقه
hüsn-ü akibetlerine	حسن عاقبتلرینه
hüsn-ü akıbetlerine	حسن عاقبتلرینه
hüsn-ü cemal	حسن جمال
hüsn-ü cemale	حسن جماله
hüsn-ü cemali	حسن جمالی
hüsn-ü cemaline	حسن جمالنه
hüsn-ü cemalini	حسن جمالنی
hüsn-ü cemalinin	حسن جمالنڭ
hüsn-ü cemâl	حسن جمال
hüsn-ü cemâle	حسن جماله
hüsn-ü cemâli	حسن جمالی
hüsn-ü cemâline	حسن جمالنه
hüsn-ü cemâlini	حسن جمالنی
hüsn-ü cemâlinin	حسن جمالنڭ
hüsn-ü cereyanını	حسن جریاننی
hüsn-ü cereyânını	حسن جریاننی
hüsn-ü hakikisini	حسن حقیقیسنی
hüsn-ü hakîkîsini	حسن حقیقیسنی
hüsn-ü hatime	حسن خاتمه
hüsn-ü hatimelerine	حسن خاتمهلرینه
hüsn-ü hatimenin	حسن خاتمهنڭ
hüsn-ü hatimeye	حسن خاتمهیه
hüsn-ü hattı	حسن خطّی
hüsn-ü hayırdır	حسن خیردر
hüsn-ü hizmet	حسن خدمت
hüsn-ü hâtime	حسن خاتمه
hüsn-ü hâtimelerine	حسن خاتمهلرینه
hüsn-ü hâtimenin	حسن خاتمهنڭ
hüsn-ü hâtimeye	حسن خاتمهیه
hüsn-ü intizamına	حسن انتظامنه
hüsn-ü intizâmına	حسن انتظامنه
hüsn-ü isti'mal	حسن استعمال
hüsn-ü isti'mâl	حسن استعمال
hüsn-ü istikbal	حسن استقبال
hüsn-ü istikbâl	حسن استقبال
hüsn-ü kabul	حسن قبول
hüsn-ü kabule	حسن قبوله
hüsn-ü kabûl	حسن قبول
hüsn-ü kabûle	حسن قبوله
hüsn-ü maişet	حسن معیشت
hüsn-ü maîşet	حسن معیشت
hüsn-ü misal	حسن مثال
hüsn-ü misâl	حسن مثال
hüsn-ü muaşeret	حسن معاشرت
hüsn-ü muâşeret	حسن معاشرت
hüsn-ü mücerred	حسن مجرّد
hüsn-ü münezzeh	حسن منزّه
hüsn-ü niyet	حسن نیّت
hüsn-ü niyete	حسن نیّته
hüsn-ü niyetini	حسن نیّتنی
hüsn-ü niyetle	حسن نیّتله
hüsn-ü niyetten	حسن نیّتدن
hüsn-ü san'at	حسن صنعت
hüsn-ü san'atla	حسن صنعتله
hüsn-ü san'atça	حسن صنعتجه
hüsn-ü siret	حسن سیرت
hüsn-ü siretine	حسن سیرتنه
hüsn-ü suret	حسن صورت
hüsn-ü suretle	حسن صورتله
hüsn-ü sîret	حسن سیرت
hüsn-ü sîretine	حسن سیرتنه
hüsn-ü sûret	حسن صورت
hüsn-ü sûretle	حسن صورتله
hüsn-ü te'sir	حسن تأثیر
hüsn-ü te'siri	حسن تأثیری
hüsn-ü te'sirini	حسن تأثیرینی
hüsn-ü te'sîr	حسن تأثیر
hüsn-ü te'sîri	حسن تأثیری
hüsn-ü te'sîrini	حسن تأثیرینی
hüsn-ü teveccüh	حسن توجّه
hüsn-ü teveccühlerini	حسن توجّهلرینی
hüsn-ü teveccühünü	حسن توجّهنی
hüsn-ü zan	حسن ظن
hüsn-ü zanda	حسن ظنده
hüsn-ü zandan	حسن ظندن
hüsn-ü zanla	حسن ظنله
hüsn-ü zanlar	حسن ظنلر
hüsn-ü zanları	حسن ظنلری
hüsn-ü zanlarına	حسن ظنلرینه
hüsn-ü zanlarından	حسن ظنلرندن
hüsn-ü zanlarını	حسن ظنلرینی
hüsn-ü zanna	حسن ظنّه
hüsn-ü zannı	حسن ظنّی
hüsn-ü zannımı	حسن ظنّمی
hüsn-ü zannına	حسن ظنّنه
hüsn-ü zannını	حسن ظنّنی
hüsn-ü zannınız	حسن ظنّڭز
hüsn-ü zannınıza	حسن ظنّڭزه
hüsn-ü zannınızı	حسن ظنّڭزی
hüsn-ü zannıyla	حسن ظنّیله
hüsn-ü âkibetlerine	حسن عاقبتلرینه
hüsn-ü âkıbetlerine	حسن عاقبتلرینه
hüsran-ı islam'a	خسران اسلامه
hüsrân-ı islâm'a	خسران اسلامه
hüve nüktesi	هو نكتهسی
hüzn-ü kur'ani	حزن قرآنی
hüzn-ü kur'ânî	حزن قرآنی
hüzn-ü müştakane	حزن مشتاقانه
hüzn-ü müştâkāne	حزن مشتاقانه
hüzn-ü yetimi	حزن یتیمی
hüzn-ü yetîmî	حزن یتیمی
hüzün de	حزن ده
hüzün-engiz	حزن انكیز
hüzün-engîz	حزن انكیز
hıfz ve inayet-i ilahiye	حفظ و عنایت الهیه
hıfz ve inâyet-i ilâhiye	حفظ و عنایت الهیه
hıfz-ı gaybi	حفظ غیبی
hıfz-ı gaybî	حفظ غیبی
hıfz-ı hayat	حفظ حیات
hıfz-ı ilahi	حفظ الهی
hıfz-ı ilahidir	حفظ الهیدر
hıfz-ı ilahiye	حفظ الهی یه
hıfz-ı ilâhî	حفظ الهی
hıfz-ı ilâhîdir	حفظ الهیدر
hıfz-ı ilâhîye	حفظ الهی یه
hıfz-ı kur'ana	حفظ قرآنه
hıfz-ı kur'âna	حفظ قرآنه
hırs-ı hayat	حرص حیات
hırs-ı sevab	حرص ثواب
hırs-ı sevâb	حرص ثواب
hırs-ı şöhret	حرص شهرت
hırz-ı can	حرز جان
hırz-ı cân	حرز جان
i de	ی دی
i'caz-ı belagattir	اعجاز بلاغتدر
i'caz-ı beyanı	اعجاز بیانی
i'caz-ı icazi	اعجاز ایجازی
i'caz-ı kur'an	اعجاز قرآن
i'caz-ı kur'an'a	اعجاز قرآنه
i'caz-ı kur'an'da	اعجاز قرآنده
i'caz-ı kur'an'dan	اعجاز قرآندن
i'caz-ı kur'an'ı	اعجاز قرآنی
i'caz-ı kur'an'ın	اعجاز قرآنڭ
i'caz-ı kur'ani	اعجاز قرآنی
i'caz-ı kur'aninin	اعجاز قرآنینڭ
i'caz-ı kur'aniyi	اعجاز قرآنی یی
i'caz-ı ma'nevinin	اعجاز معنوینڭ
i'caz-ı ma'nevisinden	اعجاز معنویسندن
i'caz-ı ma'nevisini	اعجاز معنویسنی
i'caz-ı ma'nevisinin	اعجاز معنویسنڭ
i'caz-ı ma'nevisiyle	اعجاز معنویسیله
i'câz-ı belâgattir	اعجاز بلاغتدر
i'câz-ı beyânı	اعجاز بیانی
i'câz-ı kur'ân	اعجاز قرآن
i'câz-ı kur'ân'a	اعجاز قرآنه
i'câz-ı kur'ân'da	اعجاز قرآنده
i'câz-ı kur'ân'dan	اعجاز قرآندن
i'câz-ı kur'ân'ı	اعجاز قرآنی
i'câz-ı kur'ân'ın	اعجاز قرآنڭ
i'câz-ı kur'ânî	اعجاز قرآنی
i'câz-ı kur'ânînin	اعجاز قرآنینڭ
i'câz-ı kur'ânîyi	اعجاز قرآنی یی
i'câz-ı ma'nevînin	اعجاز معنوینڭ
i'câz-ı ma'nevîsinden	اعجاز معنویسندن
i'câz-ı ma'nevîsini	اعجاز معنویسنی
i'câz-ı ma'nevîsinin	اعجاز معنویسنڭ
i'câz-ı ma'nevîsiyle	اعجاز معنویسیله
i'câz-ı îcâzî	اعجاز ایجازی
i'dam da	اعدام ده
i'dam-ı ebedi	اعدام ابدی
i'dam-ı ebediden	اعدام ابدیدن
i'dam-ı ebedidir	اعدام ابدیدر
i'dam-ı ebedisi	اعدام ابدیسی
i'dam-ı ebedisinden	اعدام ابدیسندن
i'dam-ı ebedisiyle	اعدام ابدیسیله
i'dâm da	اعدام ده
i'dâm-ı ebedî	اعدام ابدی
i'dâm-ı ebedîden	اعدام ابدیدن
i'dâm-ı ebedîdir	اعدام ابدیدر
i'dâm-ı ebedîsi	اعدام ابدیسی
i'dâm-ı ebedîsinden	اعدام ابدیسندن
i'dâm-ı ebedîsiyle	اعدام ابدیسیله
i'la-yı kelimetullah	اعلای كلمة اللّه
i'la-yı kelimetullahı	اعلای كلمة اللّهی
i'lan-ı tevhid	اعلان توحید
i'lan-ı şehadet	اعلان شهادت
i'lem eyyühe'l-aziz	اعلم ایّها العزیز
i'lem eyyühe'l-azîz	اعلم ایّها العزیز
i'lâ-yı kelimetullâh	اعلای كلمة اللّه
i'lâ-yı kelimetullâhı	اعلای كلمة اللّهی
i'lân-ı tevhîd	اعلان توحید
i'lân-ı şehâdet	اعلان شهادت
i'tibariyle de	اعتباریله ده
i'tibâriyle de	اعتباریله ده
i'tidal-i dem	اعتدال دم
i'tidal-i demle	اعتدال دمله
i'tidâl-i dem	اعتدال دم
i'tidâl-i demle	اعتدال دمله
i'tikadat-ı yakiniye	اعتقادات یقینیه
i'tikādât-ı yakîniye	اعتقادات یقینیه
ibadet-i fikriye	عبادت فكریه
ibadet-i fıtriye	عبادت فطریه
ibadet-i mahsusalarını	عبادت مخصوصهلرینی
ibadet-i nafile	عبادت نافله
ibadet-i tefekküriye	عبادت تفكّریه
ibadetin de	عبادتڭ ده
ibn-i cevzi	ابن جوزی
ibn-i cevzî	ابن جوزی
ibn-i mes'ud	ابن مسعود
ibn-i mes'ud'dan	ابن مسعوددن
ibn-i mes'ûd	ابن مسعود
ibn-i mes'ûd'dan	ابن مسعوددن
ibn-i rüşd	ابن رشد
ibn-i sina	ابن سینا
ibn-i sina'nın	ابن سینانڭ
ibn-i sinaları	ابن سینالری
ibn-i sînâ	ابن سینا
ibn-i sînâ'nın	ابن سینانڭ
ibn-i sînâları	ابن سینالری
ibrahim aleyhisselam'dan	ابراهیم علیه السّلامدن
ibrahim aleyhisselâm'dan	ابراهیم علیه السّلامدن
ibrahim edhem'in	ابراهیم ادهمڭ
ibrişimdir ki	ابریشیمدركه
ibrâhîm edhem'in	ابراهیم ادهمڭ
ibrîşîmdir ki	ابریشیمدركه
ibtal-i his	ابطال حسّ
ibtâl-i his	ابطال حسّ
ibâdet-i fikriye	عبادت فكریه
ibâdet-i fıtriye	عبادت فطریه
ibâdet-i mahsûsalarını	عبادت مخصوصهلرینی
ibâdet-i nâfile	عبادت نافله
ibâdet-i tefekküriye	عبادت تفكّریه
ibâdetin de	عبادتڭ ده
icad-ı eşyada	ایجاد اشیاده
icad-ı eşyadaki	ایجاد اشیادهكی
icma'-ı azim	اجماع عظیم
icmâ'-ı azîm	اجماع عظیم
icraat-ı hakimane	اجراآت حكیمانه
icrâât-ı hakîmâne	اجراآت حكیمانه
ictimaiyat-ı beşeriyenin	اجتماعیات بشریهنڭ
ictimâiyât-ı beşeriyenin	اجتماعیات بشریهنڭ
ictinab-ı kebair	اجتناب كبائر
ictinâb-ı kebâir	اجتناب كبائر
iddia makamının	ادّعا مقامنڭ
iddiâ makamının	ادّعا مقامنڭ
idi ki	ایدیكه
ifa-yı vazife	ایفای وظیفه
ifade-i ma'na	افادهٔ معنا
ifade-i meram	افادهٔ مرام
ifaza-i nurani	افاضهٔ نورانی
ifrat-ı muhabbet	افراط محبّت
ifrât-ı muhabbet	افراط محبّت
iftihar-ı mukaddes	افتخار مقدّس
iftihâr-ı mukaddes	افتخار مقدّس
ifâde-i ma'nâ	افادهٔ معنا
ifâde-i merâm	افادهٔ مرام
ifâza-i nûrânî	افاضهٔ نورانی
ihata-i ilmine	احاطهٔ علمڭه
ihata-i ilmiyesini	احاطهٔ علمیهسنی
ihata-i rahmeti	احاطهٔ رحمتی
ihata-i ummani	احاطهٔ عمّانی
ihbar-ı farukidir	اخبار فاروقیدر؈
ihbar-ı gayb	اخبار غیب
ihbar-ı gaybi	اخبار غیبی
ihbar-ı gaybidir	اخبار غیبیدر
ihbar-ı gaybisi	اخبار غیبیسی
ihbar-ı gaybisini	اخبار غیبیسنی
ihbar-ı gaybiyi	اخبار غیبی یی
ihbarat-ı gaybiye	اخبارات غیبیه
ihbarat-ı gaybiye-i aleviye	اخبارات غیبیهٔ علویه
ihbarat-ı gaybiye-i kur'aniye	اخبارات غیبیهٔ قرآنیه
ihbarat-ı gaybiyesi	اخبارات غیبیهسی
ihbarat-ı gaybiyesidir	اخبارات غیبیهسیدر
ihbarat-ı kat'iyesiyle	اخبارات قطعیهسیله
ihbâr-ı fârûkîdir	اخبار فاروقیدر؈
ihbâr-ı gayb	اخبار غیب
ihbâr-ı gaybî	اخبار غیبی
ihbâr-ı gaybîdir	اخبار غیبیدر
ihbâr-ı gaybîsi	اخبار غیبیسی
ihbâr-ı gaybîsini	اخبار غیبیسنی
ihbâr-ı gaybîyi	اخبار غیبی یی
ihbârât-ı gaybiye	اخبارات غیبیه
ihbârât-ı gaybiye-i aleviye	اخبارات غیبیهٔ علویه
ihbârât-ı gaybiye-i kur'âniye	اخبارات غیبیهٔ قرآنیه
ihbârât-ı gaybiyesi	اخبارات غیبیهسی
ihbârât-ı gaybiyesidir	اخبارات غیبیهسیدر
ihbârât-ı kat'iyesiyle	اخبارات قطعیهسیله
ihkak-ı hak	احقاق حق
ihkāk-ı hak	احقاق حق
ihlas-ı etemme	اخلاص اتمّه
ihlas-ı hakiki	اخلاص حقیقی
ihlas-ı tamme	اخلاص تامّه
ihlas-ı tammı	اخلاص تامّی
ihlas-ı şerif	اخلاص شریف
ihlâs-ı etemme	اخلاص اتمّه
ihlâs-ı hakîkî	اخلاص حقیقی
ihlâs-ı tâmme	اخلاص تامّه
ihlâs-ı tâmmı	اخلاص تامّی
ihlâs-ı şerîf	اخلاص شریف
ihsan-ı ilahi	احسان الهی
ihsan-ı ilahiden	احسان الهیدن
ihsan-ı ilahidir	احسان الهیدر
ihsan-ı ilahiyi	احسان الهی یی
ihsanat-ı ilahiye	احسانات الهیه
ihsanat-ı ilahiyeyi	احسانات الهیّهیی
ihsanat-ı rabbaniyeyi	احسانات ربّانیهیی
ihsanat-ı uhreviyeye	احسانات اخرویهیه
ihsanı ile	احسانی ایله
ihsân-ı ilâhî	احسان الهی
ihsân-ı ilâhîden	احسان الهیدن
ihsân-ı ilâhîdir	احسان الهیدر
ihsân-ı ilâhîyi	احسان الهی یی
ihsânât-ı ilâhiye	احسانات الهیه
ihsânât-ı ilâhiyeyi	احسانات الهیّهیی
ihsânât-ı rabbâniyeyi	احسانات ربّانیهیی
ihsânât-ı uhreviyeye	احسانات اخرویهیه
ihsânı ile	احسانی ایله
ihtar-ı gaybi	اخطار غیبی
ihtar-ı ma'nevi	اخطار معنوی
ihtar-ı mücmeli	اخطار مجملی
ihtilaf-ı metali'	اختلاف مطالع
ihtilal-i ruhiyeye	اختلال روحیهیه
ihtilal-i ruhiyi	اختلال روحی یی
ihtilâf-ı metâli'	اختلاف مطالع
ihtilâl-i rûhiyeye	اختلال روحیهیه
ihtilâl-i rûhîyi	اختلال روحی یی
ihtimal-i beka	احتمال بقا
ihtimal-i helaket	احتمال هلاكت
ihtimal-i necat	احتمال نجات
ihtimâl-i bekā	احتمال بقا
ihtimâl-i helâket	احتمال هلاكت
ihtimâl-i necât	احتمال نجات
ihtiyac-ı fıtri	احتیاج فطری
ihtiyac-ı fıtrisi	احتیاج فطریسی
ihtiyac-ı fıtriye	احتیاج فطری یه
ihtiyac-ı ifham	احتیاج افهام
ihtiyac-ı mutlak	احتیاج مطلق
ihtiyac-ı zarurisi	احتیاج ضروریسی
ihtiyac-ı şedid	احتیاج شدید
ihtiyar-ı beşeri	اختیار بشری
ihtiyaç da	احتیاج ده
ihtiyâc-ı fıtrî	احتیاج فطری
ihtiyâc-ı fıtrîsi	احتیاج فطریسی
ihtiyâc-ı fıtrîye	احتیاج فطری یه
ihtiyâc-ı ifhâm	احتیاج افهام
ihtiyâc-ı mutlak	احتیاج مطلق
ihtiyâc-ı zarûrîsi	احتیاج ضروریسی
ihtiyâc-ı şedîd	احتیاج شدید
ihtiyâr-ı beşerî	اختیار بشری
ihtâr-ı gaybî	اخطار غیبی
ihtâr-ı ma'nevî	اخطار معنوی
ihtâr-ı mücmeli	اخطار مجملی
ihvan-ı müslimin	اخوان مسلمین
ihvan-ı müslimin'e	اخوان مسلمینه
ihvan-ı tarikatı	اخوان طریقتی
ihvan-ı vatan	اخوان وطن
ihvân-ı müslimîn	اخوان مسلمین
ihvân-ı müslimîn'e	اخوان مسلمینه
ihvân-ı tarîkatı	اخوان طریقتی
ihvân-ı vatan	اخوان وطن
ihya-yı arz	احیای ارض
ihyâ-yı arz	احیای ارض
ihâta-i ilmine	احاطهٔ علمڭه
ihâta-i ilmiyesini	احاطهٔ علمیهسنی
ihâta-i rahmeti	احاطهٔ رحمتی
ihâta-i ummânî	احاطهٔ عمّانی
iki bin sekiz yüz altı	ایكی بیڭ سكز یوز آلتی
iki yüz	ایكی یوز
iki yüz altmış dört	ایكی یوز آلتمش درت
iki yüz on	ایكی یوز اون
iki yüz seksen	ایكی یوز سكسان
iki-üç	ایكی اوچ
iki-üçünü	ایكی اوچنی
ikimiz de	ایكیمز ده
ikisi de	ایكیسی ده
ikisinde de	ایكیسنده ده
ikisine de	ایكیسنه ده
ikisini de	ایكیسنی ده
ikisinin de	ایكیسنڭ ده
ikram-ı ilahi	اكرام الهی
ikram-ı ilahidir	اكرام الهیدر
ikram-ı rabbani	اكرام ربّانی
ikram-ı rabbanidir	اكرام ربّانیدر
ikramat-ı ilahiye	اكرامات الهیه
ikramat-ı ilahiyeyi	اكرامات الهیهیی
ikrâm-ı ilâhî	اكرام الهی
ikrâm-ı ilâhîdir	اكرام الهیدر
ikrâm-ı rabbânî	اكرام ربّانی
ikrâm-ı rabbânîdir	اكرام ربّانیدر
ikrâmât-ı ilâhiye	اكرامات الهیه
ikrâmât-ı ilâhiyeyi	اكرامات الهیهیی
iksir-i a'zam	اكسیر اعظم
iksir-i a'zamdır	اكسیر اعظمدر
iksir-i nuranidir	اكسیر نورانیدر
iksîr-i a'zam	اكسیر اعظم
iksîr-i a'zamdır	اكسیر اعظمدر
iksîr-i nûrânîdir	اكسیر نورانیدر
iktidar-ı imani	اقتدار ایمانی
iktidâr-ı îmânî	اقتدار ایمانی
ila ahirihi	الی آخره
ila yevmi'l-kıyam	الی یوم القیام
ila-ahir	الی آخر
ila-ahirihi	الخره
ilcaat-ı zamana	الجاآت زمانه
ilcâât-ı zamana	الجاآت زمانه
ile de	ایله ده
ile ki	ایلهكه
ile'l-ebed	الی الابد
iledir ki	ایلهدركه
ilham-ı fıtri	الهام فطری
ilham-ı ilahi	الهام الهی
ilham-ı rabbani	الهام ربّانی
ilhamat-ı sadıka	الهامات صادقه
ilhâm-ı fıtrî	الهام فطری
ilhâm-ı ilâhî	الهام الهی
ilhâm-ı rabbânî	الهام ربّانی
ilhâmât-ı sâdıka	الهامات صادقه
illa ki	الّاكه
ille-i gaiye	علّهٔ غائیه
ille-i gaiyesi	علّهٔ غائیهسی
ille-i gāiye	علّهٔ غائیه
ille-i gāiyesi	علّهٔ غائیهسی
illet-i tamme	علّت تامّه
illet-i tâmme	علّت تامّه
illeti de	علّتی ده
illâ ki	الّاكه
ilm-i belagat	علم بلاغت
ilm-i belagatin	علم بلاغتڭ
ilm-i belâgat	علم بلاغت
ilm-i belâgatin	علم بلاغتڭ
ilm-i beyan	علم بیان
ilm-i beyân	علم بیان
ilm-i beşeri	علم بشری
ilm-i beşerî	علم بشری
ilm-i cifir	علم جفر
ilm-i cifr	علم جفر
ilm-i cifrin	علم جفرڭ
ilm-i din	علم دین
ilm-i dîn	علم دین
ilm-i ezeli	علم ازلی
ilm-i ezeliden	علم ازلیدن
ilm-i ezelinin	علم ازلینڭ
ilm-i ezelî	علم ازلی
ilm-i ezelîden	علم ازلیدن
ilm-i ezelînin	علم ازلینڭ
ilm-i hakikat	علم حقیقت
ilm-i hakikati	علم حقیقتی
ilm-i hakikatin	علم حقیقتڭ
ilm-i hakîkat	علم حقیقت
ilm-i hakîkati	علم حقیقتی
ilm-i hakîkatin	علم حقیقتڭ
ilm-i hikmet	علم حكمت
ilm-i huruf	علم حروف
ilm-i hurûf	علم حروف
ilm-i ilahi	علم الهی
ilm-i ilahi'nin	علم الهینڭ
ilm-i ilahinin	علم الهینڭ
ilm-i ilahiye	علم الهی یه
ilm-i ilâhî	علم الهی
ilm-i ilâhî'nin	علم الهینڭ
ilm-i ilâhînin	علم الهینڭ
ilm-i ilâhîye	علم الهی یه
ilm-i kelam	علم كلام
ilm-i kelamın	علم كلامڭ
ilm-i kelâm	علم كلام
ilm-i kelâmın	علم كلامڭ
ilm-i mantıkta	علم منطقده
ilm-i muhit	علم محیط
ilm-i muhit-i ilahiye	علم محیط الهی یه
ilm-i muhite	علم محیطه
ilm-i muhiti	علم محیطی
ilm-i muhitten	علم محیطدن
ilm-i muhît	علم محیط
ilm-i muhît-i ilâhîye	علم محیط الهی یه
ilm-i muhîte	علم محیطه
ilm-i muhîti	علم محیطی
ilm-i muhîtten	علم محیطدن
ilm-i nahiv	علم نحو
ilm-i nahvin	علم نحوڭ
ilm-i sarf	علم صرف
ilm-i tarikati	علم طریقتی
ilm-i tarîkati	علم طریقتی
ilm-i usul-ü dinde	علم اصول دینده
ilm-i usulde	علم اصولده
ilm-i usûl-ü dînde	علم اصول دینده
ilm-i usûlde	علم اصولده
ilme'l-yakin	علم الیقین
ilme'l-yakîn	علم الیقین
ilmü'l-guyub	علم الغیوب
ilmü'l-guyûb	علم الغیوب
iltibas da	التباس ده
iltibâs da	التباس ده
iltifat-ı rahmaniye	التفات رحمانیه
iltifat-ı rahmaniyeyi	التفات رحمانیهیی
iltifatat-ı ebediye-i rahmaniye	التفاتات ابدیهٔ رحمانیه
iltifât-ı rahmâniye	التفات رحمانیه
iltifât-ı rahmâniyeyi	التفات رحمانیهیی
iltifâtât-ı ebediye-i rahmâniye	التفاتات ابدیهٔ رحمانیه
ilâ yevmi'l-kıyâm	الی یوم القیام
ilâ âhirihi	الی آخره
ilâ âhirihî	الی اخره
ilâ-âhir	الی آخر
ilâ-âhirihî	الخره
im'an-ı nazar	امعان نظر
im'ân-ı nazar	امعان نظر
imam-ı a'zam'ın	امام اعظمڭ
imam-ı ali kerremallahü vechehu	امام علی كرّم اللّه وجهه
imam-ı ali radıyallahü anh	امام علی رضی اللّه عنه
imam-ı ali radıyallahü anhın	امام علی رضی اللّه عنهڭ
imam-ı ali'den	امام علیدن
imam-ı ali'nin	امام علینڭؓ
imam-ı ali'ye	امام علی یهؓ
imam-ı beyhaki	امام بیهقی
imam-ı buhari	امام بخاری
imam-ı hakim	امام حاكم
imam-ı mahfi	امام مخفی
imam-ı malik	امام مالك
imam-ı mübin	امام مبین
imam-ı mübin'in	امام مبین ڭ
imam-ı müslim	امام مسلم
imam-ı rabbani'den	امام ربّانیدنؓ
imam-ı şafii'ye	امام شافعی یه
iman-ı ahiret	ایمان آخرت
iman-ı ahiretin	ایمان آخرتڭ
iman-ı bil'ahiret	ایمان بالآخرت
iman-ı bil'ahirete	ایمان بالآخرته
iman-ı bil'ahireti	ایمان بالآخرتی
iman-ı bil'ahirettir	ایمان بالآخرتدر
iman-ı bilgayb	ایمان بالغیب
iman-ı bilkader	ایمان بالقدر
iman-ı billah	ایمان باللّه
iman-ı billaha	ایمان باللّهه
iman-ı billahtan	ایمان باللّهدن
iman-ı billahtır	ایمان باللّهدر
iman-ı billahın	ایمان باللّهڭ
iman-ı ekmel	ایمان اكمل
iman-ı haşri	ایمان حشری
iman-ı haşrinin	ایمان حشرینڭ
iman-ı kamil	ایمان كامل
iman-ı tahkiki	ایمان تحقیقی
iman-ı tahkikide	ایمان تحقیقیده
iman-ı tahkikiden	ایمان تحقیقیدن
iman-ı tahkikinin	ایمان تحقیقینڭ
iman-ı tahkikiyi	ایمان تحقیقی یی
iman-ı taklidi	ایمان تقلیدی
iman-ı şuhudidir	ایمان شهودیدر
imdad-ı muhammedimiz	امداد محمّدیمزؐ
imdad-ı muhammedimizle	امداد محمّدیمزلهؐ
imdad-ı vahidiyet	امداد واحدیت
imdâd-ı muhammedîmiz	امداد محمّدیمزؐ
imdâd-ı muhammedîmizle	امداد محمّدیمزلهؐ
imdâd-ı vâhidiyet	امداد واحدیت
imiş ki	ایمشكه
imkan-ı akli	امكان عقلی
imkan-ı vehmi	امكان وهمی
imkan-ı zati	امكان ذاتی
imkan-ı örfi	امكان عرفی
imkân-ı aklî	امكان عقلی
imkân-ı vehmî	امكان وهمی
imkân-ı zâtî	امكان ذاتی
imkân-ı örfî	امكان عرفی
imrar-ı hayat	امرار حیات
imrâr-ı hayat	امرار حیات
imtihan-ı rabbani	امتحان ربّانی
imtihân-ı rabbânî	امتحان ربّانی
imtizac-ı kimyeviye	امتزاج كیمیویه
imtizâc-ı kimyeviye	امتزاج كیمیویه
imâm-ı a'zam'ın	امام اعظمڭ
imâm-ı alî kerremallâhü vechehû	امام علی كرّم اللّه وجهه
imâm-ı alî radıyallâhü anh	امام علی رضی اللّه عنه
imâm-ı alî radıyallâhü anhın	امام علی رضی اللّه عنهڭ
imâm-ı alî'den	امام علیدن
imâm-ı alî'nin	امام علینڭؓ
imâm-ı alî'ye	امام علی یهؓ
imâm-ı beyhakî	امام بیهقی
imâm-ı buhârî	امام بخاری
imâm-ı hâkim	امام حاكم
imâm-ı mahfî	امام مخفی
imâm-ı mâlik	امام مالك
imâm-ı mübîn	امام مبین
imâm-ı mübîn'in	امام مبین ڭ
imâm-ı müslim	امام مسلم
imâm-ı rabbânî'den	امام ربّانیدنؓ
imâm-ı şâfiî'ye	امام شافعی یه
in'am-ı ilahidir	انعام الهیدر
in'âm-ı ilâhîdir	انعام الهیدر
inandım ki	ایناندمكه
inayat-ı ilahiyeyi	عنایات الهیهیی
inayat-ı rabbaniye	عنایات ربّانیه
inayat-ı rabbaniyenin	عنایات ربّانیهنڭ
inayat-ı rabbaniyeyi	عنایات ربّانیهیی
inayat-ı seb'a	عنایات سبعه
inayet-i bari	عنایت باری
inayet-i daime	عنایت دائمه
inayet-i daimenin	عنایت دائمهنڭ
inayet-i ezeliye	عنایت ازلیه
inayet-i ezeliyenin	عنایت ازلیهنڭ
inayet-i hakk'la	عنایت حقله
inayet-i hakla	عنایت حقله
inayet-i hassa	عنایت خاصّه
inayet-i ilahiye	عنایت الهیه
inayet-i ilahiyeden	عنایت الهیهدن
inayet-i ilahiyedir	عنایت الهیهدر
inayet-i ilahiyenin	عنایت الهیهنڭ
inayet-i ilahiyeye	عنایت الهیهیه
inayet-i rabbaniye	عنایت ربّانیه
inayet-i rabbaniyedir	عنایت ربّانیهدر
inayet-i rabbaniyedir ki	عنایت ربّانیهدركه
inayet-i rabbaniyenin	عنایت ربّانیهنڭ
inayet-i rabbaniyeye	عنایت ربّانیهیه
inayet-i tamme	عنایت تامّه
inayettir ki	عنایتدركه
ince mehmed	اینجه محمد
incil-i yuhanna	انجیل یوحنا
incil-i şerif'de	انجیل شریفده
incîl-i yuhanna	انجیل یوحنا
incîl-i şerîf'de	انجیل شریفده
ind-i ilahide	عند الهیده
ind-i ilâhîde	عند الهیده
indirir mi	ایندیررمی
inhisar da	انحصار ده
inhisar-ı hizmetim	انحصار خدمتم
inhisar-ı zihniyet	انحصار ذهنیت
inhisâr da	انحصار ده
inhisâr-ı hizmetim	انحصار خدمتم
inhisâr-ı zihniyet	انحصار ذهنیت
inkar da	انكار ده
inkar-ı uluhiyet	انكار الوهیت
inkar-ı uluhiyete	انكار الوهیته
inkisar-ı hayal	انكسار خیال
inkisar-ı hayale	انكسار خیاله
inkisâr-ı hayâl	انكسار خیال
inkisâr-ı hayâle	انكسار خیاله
inkişaf-ı feyezani	انكشاف فیضانی
inkişâf-ı feyezânî	انكشاف فیضانی
inkâr da	انكار ده
inkâr-ı ulûhiyet	انكار الوهیت
inkâr-ı ulûhiyete	انكار الوهیته
inkılab-ı azim	انقلاب عظیم
inkılab-ı azimin	انقلاب عظیمڭ
inkılab-ı fikri	انقلاب فكری
inkılab-ı hakaik	انقلاب حقائق
inkılabat-ı acibeyi	انقلابات عجیبهیی
inkılabat-ı dahiliyeden	انقلابات داخلیهدن
inkılabat-ı zamaniye	انقلابات زمانیه
inkılâb-ı azîm	انقلاب عظیم
inkılâb-ı azîmin	انقلاب عظیمڭ
inkılâb-ı fikrî	انقلاب فكری
inkılâb-ı hakāik	انقلاب حقائق
inkılâbât-ı acîbeyi	انقلابات عجیبهیی
inkılâbât-ı dâhiliyeden	انقلابات داخلیهدن
inkılâbât-ı zamâniye	انقلابات زمانیه
insan da	انسان ده
insan-ı ekber	انسان اكبر
insan-ı ekberdir	انسان اكبردر
insan-ı gafil	انسان غافل
insan-ı gāfil	انسان غافل
insan-ı kamil	انسان كامل
insan-ı kebir	انسان كبیر
insan-ı kebîr	انسان كبیر
insana da	انسانه ده
insaniyet-i kübra	انسانیت كبرا
insanlar da	انسانلر ده
insanlara da	انسانلره ده
insanları da	انسانلری ده
insanların da	انسانلرڭ ده
insanın da	انسانڭ ده
insân-ı kâmil	انسان كامل
insâniyet-i kübrâ	انسانیت كبرا
intak-ı bilhak	انطاق بالحق
intibah-ı ruhi	انتباه روحی
intibâh-ı rûhî	انتباه روحی
intisab-ı imani	انتساب ایمانی
intisab-ı ubudiyet	انتساب عبودیت
intisâb-ı ubûdiyet	انتساب عبودیت
intisâb-ı îmânî	انتساب ایمانی
intizam-ı ekmel	انتظام اكمل
intizam-ı ekmeli	انتظام اكملی
intizam-ı ekmelin	انتظام اكملڭ
intizam-ı kainat	انتظام كائنات
intizam-ı mutlak	انتظام مطلق
intizamı da	انتظامی ده
intizâm-ı ekmel	انتظام اكمل
intizâm-ı ekmeli	انتظام اكملی
intizâm-ı ekmelin	انتظام اكملڭ
intizâm-ı kâinât	انتظام كائنات
intizâm-ı mutlak	انتظام مطلق
intizâmı da	انتظامی ده
intâk-ı bilhak	انطاق بالحق
inzal-i kütüb	انزال كتب
inzâl-i kütüb	انزال كتب
inâyet-i bârî	عنایت باری
inâyet-i dâime	عنایت دائمه
inâyet-i dâimenin	عنایت دائمهنڭ
inâyet-i ezeliye	عنایت ازلیه
inâyet-i ezeliyenin	عنایت ازلیهنڭ
inâyet-i hakk'la	عنایت حقله
inâyet-i hakla	عنایت حقله
inâyet-i hâssa	عنایت خاصّه
inâyet-i ilâhiye	عنایت الهیه
inâyet-i ilâhiyeden	عنایت الهیهدن
inâyet-i ilâhiyedir	عنایت الهیهدر
inâyet-i ilâhiyenin	عنایت الهیهنڭ
inâyet-i ilâhiyeye	عنایت الهیهیه
inâyet-i rabbâniye	عنایت ربّانیه
inâyet-i rabbâniyedir	عنایت ربّانیهدر
inâyet-i rabbâniyedir ki	عنایت ربّانیهدركه
inâyet-i rabbâniyenin	عنایت ربّانیهنڭ
inâyet-i rabbâniyeye	عنایت ربّانیهیه
inâyet-i tâmme	عنایت تامّه
inâyettir ki	عنایتدركه
inâyât-ı ilâhiyeyi	عنایات الهیهیی
inâyât-ı rabbâniye	عنایات ربّانیه
inâyât-ı rabbâniyenin	عنایات ربّانیهنڭ
inâyât-ı rabbâniyeyi	عنایات ربّانیهیی
inâyât-ı seb'a	عنایات سبعه
inşaallahu teala	ان شاء اللّه تعالی
inşaallahü teala	ان شاء اللّه تعالی
inşikak-ı kamer	انشقاق قمر
inşikak-ı kameri	انشقاق قمری
inşikāk-ı kamer	انشقاق قمر
inşikāk-ı kameri	انشقاق قمری
inşâallâhu teâlâ	ان شاء اللّه تعالی
inşâallâhü teâlâ	ان شاء اللّه تعالی
irade-i amme	ارادهٔ عامّه
irade-i ezeliyenin	ارادهٔ ازلیهنڭ
irade-i gaybiye	ارادهٔ غیبیه
irade-i hassaya	ارادهٔ خاصّهیه
irade-i ilahiye	ارادهٔ الهیّه
irade-i ilahiyenin	ارادهٔ الهیّهنڭ
irade-i ilahiyeye	ارادهٔ الهیّهیه
irade-i külliye	ارادهٔ كلّیه
irade-i külliyenin	ارادهٔ كلّیهنڭ
irade-i külliyesine	ارادهٔ كلّیهسنه
irade-i külliyeye	ارادهٔ كلّیهیه
irade-i rabbaniye	ارادهٔ ربّانیه
irade-i rabbaniyenin	ارادهٔ ربّانیهنڭ
irade-i tahsin	ارادهٔ تحسین
irade-i şamile	ارادهٔ شامله
irsal-i rusül	ارسال رسل
irsâl-i rusül	ارسال رسل
irâde-i ezeliyenin	ارادهٔ ازلیهنڭ
irâde-i gaybiye	ارادهٔ غیبیه
irâde-i hâssaya	ارادهٔ خاصّهیه
irâde-i ilâhiye	ارادهٔ الهیّه
irâde-i ilâhiyenin	ارادهٔ الهیّهنڭ
irâde-i ilâhiyeye	ارادهٔ الهیّهیه
irâde-i külliye	ارادهٔ كلّیه
irâde-i külliyenin	ارادهٔ كلّیهنڭ
irâde-i külliyesine	ارادهٔ كلّیهسنه
irâde-i külliyeye	ارادهٔ كلّیهیه
irâde-i rabbâniye	ارادهٔ ربّانیه
irâde-i rabbâniyenin	ارادهٔ ربّانیهنڭ
irâde-i tahsîn	ارادهٔ تحسین
irâde-i âmme	ارادهٔ عامّه
irâde-i şâmile	ارادهٔ شامله
irşad-ı gaybidir	ارشاد غیبیدر
irşâd-ı gaybîdir	ارشاد غیبیدر
isa abdülkadir	عیسی عبد القادر
isa abdülkadir'in	عیسی عبد القادرڭ
isa aleyhisselam	عیسی علیه السّلام
isa aleyhisselam'ı	عیسی علیه السّلامی
isa aleyhisselam'ın	عیسی علیه السّلامڭ
isabet-i nazar	اصابت نظر
isbat-ı vücud	اثبات وجود
isbât-ı vücûd	اثبات وجود
ise de	ایسه ده
iseler de	ایسهلر ده
isem de	ایسهم ده
iskender-i rumi	اسكندر رومی
iskender-i rûmî	اسكندر رومی
islam deccalı	اسلام دجّالی
islâm deccâlı	اسلام دجّالی
ism-i a'zam	اسم اعظم
ism-i a'zam'a	اسم اعظمه
ism-i a'zam'dan	اسم اعظمدن
ism-i a'zam'dır	اسم اعظمدر
ism-i a'zam'ı	اسم اعظمی
ism-i a'zam'ın	اسم اعظمڭ
ism-i a'zamla	اسم اعظمله
ism-i a'zamın	اسم اعظمڭ
ism-i adl	اسم عدل
ism-i adl'in	اسم عدلڭ
ism-i batın	اسم باطن
ism-i batın'ın	اسم باطنڭ
ism-i bedi'in	اسم بدیعڭ
ism-i bedî'in	اسم بدیعڭ
ism-i bâtın	اسم باطن
ism-i bâtın'ın	اسم باطنڭ
ism-i celal	اسم جلال
ism-i celâl	اسم جلال
ism-i cemil	اسم جمیل
ism-i cemîl	اسم جمیل
ism-i evvel	اسم اوّل
ism-i fail	اسم فاعل
ism-i ferd'in	اسم فردڭ
ism-i fâil	اسم فاعل
ism-i hafiz'in	اسم حفیظڭ
ism-i hafîz'in	اسم حفیظڭ
ism-i hakem	اسم حكم
ism-i hakem'in	اسم حكمڭ
ism-i hakim	اسم حكیم
ism-i hakim'in	اسم حكیمڭ
ism-i hakîm	اسم حكیم
ism-i hakîm'in	اسم حكیمڭ
ism-i has	اسم خاص
ism-i hayy	اسم حیّ
ism-i hayy'ın	اسم حیّڭ
ism-i hayy-ı kayyum'un	اسم حیّ قیّومڭ
ism-i hayy-ı kayyûm'un	اسم حیّ قیّومڭ
ism-i hâs	اسم خاص
ism-i ilahi	اسم الهی
ism-i ilahi'nin	اسم الهینڭ
ism-i ilâhî	اسم الهی
ism-i ilâhî'nin	اسم الهینڭ
ism-i kayyum'a	اسم قیّومه
ism-i kayyum'un	اسم قیّومڭ
ism-i kayyûm'a	اسم قیّومه
ism-i kayyûm'un	اسم قیّومڭ
ism-i kuddus'ün	اسم قدّوسڭ
ism-i kuddûs'ün	اسم قدّوسڭ
ism-i mef'ul	اسم مفعول
ism-i mef'ûl	اسم مفعول
ism-i nur	اسم نور
ism-i nuranisidir	اسم نورانیسیدر
ism-i nûr	اسم نور
ism-i nûrânîsidir	اسم نورانیسیدر
ism-i rab	اسم ربّ
ism-i rahim	اسم رحیم
ism-i rahim'in	اسم رحیمڭ
ism-i rahman	اسم رحمان
ism-i rahman'ı	اسم رحمانی
ism-i rahman'ın	اسم رحمانڭ
ism-i rahmân	اسم رحمان
ism-i rahmân'ı	اسم رحمانی
ism-i rahmân'ın	اسم رحمانڭ
ism-i rahîm	اسم رحیم
ism-i rahîm'in	اسم رحیمڭ
ism-i zahir	اسم ظاهر
ism-i zâhir	اسم ظاهر
ism-i şerifi	اسم شریفی
ism-i şerîfi	اسم شریفی
ismi de	اسمی ده
ismi ile	اسمی ایله
istanbul'da da	استانبولده ده
istanbul'dan da	استانبولدن ده
istedi ki	ایستهدیكه
istemiş ki	ایستهمشكه
istenilmektedir ki	ایستهنیلمكدهدركه
ister ki	ایستركه
isterdi ki	ایستردیكه
isterim ki	ایسترمكه
isterler ki	ایسترلركه
istese de	ایستهسه ده
isti'dad-ı beşerin	استعداد بشرڭ
isti'dad-ı fıtri	استعداد فطری
isti'dad-ı insaniyi	استعداد انسانی یی
isti'dad-ı muhabbet	استعداد محبّت
isti'dadat-ı ma'neviye	استعدادات معنویه
isti'dâd-ı beşerin	استعداد بشرڭ
isti'dâd-ı fıtrî	استعداد فطری
isti'dâd-ı insanîyi	استعداد انسانی یی
isti'dâd-ı muhabbet	استعداد محبّت
isti'dâdât-ı ma'neviye	استعدادات معنویه
istibdad-ı mutlak	استبداد مطلق
istibdad-ı mutlaka	استبداد مطلقه
istibdad-ı mutlakla	استبداد مطلقله
istibdad-ı mutlaktan	استبداد مطلقدن
istibdad-ı mutlakı	استبداد مطلقی
istibdad-ı mutlakın	استبداد مطلقڭ
istibdâd-ı mutlak	استبداد مطلق
istibdâd-ı mutlaka	استبداد مطلقه
istibdâd-ı mutlakla	استبداد مطلقله
istibdâd-ı mutlaktan	استبداد مطلقدن
istibdâd-ı mutlakı	استبداد مطلقی
istibdâd-ı mutlakın	استبداد مطلقڭ
istifade de	استفاده ده
istifham-ı inkari	استفهام انكاری
istifhâm-ı inkârî	استفهام انكاری
istifsar-ı hatır	استفسار خاطر
istifsar-ı hatırla	استفسار خاطرله
istifsâr-ı hâtır	استفسار خاطر
istifsâr-ı hâtırla	استفسار خاطرله
istifâde de	استفاده ده
istikamet-i fikrini	استقامت فكرینی
istikamet-i nazar	استقامت نظر
istikbal-i dünyevide	استقبال دنیویده
istikbâl-i dünyevîde	استقبال دنیویده
istiklaliyet-i mutlaka	استقلالیت مطلقه
istiklâliyet-i mutlaka	استقلالیت مطلقه
istikra-i tam	استقرای تام
istikra-i tamla	استقرای تامله
istikra-i tamme	استقراء تامّه
istikrâ-i tâm	استقرای تام
istikrâ-i tâmla	استقرای تامله
istikrâ-i tâmme	استقراء تامّه
istikāmet-i fikrini	استقامت فكرینی
istikāmet-i nazar	استقامت نظر
istirahat-i kalb	استراحت قلب
istirahat-i kalbiyeye	استراحت قلبیهیه
istirahat-i kalble	استراحت قلبله
istirahat-i ruh	استراحت روح
istirahat-i ruhunu	استراحت روحنی
istirahat-i umumiyenin	استراحت عمومیّهنڭ
istirâhat-i kalb	استراحت قلب
istirâhat-i kalbiyeye	استراحت قلبیهیه
istirâhat-i kalble	استراحت قلبله
istirâhat-i rûh	استراحت روح
istirâhat-i rûhunu	استراحت روحنی
istirâhat-i umûmiyenin	استراحت عمومیّهنڭ
istiyor ki	ایستهیوركه
istiyorum ki	ایستهیورمكه
istiğna-yı mutlak	استغنای مطلق
istiğna-yı mutlakına	استغنای مطلقنه
istiğna-yı zatisi	استغنای ذاتیسی
istiğna-yı zatisine	استغنای ذاتیسنه
istiğnâ-yı mutlak	استغنای مطلق
istiğnâ-yı mutlakına	استغنای مطلقنه
istiğnâ-yı zâtîsi	استغنای ذاتیسی
istiğnâ-yı zâtîsine	استغنای ذاتیسنه
isâbet-i nazar	اصابت نظر
itmi'nan-ı kalb	اطمئنان قلب
itmi'nân-ı kalb	اطمئنان قلب
ittiba'-ı sünnet	اتّباع سنّت
ittiba'-ı sünnetin	اتّباع سنّتڭ
ittibâ'-ı sünnet	اتّباع سنّت
ittibâ'-ı sünnetin	اتّباع سنّتڭ
ittifak-ı mutlak	اتّفاق مطلق
ittifak-ı vazife	اتّفاق وظیفه
ittifakı da	اتّفاقی ده
ittifâk-ı mutlak	اتّفاق مطلق
ittifâk-ı vazîfe	اتّفاق وظیفه
ittifâkı da	اتّفاقی ده
ittihad-ı hakikiye	اتّحاد حقیقی یه
ittihad-ı islam	اتّحاد اسلام
ittihad-ı islam'a	اتّحاد اسلامه
ittihad-ı islamdır	اتّحاد اسلامدر
ittihad-ı islamın	اتّحاد اسلامڭ
ittihad-ı maksad	اتّحاد مقصد
ittihad-ı milleti	اتّحاد ملّتی
ittihad-ı muhammedi	اتّحاد محمّدیؐ
ittihad-ı muhammedi'nin	اتّحاد محمّدینڭؐ
ittihâd-ı hakîkîye	اتّحاد حقیقی یه
ittihâd-ı islâm	اتّحاد اسلام
ittihâd-ı islâm'a	اتّحاد اسلامه
ittihâd-ı islâmdır	اتّحاد اسلامدر
ittihâd-ı islâmın	اتّحاد اسلامڭ
ittihâd-ı maksad	اتّحاد مقصد
ittihâd-ı milleti	اتّحاد ملّتی
ittihâd-ı muhammedî	اتّحاد محمّدیؐ
ittihâd-ı muhammedî'nin	اتّحاد محمّدینڭؐ
iyd-i adhanızı	عید اضحیڭزی
izhar-ı acz	اظهار عجز
izhar-ı hacet	اظهار حاجت
izhâr-ı acz	اظهار عجز
izhâr-ı hâcet	اظهار حاجت
izn-i hakla	اذن حقله
izn-i ilahi	اذن الهی
izn-i ilâhî	اذن الهی
izn-i rabbani	اذن ربّانی
izn-i rabbânî	اذن ربّانی
izn-i şer'i	اذن شرعی
izn-i şer'î	اذن شرعی
izni ile	اذنی ایله
izzet-i celaline	عزّت جلالڭه
izzet-i celâline	عزّت جلالڭه
izzet-i diniyeyi	عزّت دینیهیی
izzet-i dîniyeyi	عزّت دینیهیی
izzet-i ilmiyeyi	عزّت علمیهیی
izzet-i imaniye	عزّت ایمانیه
izzet-i islamiyeyi	عزّت اسلامیهیی
izzet-i islâmiyeyi	عزّت اسلامیهیی
izzet-i kudreti	عزّت قدرتی
izzet-i nefis	عزّت نفس
izzet-i nefsi	عزّت نفسی
izzet-i rabbaniye	عزّت ربّانیه
izzet-i rabbâniye	عزّت ربّانیه
izzet-i îmâniye	عزّت ایمانیه
için de	ایچون ده
için mi	ایچونمی
içinde de	ایچنده ده
içindedir ki	ایچندهدركه
içindir ki	ایچوندركه
işarat-ı gaybiye	اشارات غیبیه
işarat-ı gaybiyeleri	اشارات غیبیهلری
işarat-ı gaybiyenin	اشارات غیبیهنڭ
işarat-ı gaybiyesi	اشارات غیبیهسی
işarat-ı gaybiyeye	اشارات غیبیهیه
işarat-ı gaybiyeyi	اشارات غیبیهیی
işarat-ı harfiyeye	اشارات حرفیهیه
işarat-ı kur'an	اشارات قرآن
işarat-ı kur'aniye	اشارات قرآنیه
işarat-ı kur'aniyeden	اشارات قرآنیهدن
işarat-ı kur'aniyenin	اشارات قرآنیهنڭ
işarat-ı kur'aniyeye	اشارات قرآنیهیه
işarat-ı kur'aniyeyi	اشارات قرآنیهیی
işarat-ı seb'a	اشارات سبعه
işarat-ı selase	اشارات ثلاثه
işaratü'l-i'caz	اشارات الاعجاز
işaratü'l-i'caz'da	اشارات الاعجازده
işaratü'l-i'caz'ı	اشارات الاعجازی
işaratü'l-i'caz'ın	اشارات الاعجازڭ
işaret-i gaybiye	اشارت غیبیه
işaret-i gaybiyedir	اشارت غیبیهدر
işaret-i gaybiyedir ki	اشارت غیبیهدركه
işaret-i gaybiyeyi	اشارت غیبیهیی
işaret-i hissiye	اشارت حسّیه
işaret-i kur'aniye	اشارت قرآنیه
işaret-i latife	اشارت لطیفه
işarettir ki	اشارتدركه
işiteceksin ki	ایشیتهجكسڭكه
işitiyoruz ki	ایشیتییورزكه
işitmişler ki	ایشیتمشلركه
işittim ki	ایشیتدمكه
işler ki	ایشلركه
işlerimi de	ایشلریمی ده
iştirak-i a'mal	اشتراك اعمال
iştirak-i a'mal-i uhreviye	اشتراك اعمال اخرویه
iştirak-i a'malden	اشتراك اعمالدن
iştirak-i emval	اشتراك اموال
iştirak-i emvalin	اشتراك اموالڭ
iştirak-i san'at	اشتراك صنعت
iştirâk-i a'mâl	اشتراك اعمال
iştirâk-i a'mâl-i uhreviye	اشتراك اعمال اخرویه
iştirâk-i a'mâlden	اشتراك اعمالدن
iştirâk-i emvâl	اشتراك اموال
iştirâk-i emvâlin	اشتراك اموالڭ
iştirâk-i san'at	اشتراك صنعت
iştiyak-ı hayat	اشتیاق حیات
iştiyâk-ı hayat	اشتیاق حیات
işâret-i gaybiye	اشارت غیبیه
işâret-i gaybiyedir	اشارت غیبیهدر
işâret-i gaybiyedir ki	اشارت غیبیهدركه
işâret-i gaybiyeyi	اشارت غیبیهیی
işâret-i hissiye	اشارت حسّیه
işâret-i kur'âniye	اشارت قرآنیه
işâret-i latîfe	اشارت لطیفه
işârât-ı gaybiye	اشارات غیبیه
işârât-ı gaybiyeleri	اشارات غیبیهلری
işârât-ı gaybiyenin	اشارات غیبیهنڭ
işârât-ı gaybiyesi	اشارات غیبیهسی
işârât-ı gaybiyeye	اشارات غیبیهیه
işârât-ı gaybiyeyi	اشارات غیبیهیی
işârât-ı harfiyeye	اشارات حرفیهیه
işârât-ı kur'ân	اشارات قرآن
işârât-ı kur'âniye	اشارات قرآنیه
işârât-ı kur'âniyeden	اشارات قرآنیهدن
işârât-ı kur'âniyenin	اشارات قرآنیهنڭ
işârât-ı kur'âniyeye	اشارات قرآنیهیه
işârât-ı kur'âniyeyi	اشارات قرآنیهیی
işârât-ı seb'a	اشارات سبعه
işârât-ı selâse	اشارات ثلاثه
işârâtü'l-i'câz	اشارات الاعجاز
işârâtü'l-i'câz'da	اشارات الاعجازده
işârâtü'l-i'câz'ı	اشارات الاعجازی
işârâtü'l-i'câz'ın	اشارات الاعجازڭ
ka'be-i kemalata	كعبهٔ كمالاته
ka'be-i kemâlâta	كعبهٔ كمالاته
ka'be-i muazzama'ya	كعبهٔ معظّمهیه
ka'be-i mükerreme	كعبهٔ مكرّمه
ka'be-i mükerreme'nin	كعبهٔ مكرّمهنڭ
kab-ı kavseyn	قاب قوسین
kab-ı kavseyn'e	قاب قوسینه
kabil midir	قابلمیدر
kabil midir ki	قابلمیدركه
kabil-i hitab	قابل خطاب
kabil-i iltiyam	قابل التیام
kabil-i inkar	قابل انكار
kabil-i inkısam	قابل انقسام
kabil-i kıyas	قابل قیاس
kabil-i sükna	قابل سكنا
kabil-i taklid	قابل تقلید
kabil-i tatbik	قابل تطبیق
kabil-i te'lif	قابل تألیف
kabil-i tebdil	قابل تبدیل
kabil-i tefrik	قابل تفریق
kabil-i tevfik	قابل توفیق
kabiliyet-i harika	قابلیت خارقه
kable'l-vuku'	قبل الوقوع
kable'l-vukū'	قبل الوقوع
kabr-i ekber	قبر اكبر
kabr-i ekberi	قبر اكبری
kabr-i peygamberi	قبر پیغمبریؐ
kabr-i peygamberî	قبر پیغمبریؐ
kabuklarını da	قابوقلرینی ده
kabul-ü adem	قبول عدم
kabul-ü ademdir	قبول عدمدر
kabul-ü nebevi	قبول نبوی
kabulü mü	قبولیمی
kabz-ı ervah	قبض ارواح
kabz-ı ervaha	قبض ارواحه
kabz-ı ervahta	قبض ارواحده
kabz-ı ervâh	قبض ارواح
kabz-ı ervâha	قبض ارواحه
kabz-ı ervâhta	قبض ارواحده
kabza-i kudretinde	قبضهٔ قدرتنده
kabza-i rububiyetinde	قبضهٔ ربوبیتنده
kabza-i rubûbiyetinde	قبضهٔ ربوبیتنده
kabza-i tasarrufunda	قبضهٔ تصرّفنده
kabûl-ü adem	قبول عدم
kabûl-ü ademdir	قبول عدمدر
kabûl-ü nebevî	قبول نبوی
kabûlü mü	قبولیمی
kadar da	قدر ده
kadar ki	قدركه
kader-i ezelinin	قدر ازلینڭ
kader-i ezelînin	قدر ازلینڭ
kader-i ilahi	قدر الهی
kader-i ilahiden	قدر الهیدن
kader-i ilahinin	قدر الهینڭ
kader-i ilahiye	قدر الهی یه
kader-i ilâhî	قدر الهی
kader-i ilâhîden	قدر الهیدن
kader-i ilâhînin	قدر الهینڭ
kader-i ilâhîye	قدر الهی یه
kadere de	قدره ده
kadir-i alim'in	قدیر علیمڭ
kadir-i ezeli	قدیر ازلی
kadir-i ezeli'nin	قدیر ازلینڭ
kadir-i ezeli'ye	قدیر ازلی یه
kadir-i hakim	قدیر حكیم
kadir-i hakim'in	قدیر حكیمڭ
kadir-i kayyum	قادر قیّوم
kadir-i küll-i şey'	قادر كلّ شیء
kadir-i küll-i şey'in	قدیر كلّ شیئڭ
kadir-i mutlak	قدیر مطلق
kadir-i mutlak'a	قدیر مطلقه
kadir-i mutlak'da	قدیر مطلقده
kadir-i mutlak'dan	قدیر مطلقدن
kadir-i mutlak'ı	قدیر مطلقی
kadir-i mutlak'ın	قدیر مطلقڭ
kadir-i rahim	قدیر رحیم
kadir-i rahim'e	قدیر رحیمه
kadir-i rahim'in	قدیر رحیمڭ
kadir-i zülcelal	قدیر ذوالجلال
kadir-i zülcelal'dir	قدیر ذوالجلالدر
kadir-i zülcelal'e	قدیر ذوالجلاله
kadir-i zülcelal'in	قدیر ذوالجلالڭ
kadir-i zülkemal'in	قدیر ذوالكمالڭ
kadiriyet-i mutlaka	قادریت مطلقه
kadîr-i alîm'in	قدیر علیمڭ
kadîr-i ezelî	قدیر ازلی
kadîr-i ezelî'nin	قدیر ازلینڭ
kadîr-i ezelî'ye	قدیر ازلی یه
kadîr-i hakîm	قدیر حكیم
kadîr-i hakîm'in	قدیر حكیمڭ
kadîr-i küll-i şey'in	قدیر كلّ شیئڭ
kadîr-i mutlak	قدیر مطلق
kadîr-i mutlak'a	قدیر مطلقه
kadîr-i mutlak'da	قدیر مطلقده
kadîr-i mutlak'dan	قدیر مطلقدن
kadîr-i mutlak'ı	قدیر مطلقی
kadîr-i mutlak'ın	قدیر مطلقڭ
kadîr-i rahîm	قدیر رحیم
kadîr-i rahîm'e	قدیر رحیمه
kadîr-i rahîm'in	قدیر رحیمڭ
kadîr-i zülcelâl	قدیر ذوالجلال
kadîr-i zülcelâl'dir	قدیر ذوالجلالدر
kadîr-i zülcelâl'e	قدیر ذوالجلاله
kadîr-i zülcelâl'in	قدیر ذوالجلالڭ
kadîr-i zülkemâl'in	قدیر ذوالكمالڭ
kadın ki	قادینكه
kadınları da	قادینلری ده
kadınların da	قادینلرڭ ده
kaf-nun	كاف نون
kafile-i beşer	قافلهٔ بشر
kafile-i nur	قافلهٔ نور
kafile-i nûr	قافلهٔ نور
kafir de	كافر ده
kafir-i mutlak	كافر مطلق
kahhar-ı zülcelal	قهّار ذوالجلال
kahhar-ı zülcelal'in	قهّار ذوالجلالڭ
kahhâr-ı zülcelâl	قهّار ذوالجلال
kahhâr-ı zülcelâl'in	قهّار ذوالجلالڭ
kahraman nazif'in	قهرمان نظیفڭ
kahraman nazîf'in	قهرمان نظیفڭ
kahraman tahiri	قهرمان طاهری
kahraman tahiri'nin	قهرمان طاهرینڭ
kahraman tahiri'ye	قهرمان طاهری یه
kahraman tâhirî	قهرمان طاهری
kahraman tâhirî'nin	قهرمان طاهرینڭ
kahraman tâhirî'ye	قهرمان طاهری یه
kahraman-ı islam	قهرمان اسلام
kahraman-ı nur	قهرمان نور
kahramân-ı islâm	قهرمان اسلام
kahramân-ı nûr	قهرمان نور
kaht ve gala	قحط و غلا
kaht ve galâ	قحط و غلا
kaide-i esasiyesiyle	قاعدهٔ اساسیهسیله
kaide-i külliye	قاعدهٔ كلّیه
kaide-i mukarreredir ki	قاعدهٔ مقرّرهدركه
kaide-i mukarreresiyle	قاعدهٔ مقرّرهسیله
kaidedir ki	قاعدهدركه
kainat da	كائنات ده
kainata da	كائناته ده
kal'a-i semaviye-i arziye	قلعهٔ سماویهٔ ارضیه
kal'a-i semâviye-i arziye	قلعهٔ سماویهٔ ارضیه
kalabilir mi	قالابیلیرمی
kalb de	قلب ده
kalb-i beşere	قلب بشره
kalb-i insan	قلب انسان
kalb-i insani	قلب انسانی
kalb-i insanî	قلب انسانی
kalb-i külliyi	قلب كلّی یی
kalb-i küllîyi	قلب كلّی یی
kalb-i umumi	قلب عمومی
kalb-i umûmî	قلب عمومی
kalbe de	قلبه ده
kalbi de	قلبی ده
kalbim de	قلبم ده
kalbin de	قلبڭ ده
kaldı ki	قالدیكه
kalem ile	قلم ایله
kalem-i kader	قلم قدر
kalem-i kaderin	قلم قدرڭ
kalem-i kaderle	قلم قدرله
kalem-i kaza	قلم قضا
kalem-i kazâ	قلم قضا
kalem-i kudret	قلم قدرت
kalem-i kudretin	قلم قدرتڭ
kalem-i kudretiyle	قلم قدرتیله
kalem-i kudretle	قلم قدرتله
kalmadı ki	قالمدیكه
kalmamış ki	قالمامشكه
kalmaz ki	قالمازكه
kalıp da	قالوب ده
kalır mı	قالیرمی
kalır mı ki	قالیرمیكه
kamet-i kıymetinden	قامت قیمتندن
kamil-i mutlak	كامل مطلق
kamil-i mutlak'ın	كامل مطلقڭ
kanaat-i kat'iye	قناعت قطعیه
kanaat-i tamme	قناعت تامّه
kanaat-i vicdaniye	قناعت وجدانیه
kanaat-i vicdaniyeye	قناعت وجدانیهیه
kanaatim de	قناعتم ده
kanun-i esasisi	قانون اساسیسی
kanun-u adalet	قانون عدالت
kanun-u adalete	قانون عدالته
kanun-u emri	قانون امری
kanun-u emridir	قانون امریدر
kanun-u esasi	قانون اساسی
kanun-u esasinin	قانون اساسینڭ
kanun-u esasisi	قانون اساسیسی
kanun-u esasisine	قانون اساسیسنه
kanun-u esasiye	قانون اساسی یه
kanun-u esasiyi	قانون اساسی یی
kanun-u hikmetle	قانون حكمتله
kanun-u ilahi	قانون الهی
kanun-u ilmi	قانون علمی
kanun-u kader	قانون قدر
kanun-u kerem	قانون كرم
kanun-u medeniye	قانون مدنی یه
kanun-u mübareze	قانون مبارزه
kanun-u padişahiyle	قانون پادشاهیله
kanun-u rabbani	قانون ربّانی
kanun-u rububiyet	قانون ربوبیت
kanun-u rububiyetin	قانون ربوبیّتڭ
kanun-u siyaset	قانون سیاست
kanun-u tekamüle	قانون تكامله
kanun-u tenasül	قانون تناسل
kanun-u teşekkülatı	قانون تشكّلاتی
kanun-u şeriati	قانون شریعتی
kanâat-i kat'iye	قناعت قطعیه
kanâat-i tâmme	قناعت تامّه
kanâat-i vicdâniye	قناعت وجدانیه
kanâat-i vicdâniyeye	قناعت وجدانیهیه
kanâatim de	قناعتم ده
kapıyı da	قاپویی ده
kar-ı akıl	كار عقل
kardeşi de	قرداشی ده
kardeşimiz de	قرداشمز ده
kardeşimizi de	قرداشمزی ده
kardeşlere de	قرداشلره ده
kardeşlerime de	قرداشلریمه ده
kardeşlerimi de	قرداشلریمی ده
kardeşlerimiz de	قرداشلریمز ده
kardeşlerimize de	قرداشلریمزه ده
kardeşlerimizin de	قرداشلریمزڭ ده
karine-i hal	قرینهٔ حال
karine-i taayyün	قرینهٔ تعیّن
karye-i irfan	قریهٔ عرفان
karye-i irfan'dan	قریهٔ عرفاندن
karye-i irfân	قریهٔ عرفان
karye-i irfân'dan	قریهٔ عرفاندن
karîne-i hâl	قرینهٔ حال
karîne-i taayyün	قرینهٔ تعیّن
karışabilir mi	قاریشابیلیرمی
karşı da	قارشو ده
kaside-i celcelutiye'sinde	قصیدهٔ جلجلوتیهسنده
kaside-i ercuze'sinde	قصیدهٔ ارجوزهسنده
kaside-i medhiye	قصیدهٔ مدحیه
kasîde-i celcelûtiye'sinde	قصیدهٔ جلجلوتیهسنده
kasîde-i ercûze'sinde	قصیدهٔ ارجوزهسنده
kasîde-i medhiye	قصیدهٔ مدحیه
kat'-ı alaka	قطع علاقه
kat'-ı alâka	قطع علاقه
kat'-ı meratib	قطع مراتب
kat'-ı merâtib	قطع مراتب
kat'-ı nazar	قطع نظر
kat'idir ki	قطعیدركه
kat'îdir ki	قطعیدركه
katib osman	كاتب عثمان
katib osman'ın	كاتب عثمانڭ
katib-i umumi	كاتب عمومی
katib-i umumisi	كاتب عمومیسی
katibin de	كاتبڭ ده
katıu't-tarika	قاطع الطّریقه
kavaid-i mukarreredendir ki	قواعد مقرّرهدندركه
kavanin-i adetullaha	قوانین عادت اللّهه
kavanin-i adetullahtan	قوانین عادت اللّهدن
kavanin-i hayatiyesini	قوانین حیاتیهسنی
kavanin-i i'tibariyesini	قوانین اعتباریهسنی
kavanin-i icraatında	قوانین اجراآتنده
kavanin-i ictimaiyenin	قوانین اجتماعیهنڭ
kavanin-i ilahiyenin	قوانین الهیّهنڭ
kavanin-i ilmiyeleri	قوانین علمیهلری
kavanin-i ilmiyenin	قوانین علمیهنڭ
kavanin-i tabiiye	قوانین طبیعیه
kavl-i leyyindir	قول لیّندر
kavl-i şarihi	قول شارحی
kavl-i şârihi	قول شارحی
kavm-i ad	قوم عاد
kavm-i arabın	قوم عربڭ
kavm-i firavun'a	قوم فرعونه
kavm-i nuh	قوم نوحؑ
kavm-i nuh'un	قوم نوحڭ
kavm-i nûh	قوم نوحؑ
kavm-i nûh'un	قوم نوحڭ
kavm-i âd	قوم عاد
kavâid-i mukarreredendir ki	قواعد مقرّرهدندركه
kavânîn-i hayatiyesini	قوانین حیاتیهسنی
kavânîn-i i'tibâriyesini	قوانین اعتباریهسنی
kavânîn-i icrââtında	قوانین اجراآتنده
kavânîn-i ictimâiyenin	قوانین اجتماعیهنڭ
kavânîn-i ilmiyeleri	قوانین علمیهلری
kavânîn-i ilmiyenin	قوانین علمیهنڭ
kavânîn-i ilâhiyenin	قوانین الهیّهنڭ
kavânîn-i tabîiye	قوانین طبیعیه
kavânîn-i âdetullâha	قوانین عادت اللّهه
kavânîn-i âdetullâhtan	قوانین عادت اللّهدن
kaybetmese de	غیب ایتمهسه ده
kaybolmuş ki	غائب اولمشكه
kayd-ı resmiden	قید رسمیدن
kayd-ı resmîden	قید رسمیدن
kayyum-u baki	قیّوم باقی
kayyûm-u bâkî	قیّوم باقی
kaza da	قضا ده
kaza-yı hacet	قضای حاجت
kaza-yı ilahi	قضای الهی
kaza-yı ilahidir	قضای الهیدر
kaza-yı ilahinin	قضای الهینڭ
kazanabilir mi	قزانابیلیرمی
kazaya-yı makbuledeki	قضایای مقبولهدهكی
kaziye-i makbule	قضیهٔ مقبوله
kaziye-i makbûle	قضیهٔ مقبوله
kaziye-i muhkeme	قضیهٔ محكمه
kazâ da	قضا ده
kazâ-yı hâcet	قضای حاجت
kazâ-yı ilâhî	قضای الهی
kazâ-yı ilâhîdir	قضای الهیدر
kazâ-yı ilâhînin	قضای الهینڭ
kazâyâ-yı makbûledeki	قضایای مقبولهدهكی
kağıtları da	كاغدلری ده
kaşane-i ebediyet	كاشانهٔ أبدیت
kaşık da	قاشیق ده
kāfile-i nur	قافلهٔ نور
kāfile-i nûr	قافلهٔ نور
keffaretü'z-zünub	كفّارت الذّنوب
keffâretü'z-zünûb	كفّارت الذّنوب
kelam-ı beşer	كلام بشر
kelam-ı ezeli	كلام ازلی
kelam-ı ezeli'den	كلام ازلیدن
kelam-ı ezeli'nin	كلام ازلینڭ
kelam-ı ezeliden	كلام ازلیدن
kelam-ı ilahi	كلام الهی
kelam-ı kadim	كلام قدیم
kelam-ı rahmani	كلام رحمانی
kelam-ı tevhidiyenin	كلام توحیدیهنڭ
kelamıyla da	كلامیله ده
kelb-i ashab-ı kehf	كلب اصحاب كهف
kelb-i ashâb-ı kehf	كلب اصحاب كهف
kelimat-ı ilahiye	كلمات الهیّه
kelimat-ı kur'aniyenin	كلمات قرآنیهنڭ
kelimat-ı mukaddesenin	كلمات مقدّسهنڭ
kelimat-ı mübareke	كلمات مباركه
kelimat-ı mübarekenin	كلمات مباركهنڭ
kelimat-ı tesbihiye	كلمات تسبیحیه
kelime-i hikmet	كلمهٔ حكمت
kelime-i hikmetnüma	كلمهٔ حكمتنما
kelime-i hikmetnümâ	كلمهٔ حكمتنما
kelime-i kudsiyesi	كلمهٔ قدسیهسی
kelime-i kudsiyesini	كلمهٔ قدسیهسنی
kelime-i kudsiyesinin	كلمهٔ قدسیهسنڭ
kelime-i kudsiyesiyle	كلمهٔ قدسیهسیله
kelime-i mübareke	كلمهٔ مباركه
kelime-i mübâreke	كلمهٔ مباركه
kelime-i tayyibe	كلمهٔ طیّبه
kelime-i tevhid	كلمهٔ توحید
kelime-i tevhidi	كلمهٔ توحیدی
kelime-i tevhidin	كلمهٔ توحیدڭ
kelime-i tevhîd	كلمهٔ توحید
kelime-i tevhîdi	كلمهٔ توحیدی
kelime-i tevhîdin	كلمهٔ توحیدڭ
kelime-i şehadet	كلمهٔ شهادت
kelime-i şehadetin	كلمهٔ شهادتڭ
kelime-i şehâdet	كلمهٔ شهادت
kelime-i şehâdetin	كلمهٔ شهادتڭ
kelimesi de	كلمهسی ده
kelimesiyle de	كلمهسیله ده
kelimât-ı ilâhiye	كلمات الهیّه
kelimât-ı kur'âniyenin	كلمات قرآنیهنڭ
kelimât-ı mukaddesenin	كلمات مقدّسهنڭ
kelimât-ı mübâreke	كلمات مباركه
kelimât-ı mübârekenin	كلمات مباركهنڭ
kelimât-ı tesbîhiye	كلمات تسبیحیه
kelâm-ı beşer	كلام بشر
kelâm-ı ezelî	كلام ازلی
kelâm-ı ezelî'den	كلام ازلیدن
kelâm-ı ezelî'nin	كلام ازلینڭ
kelâm-ı ezelîden	كلام ازلیدن
kelâm-ı ilâhî	كلام الهی
kelâm-ı kadîm	كلام قدیم
kelâm-ı rahmânî	كلام رحمانی
kelâm-ı tevhîdiyenin	كلام توحیدیهنڭ
kelâmıyla da	كلامیله ده
kemal-i acz	كمال عجز
kemal-i adaletine	كمال عدالتنه
kemal-i alaka	كمال علاقه
kemal-i aşk	كمال عشق
kemal-i aşkla	كمال عشقله
kemal-i cemalini	كمال جمالنی
kemal-i ciddiyet	كمال جدّیت
kemal-i ciddiyetle	كمال جدّیتله
kemal-i dikkat	كمال دقّت
kemal-i dikkatle	كمال دقّتله
kemal-i ef'al	كمال افعال
kemal-i ehemmiyetle	كمال اهمّیتله
kemal-i emniyetle	كمال امنیتله
kemal-i esmasına	كمال اسماسنه
kemal-i ferah	كمال فرح
kemal-i hahişle	كمال خواهشله
kemal-i hayret	كمال حیرت
kemal-i haşmetle	كمال حشمتله
kemal-i hikmet	كمال حكمت
kemal-i hikmeti	كمال حكمتی
kemal-i hikmetinden	كمال حكمتندن
kemal-i hikmetini	كمال حكمتنی
kemal-i hikmetle	كمال حكمتله
kemal-i hürmet	كمال حرمت
kemal-i hürmetle	كمال حرمتله
kemal-i hüsn-ü san'at	كمال حسن صنعت
kemal-i hüsnüne	كمال حسننه
kemal-i i'tina	كمال اعتنا
kemal-i iftihar	كمال افتخار
kemal-i iftiharla	كمال افتخارله
kemal-i ihlas	كمال اخلاص
kemal-i ihtilat	كمال اختلاط
kemal-i ihtimam	كمال اهتمام
kemal-i ihtiramla	كمال احترامله
kemal-i iman	كمال ایمان
kemal-i imanı	كمال ایمانی
kemal-i imanına	كمال ایماننه
kemal-i imtisal	كمال امتثال
kemal-i imtiyaz	كمال امتیاز
kemal-i imtiyazları	كمال امتیازلری
kemal-i inkıyad	كمال انقیاد
kemal-i intizam	كمال انتظام
kemal-i intizamla	كمال انتظامله
kemal-i intizamları	كمال انتظاملری
kemal-i intizamı	كمال انتظامی
kemal-i intizamından	كمال انتظامندن
kemal-i itaat	كمال اطاعت
kemal-i itaatle	كمال اطاعتله
kemal-i ittifakla	كمال اتّفاقله
kemal-i iştiha	كمال اشتها
kemal-i iştiyak	كمال اشتیاق
kemal-i iştiyakla	كمال اشتیاقله
kemal-i kat'iyetle	كمال قطعیتله
kemal-i kereminden	كمال كرمندن
kemal-i kudret	كمال قدرت
kemal-i kudreti	كمال قدرتی
kemal-i kudretine	كمال قدرتنه
kemal-i kudretini	كمال قدرتنی
kemal-i lezzet	كمال لذّت
kemal-i lezzetle	كمال لذّتله
kemal-i liyakatle	كمال لیاقتله
kemal-i mahviyetle	كمال محویتله
kemal-i memnuniyetle	كمال ممنونیتله
kemal-i merak	كمال مراق
kemal-i merakla	كمال مراقله
kemal-i merhametinden	كمال مرحمتندن
kemal-i metanetle	كمال متانتله
kemal-i mevzuniyet	كمال موزونیت
kemal-i mizan	كمال میزان
kemal-i mizanla	كمال میزانله
kemal-i musahhariyetle	كمال مسخّریتله
kemal-i mutlak	كمال مطلق
kemal-i mutlakta	كمال مطلقده
kemal-i mutlakın	كمال مطلقڭ
kemal-i mutlakına	كمال مطلقنه
kemal-i muvazene	كمال موازنه
kemal-i muvazenetle	كمال موازنتله
kemal-i münasebetine	كمال مناسبتنه
kemal-i nefretle	كمال نفرتله
kemal-i neş'e	كمال نشئه
kemal-i ni'metini	كمال نعمتڭی
kemal-i nizam	كمال نظام
kemal-i rahatla	كمال راحتله
kemal-i rahmet	كمال رحمت
kemal-i rahmeti	كمال رحمتی
kemal-i rahmetinden	كمال رحمتندن
kemal-i rahmetinle	كمال رحمتڭله
kemal-i rububiyetine	كمال ربوبیتنه
kemal-i rububiyetini	كمال ربوبیتنی
kemal-i rıza	كمال رضا
kemal-i sabır	كمال صبر
kemal-i sadakat	كمال صداقت
kemal-i sadakatle	كمال صداقتله
kemal-i san'at	كمال صنعت
kemal-i san'atı	كمال صنعتی
kemal-i san'atını	كمال صنعتنی
kemal-i serbestiyet	كمال سربستیت
kemal-i sevinçle	كمال سوینچله
kemal-i suhuletle	كمال سهولتله
kemal-i sür'at	كمال سرعت
kemal-i sür'atle	كمال سرعتله
kemal-i sürur	كمال سرور
kemal-i ta'zim	كمال تعظیم
kemal-i ta'zimat	كمال تعظیمات
kemal-i taaccüb	كمال تعجّب
kemal-i takdir	كمال تقدیر
kemal-i teessürle	كمال تأثّرله
kemal-i teslimiyet	كمال تسلیمیت
kemal-i teslimiyetle	كمال تسلیمیتله
kemal-i tevazu'	كمال تواضع
kemal-i vahdaniyet	كمال وحدانیّت
kemal-i vuzuh	كمال وضوح
kemal-i vüsuk	كمال وثوق
kemal-i zevk	كمال ذوق
kemal-i şa'şaa	كمال شعشعه
kemal-i şefkat	كمال شفقت
kemal-i şefkatle	كمال شفقتله
kemal-i şevk	كمال شوق
kemalat-ı fenniye	كمالات فنّیه
kemalat-ı ilahiyenin	كمالات الهیهنڭ
kemalat-ı ilahiyeye	كمالات الهیّهیه
kemalat-ı ilmiyesiyle	كمالات علمیهسیله
kemalat-ı insaniye	كمالات انسانیه
kemalat-ı insaniyenin	كمالات انسانیهنڭ
kemalat-ı insaniyeye	كمالات انسانیهیه
kemalat-ı san'atını	كمالات صنعتنی
kemâl-i acz	كمال عجز
kemâl-i adâletine	كمال عدالتنه
kemâl-i alâka	كمال علاقه
kemâl-i aşk	كمال عشق
kemâl-i aşkla	كمال عشقله
kemâl-i cemâlini	كمال جمالنی
kemâl-i ciddiyet	كمال جدّیت
kemâl-i ciddiyetle	كمال جدّیتله
kemâl-i dikkat	كمال دقّت
kemâl-i dikkatle	كمال دقّتله
kemâl-i ef'âl	كمال افعال
kemâl-i ehemmiyetle	كمال اهمّیتله
kemâl-i emniyetle	كمال امنیتله
kemâl-i esmâsına	كمال اسماسنه
kemâl-i ferah	كمال فرح
kemâl-i hayret	كمال حیرت
kemâl-i haşmetle	كمال حشمتله
kemâl-i hikmet	كمال حكمت
kemâl-i hikmeti	كمال حكمتی
kemâl-i hikmetinden	كمال حكمتندن
kemâl-i hikmetini	كمال حكمتنی
kemâl-i hikmetle	كمال حكمتله
kemâl-i hâhişle	كمال خواهشله
kemâl-i hürmet	كمال حرمت
kemâl-i hürmetle	كمال حرمتله
kemâl-i hüsn-ü san'at	كمال حسن صنعت
kemâl-i hüsnüne	كمال حسننه
kemâl-i i'tinâ	كمال اعتنا
kemâl-i iftihâr	كمال افتخار
kemâl-i iftihârla	كمال افتخارله
kemâl-i ihlâs	كمال اخلاص
kemâl-i ihtilât	كمال اختلاط
kemâl-i ihtimâm	كمال اهتمام
kemâl-i ihtirâmla	كمال احترامله
kemâl-i imtisâl	كمال امتثال
kemâl-i imtiyâz	كمال امتیاز
kemâl-i imtiyâzları	كمال امتیازلری
kemâl-i inkıyâd	كمال انقیاد
kemâl-i intizâm	كمال انتظام
kemâl-i intizâmla	كمال انتظامله
kemâl-i intizâmları	كمال انتظاملری
kemâl-i intizâmı	كمال انتظامی
kemâl-i intizâmından	كمال انتظامندن
kemâl-i ittifâkla	كمال اتّفاقله
kemâl-i itâat	كمال اطاعت
kemâl-i itâatle	كمال اطاعتله
kemâl-i iştihâ	كمال اشتها
kemâl-i iştiyâk	كمال اشتیاق
kemâl-i iştiyâkla	كمال اشتیاقله
kemâl-i kat'iyetle	كمال قطعیتله
kemâl-i kereminden	كمال كرمندن
kemâl-i kudret	كمال قدرت
kemâl-i kudreti	كمال قدرتی
kemâl-i kudretine	كمال قدرتنه
kemâl-i kudretini	كمال قدرتنی
kemâl-i lezzet	كمال لذّت
kemâl-i lezzetle	كمال لذّتله
kemâl-i liyâkatle	كمال لیاقتله
kemâl-i mahviyetle	كمال محویتله
kemâl-i memnûniyetle	كمال ممنونیتله
kemâl-i merhametinden	كمال مرحمتندن
kemâl-i merâk	كمال مراق
kemâl-i merâkla	كمال مراقله
kemâl-i metânetle	كمال متانتله
kemâl-i mevzûniyet	كمال موزونیت
kemâl-i musahhariyetle	كمال مسخّریتله
kemâl-i mutlak	كمال مطلق
kemâl-i mutlakta	كمال مطلقده
kemâl-i mutlakın	كمال مطلقڭ
kemâl-i mutlakına	كمال مطلقنه
kemâl-i muvâzene	كمال موازنه
kemâl-i muvâzenetle	كمال موازنتله
kemâl-i mîzân	كمال میزان
kemâl-i mîzânla	كمال میزانله
kemâl-i münâsebetine	كمال مناسبتنه
kemâl-i nefretle	كمال نفرتله
kemâl-i neş'e	كمال نشئه
kemâl-i ni'metini	كمال نعمتڭی
kemâl-i nizâm	كمال نظام
kemâl-i rahatla	كمال راحتله
kemâl-i rahmet	كمال رحمت
kemâl-i rahmeti	كمال رحمتی
kemâl-i rahmetinden	كمال رحمتندن
kemâl-i rahmetinle	كمال رحمتڭله
kemâl-i rubûbiyetine	كمال ربوبیتنه
kemâl-i rubûbiyetini	كمال ربوبیتنی
kemâl-i rızâ	كمال رضا
kemâl-i sabır	كمال صبر
kemâl-i sadâkat	كمال صداقت
kemâl-i sadâkatle	كمال صداقتله
kemâl-i san'at	كمال صنعت
kemâl-i san'atı	كمال صنعتی
kemâl-i san'atını	كمال صنعتنی
kemâl-i serbestiyet	كمال سربستیت
kemâl-i sevinçle	كمال سوینچله
kemâl-i suhûletle	كمال سهولتله
kemâl-i sür'at	كمال سرعت
kemâl-i sür'atle	كمال سرعتله
kemâl-i sürûr	كمال سرور
kemâl-i ta'zîm	كمال تعظیم
kemâl-i ta'zîmât	كمال تعظیمات
kemâl-i taaccüb	كمال تعجّب
kemâl-i takdîr	كمال تقدیر
kemâl-i teessürle	كمال تأثّرله
kemâl-i teslîmiyet	كمال تسلیمیت
kemâl-i teslîmiyetle	كمال تسلیمیتله
kemâl-i tevâzu'	كمال تواضع
kemâl-i vahdâniyet	كمال وحدانیّت
kemâl-i vuzûh	كمال وضوح
kemâl-i vüsûk	كمال وثوق
kemâl-i zevk	كمال ذوق
kemâl-i îmân	كمال ایمان
kemâl-i îmânı	كمال ایمانی
kemâl-i îmânına	كمال ایماننه
kemâl-i şa'şaa	كمال شعشعه
kemâl-i şefkat	كمال شفقت
kemâl-i şefkatle	كمال شفقتله
kemâl-i şevk	كمال شوق
kemâlât-ı fenniye	كمالات فنّیه
kemâlât-ı ilmiyesiyle	كمالات علمیهسیله
kemâlât-ı ilâhiyenin	كمالات الهیهنڭ
kemâlât-ı ilâhiyeye	كمالات الهیّهیه
kemâlât-ı insaniye	كمالات انسانیه
kemâlât-ı insâniyenin	كمالات انسانیهنڭ
kemâlât-ı insâniyeye	كمالات انسانیهیه
kemâlât-ı san'atını	كمالات صنعتنی
kendi de	كندی ده
kendileri de	كندیلری ده
kendimi de	كندیمی ده
kendine de	كندینه ده
kendini de	كندینی ده
kendisi de	كندیسی ده
kenz-i mahfi	كنز مخفی
kenz-i mahfî	كنز مخفی
kenz-i sermediyet	كنز سرمدیت
kenzü'l-arş	كنز العرش
kenzü'l-arş'ın	كنز العرشڭ
kenzü'l-maarif	كنز المعارف
kenzü'l-maârif	كنز المعارف
keramat-ı aleviye	كرامات علویّه
keramet-i aleviye	كرامت علویه
keramet-i aleviye'de	كرامت علویهده
keramet-i aleviye'nin	كرامت علویهنڭ
keramet-i gavsiye	كرامت غوثیه
keramet-i gavsiye'nin	كرامت غوثیهنڭ
keramet-i gavsiye'yi	كرامت غوثیهیی
keramet-i gaybiye-i gavsiyesindeki	كرامت غیبیهٔ غوثیهسندهكی
keramet-i gaybiyelerinde	كرامت غیبیهلرنده
keramet-i gaybiyesinde	كرامت غیبیّهسنده
keramet-i gaybiyesini	كرامت غیبیّهسنی
keramet-i gaybiyesiyle	كرامت غیبیهسیله
keramet-i iktisadiyeyi	كرامت اقتصادیهیی
keramet-i kur'aniye	كرامت قرآنیه
keramet-i kur'aniyedir	كرامت قرآنیهدر
keramet-i kur'aniyeyi	كرامت قرآنیهیی
keramet-i kübrası	كرامت كبراسی
keramet-i nuriye	كرامت نوریه
keramet-i nuriyedir	كرامت نوریهدر
keramet-i nuriyeyi	كرامت نوریهیی
keramet-i zahiresi	كرامت ظاهرهسی
kerametidir ki	كرامتیدركه
kerametlerindendir ki	كرامتلرندندركه
kerem-i ilahi	كرم الهی
kerem-i ilahinin	كرم الهینڭ
kerem-i ilâhî	كرم الهی
kerem-i ilâhînin	كرم الهینڭ
kerim-i mutlak	كریم مطلق
kerre de	كرّه ده
kerremallahü vecheh	كرم اللّه وجهه
kerremallâhü vecheh	كرم اللّه وجهه
kerâmet-i aleviye	كرامت علویه
kerâmet-i aleviye'de	كرامت علویهده
kerâmet-i aleviye'nin	كرامت علویهنڭ
kerâmet-i gavsiye	كرامت غوثیه
kerâmet-i gavsiye'nin	كرامت غوثیهنڭ
kerâmet-i gavsiye'yi	كرامت غوثیهیی
kerâmet-i gaybiye-i gavsiyesindeki	كرامت غیبیهٔ غوثیهسندهكی
kerâmet-i gaybiyelerinde	كرامت غیبیهلرنده
kerâmet-i gaybiyesinde	كرامت غیبیّهسنده
kerâmet-i gaybiyesini	كرامت غیبیّهسنی
kerâmet-i gaybiyesiyle	كرامت غیبیهسیله
kerâmet-i iktisâdiyeyi	كرامت اقتصادیهیی
kerâmet-i kur'âniye	كرامت قرآنیه
kerâmet-i kur'âniyedir	كرامت قرآنیهدر
kerâmet-i kur'âniyeyi	كرامت قرآنیهیی
kerâmet-i kübrâsı	كرامت كبراسی
kerâmet-i nûriye	كرامت نوریه
kerâmet-i nûriyedir	كرامت نوریهدر
kerâmet-i nûriyeyi	كرامت نوریهیی
kerâmet-i zâhiresi	كرامت ظاهرهسی
kerâmetidir ki	كرامتیدركه
kerâmetlerindendir ki	كرامتلرندندركه
kerâmât-ı aleviye	كرامات علویّه
kerîm-i mutlak	كریم مطلق
kesb-i insani	كسب انسانی
kesb-i insanî	كسب انسانی
kesb-i istihkak	كسب استحقاق
kesb-i istihkāk	كسب استحقاق
kesb-i muarefe	كسب معارفه
kesb-i muârefe	كسب معارفه
kesb-i şer	كسب شر
kesret-i etba'	كثرت اتباع
kesret-i etbâ'	كثرت اتباع
kesret-i mahlukat	كثرت مخلوقات
kesret-i mahlukatta	كثرت مخلوقاتده
kesret-i mahlûkāt	كثرت مخلوقات
kesret-i mahlûkātta	كثرت مخلوقاتده
kesret-i mutlaka	كثرت مطلقه
kevser-i kur'aniden	كوثر قرآنیدن
kevser-i kur'ânîden	كوثر قرآنیدن
keçeci mustafa	كچهجی مصطفی
keçeci mustafâ	كچهجی مصطفی
keşf-i kat'isiyle	كشف قطعیسیله
keşf-i kat'îsiyle	كشف قطعیسیله
keşf-i sadıkla	كشف صادقله
keşf-i sâdıkla	كشف صادقله
keşfü'l-kubur	كشف القبور
keşfü'l-kubûr	كشف القبور
kibriya-yı azametinden	كبریای عظمتندن
kibriya-yı vahdet	كبریای وحدت
kibriyâ-yı azametinden	كبریای عظمتندن
kibriyâ-yı vahdet	كبریای وحدت
kil u kal	قیل و قال
kim ki	كیمكه
kimse de	كیمسه ده
kimseleri de	كیمسهلری ده
kimselerin de	كیمسهلرڭ ده
kimseye ki	كیمسهیهكه
kitab-ı akide	كتاب عقیده
kitab-ı alemin	كتاب عالمڭ
kitab-ı belagat	كتاب بلاغت
kitab-ı dua	كتاب دعا
kitab-ı emir	كتاب امر
kitab-ı fikir	كتاب فكر
kitab-ı fikirdir	كتاب فكردر
kitab-ı hikmet	كتاب حكمت
kitab-ı ilm-i ilahiyat	كتاب علم الهیات
kitab-ı ilzam	كتاب الزام
kitab-ı isbat-ı vahdaniyet	كتاب اثبات وحدانیت
kitab-ı kainatta	كتاب كائناتده
kitab-ı kainatı	كتاب كائناتی
kitab-ı kainatın	كتاب كائناتڭ
kitab-ı kebir	كتاب كبیر
kitab-ı kebir-i kainat	كتاب كبیر كائنات
kitab-ı kebir-i kainatın	كتاب كبیر كائناتڭ
kitab-ı kebiri ki	كتاب كبیریكه
kitab-ı kebirin	كتاب كبیرڭ
kitab-ı kebirinin	كتاب كبیرینڭ
kitab-ı ledünniyat	كتاب لدنّیات
kitab-ı ma'rifet	كتاب معرفت
kitab-ı mantık	كتاب منطق
kitab-ı mukaddestir	كتاب مقدّسدر
kitab-ı mübin	كتاب مبین
kitab-ı mübin de	كتاب مبین ده
kitab-ı mübin'in	كتاب مبینڭ
kitab-ı mübinin	كتاب مبینڭ
kitab-ı rabbani	كتاب ربّانی
kitab-ı samedani	كتاب صمدانی
kitab-ı semavidir	كتاب سماویدر
kitab-ı sünen'de	كتاب سننده
kitab-ı tasavvuf	كتاب تصوّف
kitab-ı teşvik-i san'at	كتاب تشویق صنعت
kitab-ı ubudiyet	كتاب عبودیت
kitab-ı zikir	كتاب ذكر
kitab-ı şeriat	كتاب شریعت
kitabı da	كتابی ده
kitap ki	كتابكه
kitapların ki	كتابلرڭكه
kitâb-ı akîde	كتاب عقیده
kitâb-ı belâgat	كتاب بلاغت
kitâb-ı duâ	كتاب دعا
kitâb-ı emir	كتاب امر
kitâb-ı fikir	كتاب فكر
kitâb-ı fikirdir	كتاب فكردر
kitâb-ı hikmet	كتاب حكمت
kitâb-ı ilm-i ilâhiyât	كتاب علم الهیات
kitâb-ı ilzâm	كتاب الزام
kitâb-ı isbât-ı vahdâniyet	كتاب اثبات وحدانیت
kitâb-ı kebîr	كتاب كبیر
kitâb-ı kebîr-i kâinât	كتاب كبیر كائنات
kitâb-ı kebîr-i kâinâtın	كتاب كبیر كائناتڭ
kitâb-ı kebîri ki	كتاب كبیریكه
kitâb-ı kebîrin	كتاب كبیرڭ
kitâb-ı kebîrinin	كتاب كبیرینڭ
kitâb-ı kâinâtta	كتاب كائناتده
kitâb-ı kâinâtı	كتاب كائناتی
kitâb-ı kâinâtın	كتاب كائناتڭ
kitâb-ı ledünniyât	كتاب لدنّیات
kitâb-ı ma'rifet	كتاب معرفت
kitâb-ı mantık	كتاب منطق
kitâb-ı mukaddestir	كتاب مقدّسدر
kitâb-ı mübîn	كتاب مبین
kitâb-ı mübîn de	كتاب مبین ده
kitâb-ı mübîn'in	كتاب مبینڭ
kitâb-ı mübînin	كتاب مبینڭ
kitâb-ı rabbânî	كتاب ربّانی
kitâb-ı samedânî	كتاب صمدانی
kitâb-ı semâvîdir	كتاب سماویدر
kitâb-ı sünen'de	كتاب سننده
kitâb-ı tasavvuf	كتاب تصوّف
kitâb-ı teşvîk-i san'at	كتاب تشویق صنعت
kitâb-ı ubûdiyet	كتاب عبودیت
kitâb-ı zikir	كتاب ذكر
kitâb-ı âlemin	كتاب عالمڭ
kitâb-ı şerîat	كتاب شریعت
kolaydır ki	قولایدركه
konyalı sabri	قونیهلی صبری
konyalı sabri'nin	قونیهلی صبرینڭ
konyalı sabrî	قونیهلی صبری
konyalı sabrî'nin	قونیهلی صبرینڭ
koymuştur ki	قویمشدركه
kubh-u mutlaktan	قبح مطلقدن
kuddise sırruhu	قدّس سرّه
kuddise sırruhunun	قدّس سرّه نڭ
kuddise sırruhû	قدّس سرّه
kudret-i	قدرت
kudret-i beşer	قدرت بشر
kudret-i ezeliye	قدرت ازلیه
kudret-i ezeliyede	قدرت ازلیهده
kudret-i ezeliyenin	قدرت ازلیهنڭ
kudret-i ezeliyeye	قدرت ازلیّهیه
kudret-i fatıra	قدرت فاطره
kudret-i fatıranın	قدرت فاطرهنڭ
kudret-i fâtıra	قدرت فاطره
kudret-i fâtıranın	قدرت فاطرهنڭ
kudret-i gayr-i mütenahi	قدرت غیر متناهی
kudret-i gayr-i mütenâhî	قدرت غیر متناهی
kudret-i ilahi	قدرت الهی
kudret-i ilahiye	قدرت الهیّه
kudret-i ilahiyenin	قدرت الهیّهنڭ
kudret-i ilahiyeye	قدرت الهیهیه
kudret-i ilahiyeyi	قدرت الهیهیی
kudret-i ilâhiye	قدرت الهیّه
kudret-i ilâhiyenin	قدرت الهیّهنڭ
kudret-i ilâhiyeye	قدرت الهیهیه
kudret-i ilâhiyeyi	قدرت الهیهیی
kudret-i ilâhî	قدرت الهی
kudret-i kamilenin	قدرت كاملهنڭ
kudret-i kâmilenin	قدرت كاملهنڭ
kudret-i mutlaka	قدرت مطلقه
kudret-i mutlakanın	قدرت مطلقهنڭ
kudret-i rabbaniye	قدرت ربّانیه
kudret-i rabbaniyenin	قدرت ربّانیهنڭ
kudret-i rabbâniye	قدرت ربّانیه
kudret-i rabbâniyenin	قدرت ربّانیهنڭ
kudret-i samedaniyenin	قدرت صمدانیهنڭ
kudret-i samedâniyenin	قدرت صمدانیهنڭ
kudret-i sani'in	قدرت صانعڭ
kudret-i sâni'in	قدرت صانعڭ
kudret-i zatiyede	قدرت ذاتیّهده
kudret-i zâtiyede	قدرت ذاتیّهده
kulaklarıyla da	قولاقلریله ده
kuleönülü mustafa	قوله اوڭیلی مصطفی
kulub-ü münevvere	قلوب منوّره
kulub-ü nuraniye	قلوب نورانیه
kulûb-ü münevvere	قلوب منوّره
kulûb-ü nûrâniye	قلوب نورانیه
kumandan-ı a'zam	قوماندان اعظم
kumandan-ı a'zamın	قوماندان اعظمڭ
kumandan-ı akdesini	قوماندان اقدسنی
kur'an da	قرآن ده
kur'an-ı azim	قرآن عظیم
kur'an-ı azim-i kainatın	قرآن عظیم كائناتڭ
kur'an-ı azimü'ş-şan	قرآن عظیم الشان
kur'an-ı azimü'ş-şan'ı	قرآن عظیم الشّانی
kur'an-ı azimü'ş-şan'ın	قرآن عظیم الشّانڭ
kur'an-ı azimüşşan	قرآن عظیم الشّان
kur'an-ı azimüşşan'a	قرآن عظیم الشّانه
kur'an-ı azimüşşan'da	قرآن عظیم الشّانده
kur'an-ı azimüşşan'dır	قرآن عظیم الشّاندر
kur'an-ı azimüşşan'ı	قرآن عظیم الشّانی
kur'an-ı azimüşşan'ın	قرآن عظیم الشّانڭ
kur'an-ı ekber-i alem	قرآن اكبر عالم
kur'an-ı hakim	قرآن حكیم
kur'an-ı hakim'de	قرآن حكیمده
kur'an-ı hakim'deki	قرآن حكیمدهكی
kur'an-ı hakim'den	قرآن حكیمدن
kur'an-ı hakim'dir	قرآن حكیمدر
kur'an-ı hakim'e	قرآن حكیمه
kur'an-ı hakim'i	قرآن حكیمی
kur'an-ı hakim'in	قرآن حكیمڭ
kur'an-ı hakim'inin	قرآن حكیمڭڭ
kur'an-ı kebir	قرآن كبیر
kur'an-ı kerim	قرآن كریم
kur'an-ı kerim'de	قرآن كریمده
kur'an-ı kerim'den	قرآن كریمدن
kur'an-ı kerim'e	قرآن كریمه
kur'an-ı kerim'i	قرآن كریمی
kur'an-ı kerim'in	قرآن كریمڭ
kur'an-ı mecid	قرآن مجید
kur'an-ı mu'ciz	قرآن معجز
kur'an-ı mu'cizü'l-beyan	قرآن معجز البیان
kur'an-ı mu'cizü'l-beyan'a	قرآن معجز البیانه
kur'an-ı mu'cizü'l-beyan'da	قرآن معجز البیانده
kur'an-ı mu'cizü'l-beyan'dan	قرآن معجز البیاندن
kur'an-ı mu'cizü'l-beyan'dır	قرآن معجز البیاندر
kur'an-ı mu'cizü'l-beyan'ı	قرآن معجز البیانی
kur'an-ı mu'cizü'l-beyan'ın	قرآن معجز البیانڭ
kur'an-ı mübin	قرآن مبین
kur'an-ı mübin'in	قرآن مبینڭ
kur'an-ı mürşid	قرآن مرشد
kur'an-ı rabbani	قرآن ربّانی
kur'ân da	قرآن ده
kur'ân-ı azîm	قرآن عظیم
kur'ân-ı azîm-i kâinâtın	قرآن عظیم كائناتڭ
kur'ân-ı azîmü'ş-şân	قرآن عظیم الشان
kur'ân-ı azîmü'ş-şân'ı	قرآن عظیم الشّانی
kur'ân-ı azîmü'ş-şân'ın	قرآن عظیم الشّانڭ
kur'ân-ı azîmüşşân	قرآن عظیم الشّان
kur'ân-ı azîmüşşân'a	قرآن عظیم الشّانه
kur'ân-ı azîmüşşân'da	قرآن عظیم الشّانده
kur'ân-ı azîmüşşân'dır	قرآن عظیم الشّاندر
kur'ân-ı azîmüşşân'ı	قرآن عظیم الشّانی
kur'ân-ı azîmüşşân'ın	قرآن عظیم الشّانڭ
kur'ân-ı ekber-i âlem	قرآن اكبر عالم
kur'ân-ı hakîm	قرآن حكیم
kur'ân-ı hakîm'de	قرآن حكیمده
kur'ân-ı hakîm'deki	قرآن حكیمدهكی
kur'ân-ı hakîm'den	قرآن حكیمدن
kur'ân-ı hakîm'dir	قرآن حكیمدر
kur'ân-ı hakîm'e	قرآن حكیمه
kur'ân-ı hakîm'i	قرآن حكیمی
kur'ân-ı hakîm'in	قرآن حكیمڭ
kur'ân-ı hakîm'inin	قرآن حكیمڭڭ
kur'ân-ı kebîr	قرآن كبیر
kur'ân-ı kerîm	قرآن كریم
kur'ân-ı kerîm'de	قرآن كریمده
kur'ân-ı kerîm'den	قرآن كریمدن
kur'ân-ı kerîm'e	قرآن كریمه
kur'ân-ı kerîm'i	قرآن كریمی
kur'ân-ı kerîm'in	قرآن كریمڭ
kur'ân-ı mecîd	قرآن مجید
kur'ân-ı mu'ciz	قرآن معجز
kur'ân-ı mu'cizü'l-beyân	قرآن معجز البیان
kur'ân-ı mu'cizü'l-beyân'a	قرآن معجز البیانه
kur'ân-ı mu'cizü'l-beyân'da	قرآن معجز البیانده
kur'ân-ı mu'cizü'l-beyân'dan	قرآن معجز البیاندن
kur'ân-ı mu'cizü'l-beyân'dır	قرآن معجز البیاندر
kur'ân-ı mu'cizü'l-beyân'ı	قرآن معجز البیانی
kur'ân-ı mu'cizü'l-beyân'ın	قرآن معجز البیانڭ
kur'ân-ı mübîn	قرآن مبین
kur'ân-ı mübîn'in	قرآن مبینڭ
kur'ân-ı mürşid	قرآن مرشد
kur'ân-ı rabbânî	قرآن ربّانی
kurb-u huzuruna	قرب حضورینه
kurb-u huzûruna	قرب حضورینه
kurb-u şahanede	قرب شاهانهده
kurb-u şâhânede	قرب شاهانهده
kurbiyet-i ilahiye	قربیّت الهیّه
kurbiyet-i ilâhiye	قربیّت الهیّه
kurun-u uhra	قرون اخری
kurun-u ula	قرون اولی
kurun-u vustada	قرون وسطاده
kurûn-u uhrâ	قرون اخری
kurûn-u vustâda	قرون وسطاده
kurûn-u ûlâ	قرون اولی
kutb-u a'zam	قطب اعظم
kutb-u a'zam'dan	قطب اعظمدن
kutb-u a'zam'ı	قطب اعظمی
kutb-u a'zam'ın	قطب اعظمڭ
kutb-u imani	قطب ایمانی
kutb-u îmânî	قطب ایمانی
kutbü'l-arifin	قطب العارفین
kutbü'l-irşad	قطب الارشاد
kutbü'l-irşâd	قطب الارشاد
kutbü'l-ârifîn	قطب العارفین
kuva-yı sariye	قوای ساریه
kuvve-i akliye	قوّهٔ عقلیّه
kuvve-i cazibe	قوّهٔ جاذبه
kuvve-i câzibe	قوّهٔ جاذبه
kuvve-i dafianın	قوّهٔ دافعهنڭ
kuvve-i dafiaya	قوّهٔ دافعهیه
kuvve-i dâfianın	قوّهٔ دافعهنڭ
kuvve-i dâfiaya	قوّهٔ دافعهیه
kuvve-i gadabiye	قوّهٔ غضبیّه
kuvve-i gadabiyenin	قوّهٔ غضبیّهنڭ
kuvve-i gadabiyesi	قوّهٔ غضبیّهسی
kuvve-i hafıza	قوّهٔ حافظه
kuvve-i hafızalarda	قوّهٔ حافظهلرده
kuvve-i hafızalarında	قوّّهٔ حافظهلرنده
kuvve-i hafızam	قوّهٔ حافظهم
kuvve-i hafızan	قوّهٔ حافظهڭ
kuvve-i hafızanın	قوّهٔ حافظهنڭ
kuvve-i hafızası	قوّهٔ حافظهسی
kuvve-i hafızası da	قوّهٔ حافظهسی ده
kuvve-i hafızasına	قوّهٔ حافظهسنه
kuvve-i hafızasında	قوّهٔ حافظهسنده
kuvve-i hafızaya	قوّهٔ حافظهیه
kuvve-i hayaliye	قوّهٔ خیالیه
kuvve-i hayaliyeyi	قوّهٔ خیالیهیی
kuvve-i hayâliye	قوّهٔ خیالیه
kuvve-i hayâliyeyi	قوّهٔ خیالیهیی
kuvve-i hâfıza	قوّهٔ حافظه
kuvve-i hâfızalarda	قوّهٔ حافظهلرده
kuvve-i hâfızalarında	قوّّهٔ حافظهلرنده
kuvve-i hâfızam	قوّهٔ حافظهم
kuvve-i hâfızan	قوّهٔ حافظهڭ
kuvve-i hâfızanın	قوّهٔ حافظهنڭ
kuvve-i hâfızası	قوّهٔ حافظهسی
kuvve-i hâfızası da	قوّهٔ حافظهسی ده
kuvve-i hâfızasına	قوّهٔ حافظهسنه
kuvve-i hâfızasında	قوّهٔ حافظهسنده
kuvve-i hâfızaya	قوّهٔ حافظهیه
kuvve-i kudsiyesiyle	قوّهٔ قدسیهسیله
kuvve-i ma'neviye	قوّهٔ معنویه
kuvve-i ma'neviyeleri	قوّهٔ معنویّهلری
kuvve-i ma'neviyelerini	قوّهٔ معنویهلرینی
kuvve-i ma'neviyelerinin	قوّهٔ معنویهلرینڭ
kuvve-i ma'neviyenin	قوّهٔ معنویهنڭ
kuvve-i ma'neviyeniz	قوّهٔ معنویهڭز
kuvve-i ma'neviyesi	قوّهٔ معنویهسی
kuvve-i ma'neviyesini	قوّهٔ معنویهسنی
kuvve-i ma'neviyeye	قوّهٔ معنویهیه
kuvve-i ma'neviyeyi	قوّهٔ معنویهیی
kuvve-i vahime	قوّهٔ واهمه
kuvve-i vahimenin	قوّهٔ واهمهنڭ
kuvve-i vahimesi	قوّهٔ واهمهسی
kuvve-i vâhime	قوّهٔ واهمه
kuvve-i vâhimenin	قوّهٔ واهمهنڭ
kuvve-i vâhimesi	قوّهٔ واهمهسی
kuvve-i zaika	قوّهٔ ذائقه
kuvve-i zaikası	قوّهٔ ذائقهسی
kuvve-i zaikayı	قوّهٔ ذائقهیی
kuvve-i zâika	قوّهٔ ذائقه
kuvve-i zâikası	قوّهٔ ذائقهسی
kuvve-i zâikayı	قوّهٔ ذائقهیی
kuvve-i şamme	قوّهٔ شامّه
kuvve-i şeheviye	قوّهٔ شهویّه
kuvve-i şeheviye-i behimiye	قوّهٔ شهویهٔ بهیمیّه
kuvve-i şeheviye-i behîmiye	قوّهٔ شهویهٔ بهیمیّه
kuvve-i şeheviyenin	قوّهٔ شهویّهنڭ
kuvve-i şâmme	قوّهٔ شامّه
kuvvet-i iman	قوّت ایمان
kuvvet-i imaniye	قوّت ایمانیه
kuvvet-i imanlarını	قوّت ایمانلرینی
kuvvet-i imanını	قوّت ایماننی
kuvvet-i ma'neviye	قوّت معنویه
kuvvet-i ma'neviyeyi	قوّت معنویهیی
kuvvet-i îmân	قوّت ایمان
kuvvet-i îmâniye	قوّت ایمانیه
kuvvet-i îmânlarını	قوّت ایمانلرینی
kuvvet-i îmânını	قوّت ایماننی
kuvvet-i şahsiyesinden	قوّت شخصیّهسندن
kuvvetidir ki	قوّتیدركه
kuvvetle mi	قوّتلهمی
kuvvetlidir ki	قوّتلیدركه
kuvvettedir ki	قوّتدهدركه
kuvvettir ki	قوّتدركه
kuvvetü'z-zahr	قوّت الظّهر
kuvâ-yı sâriye	قوای ساریه
kâf-nûn	كاف نون
kâfir de	كافر ده
kâfir-i mutlak	كافر مطلق
kâinât da	كائنات ده
kâinâta da	كائناته ده
kâmil-i mutlak	كامل مطلق
kâmil-i mutlak'ın	كامل مطلقڭ
kâr-ı akıl	كار عقل
kâtib osmân	كاتب عثمان
kâtib osmân'ın	كاتب عثمانڭ
kâtib-i umûmî	كاتب عمومی
kâtib-i umûmîsi	كاتب عمومیسی
kâtibin de	كاتبڭ ده
kâğıtları da	كاغدلری ده
kâşâne-i ebediyet	كاشانهٔ أبدیت
kîl u kāl	قیل و قال
kökleşiyor ki	كوكلشییوركه
kökleşmiş ki	كوكلشمشكه
körlere de	كورلره ده
körü körüne	كور كورینه
küfr-ü inadi	كفر عنادی
küfr-ü inâdî	كفر عنادی
küfr-ü mutlak	كفر مطلق
küfr-ü mutlaka	كفر مطلقه
küfr-ü mutlaktan	كفر مطلقدن
küfr-ü mutlakı	كفر مطلقی
küfr-ü mutlakın	كفر مطلقڭ
küfran-ı ni'met	كفران نعمت
küfran-ı ni'mete	كفران نعمته
küfran-ı ni'meti	كفران نعمتی
küfran-ı ni'metten	كفران نعمتدن
küfrân-ı ni'met	كفران نعمت
küfrân-ı ni'mete	كفران نعمته
küfrân-ı ni'meti	كفران نعمتی
küfrân-ı ni'metten	كفران نعمتدن
küllidir ki	كلّیدركه
külliyat-ı nur	كلّیات نور
külliyat-ı umurunu	كلّیات امورینی
külliyât-ı nûr	كلّیات نور
külliyât-ı umûrunu	كلّیات امورینی
küllîdir ki	كلّیدركه
küre-i arz	كرهٔ ارض
küre-i arza	كرهٔ ارضه
küre-i arzda	كرهٔ ارضده
küre-i arzdaki	كرهٔ ارضدهكی
küre-i arzdan	كرهٔ ارضدن
küre-i arzla	كرهٔ ارضله
küre-i arzı	كرهٔ ارضی
küre-i arzın	كرهٔ ارضڭ
küre-i hava	كرهٔ هوا
küre-i havada	كرهٔ هواده
küre-i havaiyede	كرهٔ هوائیّهده
küre-i havaiyenin	كرهٔ هوائیهنڭ
küre-i havanın	كرهٔ هوانڭ
küre-i havayı	كرهٔ هوایی
küre-i havâiyede	كرهٔ هوائیّهده
küre-i zemin	كرهٔ زمین
küre-i zemîn	كرهٔ زمین
küreviyet-i arz	كرویت ارض
küreyvat-ı hamra	كریوات حمرا
küreyvat-ı hamraya	كریوات حمرایه
küreyvât-ı hamrâ	كریوات حمرا
küreyvât-ı hamrâya	كریوات حمرایه
kütüb-ü arabiye	كتب عربیه
kütüb-ü hadisiye	كتب حدیثیه
kütüb-ü hadîsiye	كتب حدیثیه
kütüb-ü mukaddese	كتب مقدّسه
kütüb-ü mukaddesede	كتب مقدّسهده
kütüb-ü mukaddeselerde	كتب مقدّسهلرده
kütüb-ü mukaddesenin	كتب مقدّسهنڭ
kütüb-ü sabıkada	كتب سابقهده
kütüb-ü sahiha	كتب صحیحه
kütüb-ü sahîha	كتب صحیحه
kütüb-ü salifenin	كتب سالفهنڭ
kütüb-ü semaviye	كتب سماویه
kütüb-ü semaviyenin	كتب سماویهنڭ
kütüb-ü semâviye	كتب سماویه
kütüb-ü semâviyenin	كتب سماویهنڭ
kütüb-ü sâbıkada	كتب سابقهده
kütüb-ü sâlifenin	كتب سالفهنڭ
kütübhane-i vücuda	كتبخانهٔ وجوده
kütübhâne-i vücûda	كتبخانهٔ وجوده
küçük ali	كوچك علی
küçük ali'nin	كوچك علینڭ
küçük alî'nin	كوچك علینڭ
küçük husrev	كوچك خسرو
küçük ibrahim	كوچك ابراهیم
küçük ibrahim'in	كوچك ابراهیمڭ
küçük ibrâhîm	كوچك ابراهیم
küçük ibrâhîm'in	كوچك ابراهیمڭ
küçük lütfü	كوچك لطفی
küçük sözler	كوچك سوزلر
küçük-büyük	كوچك بیوك
küçüklüğümden beri	كوچكلكمدنبری
küçükten beri	كوچكدنبری
kāb-ı kavseyn	قاب قوسین
kāb-ı kavseyn'e	قاب قوسینه
kābil midir	قابلمیدر
kābil midir ki	قابلمیدركه
kābil-i hitâb	قابل خطاب
kābil-i iltiyâm	قابل التیام
kābil-i inkâr	قابل انكار
kābil-i inkısâm	قابل انقسام
kābil-i kıyâs	قابل قیاس
kābil-i süknâ	قابل سكنا
kābil-i taklîd	قابل تقلید
kābil-i tatbîk	قابل تطبیق
kābil-i te'lîf	قابل تألیف
kābil-i tebdîl	قابل تبدیل
kābil-i tefrîk	قابل تفریق
kābil-i tevfîk	قابل توفیق
kābiliyet-i hârika	قابلیت خارقه
kādir-i kayyûm	قادر قیّوم
kādir-i küll-i şey'	قادر كلّ شیء
kādir-i mutlak	قادر مطلق
kādiriyet-i mutlaka	قادریت مطلقه
kāide-i esâsiyesiyle	قاعدهٔ اساسیهسیله
kāide-i külliye	قاعدهٔ كلّیه
kāide-i mukarreredir ki	قاعدهٔ مقرّرهدركه
kāide-i mukarreresiyle	قاعدهٔ مقرّرهسیله
kāmet-i kıymetinden	قامت قیمتندن
kānûn-i esâsîsi	قانون اساسیسی
kānûn-u adâlet	قانون عدالت
kānûn-u adâlete	قانون عدالته
kānûn-u emrî	قانون امری
kānûn-u emrîdir	قانون امریدر
kānûn-u esâsî	قانون اساسی
kānûn-u esâsînin	قانون اساسینڭ
kānûn-u esâsîsi	قانون اساسیسی
kānûn-u esâsîsine	قانون اساسیسنه
kānûn-u esâsîye	قانون اساسی یه
kānûn-u esâsîyi	قانون اساسی یی
kānûn-u hikmetle	قانون حكمتله
kānûn-u ilmî	قانون علمی
kānûn-u ilâhî	قانون الهی
kānûn-u kader	قانون قدر
kānûn-u kerem	قانون كرم
kānûn-u medenîye	قانون مدنی یه
kānûn-u mübâreze	قانون مبارزه
kānûn-u pâdişâhîyle	قانون پادشاهیله
kānûn-u rabbânî	قانون ربّانی
kānûn-u rubûbiyet	قانون ربوبیت
kānûn-u rubûbiyetin	قانون ربوبیّتڭ
kānûn-u siyâset	قانون سیاست
kānûn-u tekâmüle	قانون تكامله
kānûn-u tenâsül	قانون تناسل
kānûn-u teşekkülâtı	قانون تشكّلاتی
kānûn-u şerîati	قانون شریعتی
kātıu't-tarîka	قاطع الطّریقه
kılade-i ümmü's-sıbyan	قلادهٔ امّ الصّبیان
kılâde-i ümmü's-sıbyân	قلادهٔ امّ الصّبیان
kıraat-i kur'an	قرائت قرآن
kırk beş	قرق بش
kırk beşinci	قرق بشنجی
kırk bir	قرق بر
kırk iki	قرق ایكی
kırk üç	قرق اوچ
kırk-elli	قرق اللی
kırâat-i kur'ân	قرائت قرآن
kısm-ı a'zamı	قسم اعظمی
kısm-ı a'zamını	قسم اعظمنی
kısm-ı a'zamının	قسم اعظمنڭ
kısm-ı ekseri	قسم اكثری
kısm-ı ekserisi	قسم اكثریسی
kısm-ı ekserîsi	قسم اكثریسی
kısmen de	قسما ده
kısmı da	قسمی ده
kısmı ki	قسمیكه
kısmına da	قسمنه ده
kısmında da	قسمنده ده
kısmını da	قسمنی ده
kısmının da	قسمنڭ ده
kıssa-ı yusuf'un	قصّهٔ یوسفڭ
kıssa-ı yûsuf'un	قصّهٔ یوسفڭ
kıssasıdır ki	قصّهسیدركه
kısım da	قسم ده
kısım ki	قسمكه
kısımdır ki	قسمدركه
kıyamet-i kübranın	قیامت كبرانڭ
kıyamet-i kübrayı	قیامت كبرایی
kıyamet-i nev'iyeyi	قیامت نوعیهیی
kıyas-ı binnefs	قیاس بالنّفس
kıyas-ı istisnai	قیاس استثنائی
kıyas-ı maal-farıktır	قیاس مع الفارقدر
kıyas-ı temsili	قیاس تمثیلی
kıyas-ı temsilinin	قیاس تمثیلینڭ
kıymet-i kanuniyesi	قیمت قانونیهسی
kıymet-i kānûniyesi	قیمت قانونیهسی
kıymet-i şahsiyelerinden	قیمت شخصیهلرندن
kıymetdardır ki	قیمتداردركه
kıymetdârdır ki	قیمتداردركه
kıyâmet-i kübrânın	قیامت كبرانڭ
kıyâmet-i kübrâyı	قیامت كبرایی
kıyâmet-i nev'iyeyi	قیامت نوعیهیی
kıyâs-ı binnefs	قیاس بالنّفس
kıyâs-ı istisnâî	قیاس استثنائی
kıyâs-ı maal-fârıktır	قیاس مع الفارقدر
kıyâs-ı temsîlî	قیاس تمثیلی
kıyâs-ı temsîlînin	قیاس تمثیلینڭ
kızıl icaz	قیزیل ایجاز
kızıl îcâz	قیزیل ایجاز
la-mekani	لا مكانی
lafz-ı celal	لفظ جلال
lafz-ı celalin	لفظ جلالڭ
lafz-ı celâl	لفظ جلال
lafz-ı celâlin	لفظ جلالڭ
lafz-ı kur'an	لفظ قرآن
lafz-ı kur'ân	لفظ قرآن
lafz-ı ma'nidardır	لفظ معنیداردر
lafz-ı ma'nîdârdır	لفظ معنیداردر
lafz-ı resul-ü ekrem	لفظ رسول اكرم
lafz-ı resûl-ü ekrem	لفظ رسول اكرم
lafza-i celal	لفظهٔ جلال
lafza-i celal'in	لفظهٔ جلالڭ
lafza-i celali	لفظهٔ جلالی
lafza-i celalin	لفظهٔ جلالڭ
lafza-i celâl	لفظهٔ جلال
lafza-i celâl'in	لفظهٔ جلالڭ
lafza-i celâli	لفظهٔ جلالی
lafza-i celâlin	لفظهٔ جلالڭ
lam-ı ta'rif	لام تعریف
latife-i insaniye	لطیفهٔ انسانیه
latife-i rabbaniye	لطیفهٔ ربّانیه
latiftir ki	لطیفدركه
latîfe-i insaniye	لطیفهٔ انسانیه
latîfe-i rabbâniye	لطیفهٔ ربّانیه
latîftir ki	لطیفدركه
layiha-i temyizin	لایحهٔ تمییزڭ
layık mıdır ki	لایقمیدركه
lazım da	لازم ده
lazım ki	لازمكه
lazımdır ki	لازمدركه
lem'a-i i'caz	لمعهٔ اعجاز
lem'a-i i'caz-ı gaybisidir	لمعهٔ اعجاز غیبیسیدر
lem'a-i i'caz-ı kur'an	لمعهٔ اعجاز قرآن
lem'a-i i'caza	لمعهٔ اعجازه
lem'a-i i'caziyede	لمعهٔ اعجازیهده
lem'a-i i'caziyeyi	لمعهٔ اعجازیهیی
lem'a-i i'cazı	لمعهٔ اعجازی
lem'a-i i'cazını	لمعهٔ اعجازینی
lem'a-i i'câz	لمعهٔ اعجاز
lem'a-i i'câz-ı gaybîsidir	لمعهٔ اعجاز غیبیسیدر
lem'a-i i'câz-ı kur'ân	لمعهٔ اعجاز قرآن
lem'a-i i'câza	لمعهٔ اعجازه
lem'a-i i'câziyede	لمعهٔ اعجازیهده
lem'a-i i'câziyeyi	لمعهٔ اعجازیهیی
lem'a-i i'câzı	لمعهٔ اعجازی
lem'a-i i'câzını	لمعهٔ اعجازینی
lem'a-i nurani	لمعهٔ نورانی
lem'a-i nûrânî	لمعهٔ نورانی
lem'a-i tecellisi	لمعهٔ تجلّیسی
lem'a-i tecellîsi	لمعهٔ تجلّیسی
lem'a-i vahidiyet	لمعهٔ واحدیّت
lem'a-i vâhidiyet	لمعهٔ واحدیّت
lem'alarıdır ki	لمعهلریدركه
lemeat-ı i'caziye	لمعات اعجازیه
lemeat-ı i'caziyesinden	لمعات اعجازیهسندن
lemeat-ı tevhidiyeyi	لمعات توحیدیّهیی
lemeât-ı i'câziye	لمعات اعجازیه
lemeât-ı i'câziyesinden	لمعات اعجازیهسندن
lemeât-ı tevhîdiyeyi	لمعات توحیدیّهیی
letaif-i aşereyi	لطائف عشرهیی
letaif-i insaniyem	لطائف انسانیهم
letaif-i insaniyenin	لطائف انسانیهنڭ
letaif-i insaniyeye	لطائف انسانیّهیه
letaif-i insaniyeyi	لطائف انسانیّهیی
letaif-i ma'neviyesini	لطائف معنویهسنی
letaif-i re'fet	لطائف رأفت
letaif-i ulviyet	لطائف علویّت
letâif-i aşereyi	لطائف عشرهیی
letâif-i insaniyem	لطائف انسانیهم
letâif-i insaniyenin	لطائف انسانیهنڭ
letâif-i insaniyeye	لطائف انسانیّهیه
letâif-i insaniyeyi	لطائف انسانیّهیی
letâif-i ma'neviyesini	لطائف معنویهسنی
letâif-i re'fet	لطائف رأفت
letâif-i ulviyet	لطائف علویّت
levazımat-ı insaniye	لوازمات انسانیه
levh-i mahfuz	لوح محفوظ
levh-i mahfuz'da	لوح محفوظده
levh-i mahfuz'daki	لوح محفوظدهكی
levh-i mahfuz'dan	لوح محفوظدن
levh-i mahfuz'un	لوح محفوظڭ
levh-i mahfûz	لوح محفوظ
levh-i mahfûz'da	لوح محفوظده
levh-i mahfûz'daki	لوح محفوظدهكی
levh-i mahfûz'dan	لوح محفوظدن
levh-i mahfûz'un	لوح محفوظڭ
levh-i mahv	لوح محو
levh-i mahv ü isbat	لوح محو و اثبات
levha-i ya hafız	لوحهٔ یا حافظ
levha-i yâ hâfız	لوحهٔ یا حافظ
levha-i zeval	لوحهٔ زوال
levha-i zevâl	لوحهٔ زوال
levâzımât-ı insaniye	لوازمات انسانیه
leyali-i aşerenizi	لیالئ عشرهڭزی
leyl ü nehar	لیل و نهار
leyl ü nehâr	لیل و نهار
leyle-i beraet	لیلهٔ برائت
leyle-i berat	لیلهٔ برات
leyle-i berat'inizi	لیلهٔ براتڭزی
leyle-i beratınızı	لیلهٔ براتڭزی
leyle-i berâet	لیلهٔ برائت
leyle-i berât	لیلهٔ برات
leyle-i berât'inizi	لیلهٔ براتڭزی
leyle-i berâtınızı	لیلهٔ براتڭزی
leyle-i kadir	لیلهٔ قدر
leyle-i kadir'de	لیلهٔ قدرده
leyle-i kadir'deki	لیلهٔ قدردهكی
leyle-i kadirlerini	لیلهٔ قدرلرینی
leyle-i kadr	لیلهٔ قدر
leyle-i kadr'e	لیلهٔ قدره
leyle-i kadr'i	لیلهٔ قدری
leyle-i kadr'in	لیلهٔ قدرڭ
leyle-i kadr'ini	لیلهٔ قدرینی
leyle-i kadr'inizi	لیلهٔ قدریڭزی
leyle-i kadrimizi	لیلهٔ قدریمزی
leyle-i mi'rac	لیلهٔ معراج
leyle-i mi'rac'a	لیلهٔ معراجه
leyle-i mi'rac'ın	لیلهٔ معراجڭ
leyle-i mi'racınızı	لیلهٔ معراجڭزی
leyle-i mi'râc	لیلهٔ معراج
leyle-i mi'râc'a	لیلهٔ معراجه
leyle-i mi'râc'ın	لیلهٔ معراجڭ
leyle-i mi'râcınızı	لیلهٔ معراجڭزی
leyle-i regaib	لیلهٔ رغائب
leyle-i regaib'de	لیلهٔ رغائبده
leyle-i regaib'i	لیلهٔ رغائبی
leyle-i regaib'in	لیلهٔ رغائبڭ
leyle-i regāib	لیلهٔ رغائب
leyle-i regāib'de	لیلهٔ رغائبده
leyle-i regāib'i	لیلهٔ رغائبی
leyle-i regāib'in	لیلهٔ رغائبڭ
leyâlî-i aşerenizi	لیالئ عشرهڭزی
lezaiz-i na-meşrua	لذائذ نا مشروعه
lezzet-i hayat	لذّت حیات
lezzet-i hayatı	لذّت حیاتی
lezzet-i hürriyet	لذّت حرّیت
lezzet-i ma'neviyeyi	لذّت معنویّهیی
lezzet-i mukaddese	لذّت مقدّسه
lezzet-i ruhaniyedir	لذّت روحانیهدر
lezzet-i rûhâniyedir	لذّت روحانیهدر
lezzetler de	لذّتلر ده
lezâiz-i nâ-meşrûa	لذائذ نا مشروعه
li-hikmetin	لحكمة
lillahi'l-hamd	للّه الحمد
lillâhi'l-hamd	للّه الحمد
lisan-ı acz	لسان عجز
lisan-ı acziyle	لسان عجزیله
lisan-ı arabi	لسان عربی
lisan-ı gayb	لسان غیب
lisan-ı gaybın	لسان غیبڭ
lisan-ı hal	لسان حال
lisan-ı hali	لسان حالی
lisan-ı halinden	لسان حالندن
lisan-ı haliyle	لسان حالیله
lisan-ı halle	لسان حالله
lisan-ı halleri	لسان حاللری
lisan-ı hallerinden	لسان حاللرندن
lisan-ı halleriyle	لسان حاللریله
lisan-ı hikmetle	لسان حكمتله
lisan-ı isti'dad	لسان استعداد
lisan-ı isti'dadıyla	لسان استعدادیله
lisan-ı işaretiyle	لسان اشارتیله
lisan-ı kal	لسان قال
lisan-ı kalden	لسان قالدن
lisan-ı kaliyle	لسان قالیله
lisan-ı kur'an	لسان قرآن
lisan-ı ma'na	لسان معنا
lisan-ı mahsusuyla	لسان مخصوصیله
lisan-ı nahvi	لسان نحوی
lisan-ı remziyle	لسان رمزیله
lisan-ı ubudiyet	لسان عبودیّت
lisan-ı zakirdir	لسان ذاكردر
lisan-ı şer'ide	لسان شرعیده
lisanü'l-gayb	لسان الغیب
lisanı ile	لسانی ایله
lisân-ı acz	لسان عجز
lisân-ı acziyle	لسان عجزیله
lisân-ı arabî	لسان عربی
lisân-ı gayb	لسان غیب
lisân-ı gaybın	لسان غیبڭ
lisân-ı hikmetle	لسان حكمتله
lisân-ı hâl	لسان حال
lisân-ı hâli	لسان حالی
lisân-ı hâlinden	لسان حالندن
lisân-ı hâliyle	لسان حالیله
lisân-ı hâlle	لسان حالله
lisân-ı hâlleri	لسان حاللری
lisân-ı hâllerinden	لسان حاللرندن
lisân-ı hâlleriyle	لسان حاللریله
lisân-ı isti'dâd	لسان استعداد
lisân-ı isti'dâdıyla	لسان استعدادیله
lisân-ı işâretiyle	لسان اشارتیله
lisân-ı kur'ân	لسان قرآن
lisân-ı kāl	لسان قال
lisân-ı kālden	لسان قالدن
lisân-ı kāliyle	لسان قالیله
lisân-ı ma'nâ	لسان معنا
lisân-ı mahsûsuyla	لسان مخصوصیله
lisân-ı nahvî	لسان نحوی
lisân-ı remziyle	لسان رمزیله
lisân-ı ubûdiyet	لسان عبودیّت
lisân-ı zâkirdir	لسان ذاكردر
lisân-ı şer'îde	لسان شرعیده
lisânü'l-gayb	لسان الغیب
lisânı ile	لسانی ایله
livaü'l-hamd	لواء الحمد
livâü'l-hamd	لواء الحمد
lâ-mekânî	لا مكانی
lâm-ı ta'rîf	لام تعریف
lâyiha-i temyîzin	لایحهٔ تمییزڭ
lâyık mıdır ki	لایقمیدركه
lâzım da	لازم ده
lâzım ki	لازمكه
lâzımdır ki	لازمدركه
lü'lü'-misal	لؤلؤ مثال
lü'lü'-misâl	لؤلؤ مثال
lümme-i şeytaniye	لمّهٔ شیطانیه
lümme-i şeytaniyeden	لمّهٔ شیطانیهدن
lümme-i şeytâniye	لمّهٔ شیطانیه
lümme-i şeytâniyeden	لمّهٔ شیطانیهدن
lütf u keremiyle	لطف و كرمیله
lütf-u hakk	لطف حق
lütf-u hakla	لطف حقله
lütf-u ilahi	لطف الهی
lütf-u ilahidir	لطف الهیدر
lütf-u ilâhî	لطف الهی
lütf-u ilâhîdir	لطف الهیدر
lütf-u rabbani	لطف ربّانی
lütf-u rabbânî	لطف ربّانی
lütf-u yezdan	لطف یزدان
lütf-u yezdân	لطف یزدان
lüzum-u zati	لزوم ذاتی
lüzûm-u zâtî	لزوم ذاتی
m sadık	م صادق
m sâdık	م صادق
ma'bud-u bilhak	معبود بالحق
ma'bud-u bilhakk'ın	معبود بالحقڭ
ma'bud-u ezeli'nin	معبود ازلینڭ
ma'bud-u lemyezel	معبود لم یزل
ma'bud-u mutlak	معبود مطلق
ma'bud-u zülcelal'e	معبود ذوالجلاله
ma'bûd-u bilhak	معبود بالحق
ma'bûd-u bilhakk'ın	معبود بالحقڭ
ma'bûd-u ezelî'nin	معبود ازلینڭ
ma'bûd-u lemyezel	معبود لم یزل
ma'bûd-u mutlak	معبود مطلق
ma'bûd-u zülcelâl'e	معبود ذوالجلاله
ma'den-i hakikat	معدن حقیقت
ma'den-i hakîkat	معدن حقیقت
ma'den-i lezzet	معدن لذّت
ma'den-i nur	معدن نور
ma'den-i nûr	معدن نور
ma'den-i rahmetidir	معدن رحمتیدر
ma'den-i terakkıyatı	معدن ترقّیاتی
ma'den-i terakkıyâtı	معدن ترقّیاتی
ma'den-i şefkat	معدن شفقت
ma'kes-i rahmet-i alem	معكس رحمت عالم
ma'kes-i rahmet-i âlem	معكس رحمت عالم
ma'kusen mütenasibdir	معكوسا متناسبدر
ma'kûsen mütenâsibdir	معكوسا متناسبدر
ma'lumdur ki	معلومدركه
ma'lûmdur ki	معلومدركه
ma'na-yı aslisi	معنای اصلیسی
ma'na-yı hakikinin	معنای حقیقینڭ
ma'na-yı harfi	معنای حرفی
ma'na-yı harfiden	معنای حرفیدن
ma'na-yı harfinin	معنای حرفینڭ
ma'na-yı harfiyle	معنای حرفیله
ma'na-yı ismi	معنای اسمی
ma'na-yı ismidir	معنای اسمیدر
ma'na-yı ismiyle	معنای اسمیله
ma'na-yı işari	معنای اشاری
ma'na-yı işari de	معنای اشاری ده
ma'na-yı işarinin	معنای اشارینڭ
ma'na-yı işarisi	معنای اشاریسی
ma'na-yı işarisinde	معنای اشاریسنده
ma'na-yı işarisini	معنای اشاریسنی
ma'na-yı işarisinin	معنای اشاریسنڭ
ma'na-yı işarisiyle	معنای اشاریسیله
ma'na-yı işariyle	معنای اشاریله
ma'na-yı maksud	معنای مقصود
ma'na-yı maksudun	معنای مقصودڭ
ma'na-yı mecazi	معنای مجازی
ma'na-yı remzi	معنای رمزی
ma'na-yı remziyle	معنای رمزیله
ma'na-yı sarihi	معنای صریحی
ma'na-yı sarihinden	معنای صریحندن
ma'na-yı sarihinin	معنای صریحنڭ
ma'na-yı sarihiyle	معنای صریحیله
ma'na-yı zahirisiyle	معنای ظاهریسیله
ma'nası da	معناسی ده
ma'nen de	معنا ده
ma'nevi tevatür	معنوی تواتر
ma'nevî tevâtür	معنوی تواتر
ma'nidardır ki	معنیداردركه
ma'nâ-yı aslîsi	معنای اصلیسی
ma'nâ-yı hakîkînin	معنای حقیقینڭ
ma'nâ-yı harfiyle	معنای حرفیله
ma'nâ-yı harfî	معنای حرفی
ma'nâ-yı harfîden	معنای حرفیدن
ma'nâ-yı harfînin	معنای حرفینڭ
ma'nâ-yı ismiyle	معنای اسمیله
ma'nâ-yı ismî	معنای اسمی
ma'nâ-yı ismîdir	معنای اسمیدر
ma'nâ-yı işâriyle	معنای اشاریله
ma'nâ-yı işârî	معنای اشاری
ma'nâ-yı işârî de	معنای اشاری ده
ma'nâ-yı işârînin	معنای اشارینڭ
ma'nâ-yı işârîsi	معنای اشاریسی
ma'nâ-yı işârîsinde	معنای اشاریسنده
ma'nâ-yı işârîsini	معنای اشاریسنی
ma'nâ-yı işârîsinin	معنای اشاریسنڭ
ma'nâ-yı işârîsiyle	معنای اشاریسیله
ma'nâ-yı maksûd	معنای مقصود
ma'nâ-yı maksûdun	معنای مقصودڭ
ma'nâ-yı mecâzî	معنای مجازی
ma'nâ-yı remziyle	معنای رمزیله
ma'nâ-yı remzî	معنای رمزی
ma'nâ-yı sarîhinden	معنای صریحندن
ma'nâ-yı sarîhinin	معنای صریحنڭ
ma'nâ-yı sarîhiyle	معنای صریحیله
ma'nâ-yı sarîhî	معنای صریحی
ma'nâ-yı zâhirîsiyle	معنای ظاهریسیله
ma'nâsı da	معناسی ده
ma'nîdârdır ki	معنیداردركه
ma'rifet-i ilahiye	معرفت الهیه
ma'rifet-i ilahiyede	معرفت الهیهده
ma'rifet-i ilahiyedir	معرفت الهیهدر
ma'rifet-i ilahiyenin	معرفت الهیهنڭ
ma'rifet-i ilâhiye	معرفت الهیه
ma'rifet-i ilâhiyede	معرفت الهیهده
ma'rifet-i ilâhiyedir	معرفت الهیهدر
ma'rifet-i ilâhiyenin	معرفت الهیهنڭ
ma'rifet-i imaniyenin	معرفت ایمانیهنڭ
ma'rifet-i imaniyeyi	معرفت ایمانیهیی
ma'rifet-i kudsiye	معرفت قدسیه
ma'rifet-i kudsiyedir	معرفت قدسیهدر
ma'rifet-i rabbaniye	معرفت ربّانیه
ma'rifet-i rabbâniye	معرفت ربّانیه
ma'rifet-i sani'	معرفت صانع
ma'rifet-i sani'dir	معرفت صانعدر
ma'rifet-i sani'i	معرفت صانعی
ma'rifet-i sani'in	معرفت صانعڭ
ma'rifet-i sâni'	معرفت صانع
ma'rifet-i sâni'dir	معرفت صانعدر
ma'rifet-i sâni'i	معرفت صانعی
ma'rifet-i sâni'in	معرفت صانعڭ
ma'rifet-i îmâniyenin	معرفت ایمانیهنڭ
ma'rifet-i îmâniyeyi	معرفت ایمانیهیی
ma'sumlar da	معصوملر ده
ma'sûmlar da	معصوملر ده
ma'şuk-u layezaliyi	معشوق لا یزالی یی
ma'şuk-u mecazisi	معشوق مجازیسی
ma'şûk-u lâyezâlîyi	معشوق لا یزالی یی
ma'şûk-u mecâzîsi	معشوق مجازیسی
ma-i zemzem	ماء زمزم
maa'l-memnuniye	مع الممنونیه
maa'l-memnûniye	مع الممنونیه
maa-haza	مع هذا
maa-hâzâ	مع هذا
maal-iftihar	مع الافتخار
maal-iftihâr	مع الافتخار
maarif dairesi	معارف دائرهسی
maarif vekili	معارف وكیلی
maarif-i ilahiye	معارف الهیه
madde-i esiriye	مادّهٔ اثیریه
madde-i esiriyeden	مادّهٔ اثیریهدن
madde-i esîriye	مادّهٔ اثیریه
madde-i esîriyeden	مادّهٔ اثیریهدن
madde-i hayat	مادّهٔ حیات
madde-i latifenin	مادّهٔ لطیفهنڭ
madde-i latîfenin	مادّهٔ لطیفهنڭ
maddi-ma'nevi	مادّی معنوی
maddî-ma'nevî	مادّی معنوی
madem ki	مادامكه
mahall-i iman	محل ایمان
mahall-i saadet	محلّ سعادت
mahall-i taalluk-u kudret	محل تعلّق قدرت
mahall-i îmân	محل ایمان
mahbub-u baki'nin	محبوب باقینڭ
mahbub-u baki'ye	محبوب باقی یه
mahbub-u cansın	محبوب جانسڭ
mahbub-u ezeli'nin	محبوب ازلینڭ
mahbub-u ezeli'yi	محبوب ازلی یی
mahbub-u hakiki	محبوب حقیقی
mahbub-u ins ü canı	محبوب انس و جانی
mahbub-u layezal'in	محبوب لا یزالڭ
mahbub-u layezali'yi	محبوب لا یزالی یی
mahbub-u mutlak	محبوب مطلق
mahbub-u zişan	محبوب ذی شان
mahbuslara da	محبوسلره ده
mahbûb-u bâkî'nin	محبوب باقینڭ
mahbûb-u bâkî'ye	محبوب باقی یه
mahbûb-u cansın	محبوب جانسڭ
mahbûb-u ezelî'nin	محبوب ازلینڭ
mahbûb-u ezelî'yi	محبوب ازلی یی
mahbûb-u hakîkî	محبوب حقیقی
mahbûb-u ins ü cânı	محبوب انس و جانی
mahbûb-u lâyezâl'in	محبوب لا یزالڭ
mahbûb-u lâyezâlî'yi	محبوب لا یزالی یی
mahbûb-u mutlak	محبوب مطلق
mahbûb-u zîşân	محبوب ذی شان
mahbûslara da	محبوسلره ده
mahiyet-i camiasında	ماهیّت جامعهسنده
mahiyet-i camiasının	ماهیّت جامعهسنڭ
mahiyet-i eşya	ماهیّت اشیا
mahiyet-i hakikiyesini	ماهیّت حقیقیهسنی
mahiyet-i insaniye	ماهیّت انسانیه
mahiyet-i insaniyedeki	ماهیّت انسانیهدهكی
mahiyet-i insaniyenin	ماهیّت انسانیهنڭ
mahiyet-i kudsiyesi	ماهیت قدسیهسی
mahiyet-i ma'neviyesinin	ماهیّت معنویهسنڭ
mahiyet-i mücerredenin	ماهیت مجرّدهنڭ
mahiyetini de	ماهیّتنی ده
mahkeme de	محكمه ده
mahkeme-i adilesinde	محكمهٔ عادلهسنده
mahkeme-i aliyenize	محكمهٔ عالیهڭزه
mahkeme-i kübra	محكمهٔ كبرا
mahkeme-i kübra'da	محكمهٔ كبراده
mahkeme-i kübra'ya	محكمهٔ كبرایه
mahkeme-i kübra-yı haşirde	محكمهٔ كبرای حشرده
mahkeme-i kübrada	محكمهٔ كبراده
mahkeme-i kübralarında	محكمهٔ كبرالرنده
mahkeme-i kübraya	محكمهٔ كبرایه
mahkeme-i kübrâ	محكمهٔ كبرا
mahkeme-i kübrâ'da	محكمهٔ كبراده
mahkeme-i kübrâ'ya	محكمهٔ كبرایه
mahkeme-i kübrâ-yı haşirde	محكمهٔ كبرای حشرده
mahkeme-i kübrâda	محكمهٔ كبراده
mahkeme-i kübrâlarında	محكمهٔ كبرالرنده
mahkeme-i kübrâya	محكمهٔ كبرایه
mahkeme-i temyiz	محكمهٔ تمییز
mahkeme-i temyizde	محكمهٔ تمییزده
mahkeme-i temyize	محكمهٔ تمییزه
mahkeme-i temyizin	محكمهٔ تمییزڭ
mahkeme-i temyîz	محكمهٔ تمییز
mahkeme-i temyîzde	محكمهٔ تمییزده
mahkeme-i temyîze	محكمهٔ تمییزه
mahkeme-i temyîzin	محكمهٔ تمییزڭ
mahkeme-i âdilesinde	محكمهٔ عادلهسنده
mahkeme-i âliyenize	محكمهٔ عالیهڭزه
mahkemelerde de	محكمهلرده ده
mahkum-u mutlak	محكوم مطلق
mahkûm-u mutlak	محكوم مطلق
mahlukat-ı arziyenin	مخلوقات ارضیهنڭ
mahlukat-ı semaviyenin	مخلوقات سماویهنڭ
mahlûkāt-ı arziyenin	مخلوقات ارضیهنڭ
mahlûkāt-ı semâviyenin	مخلوقات سماویهنڭ
mahz-ı adalet	محض عدالت
mahz-ı adâlet	محض عدالت
mahz-ı hak	محض حق
mahz-ı hakikat	محض حقیقت
mahz-ı hakîkat	محض حقیقت
mahz-ı hikmettir	محض حكمتدر
mahz-ı rahmet	محض رحمت
mahz-ı vahşet	محض وحشت
mahzen-i mu'cizat	مخزن معجزات
mahzen-i mu'cizât	مخزن معجزات
mahşer-i acaib	محشر عجائب
mahşer-i acâib	محشر عجائب
mahşer-i huveynat	محشر حوینات
mahşer-i huveynât	محشر حوینات
maişet-i hakikat	معیشت حقیقت
makam-ı cifri	مقام جفری
makam-ı cifrisi	مقام جفریسی
makam-ı cifrisiyle	مقام جفریسیله
makam-ı cifrî	مقام جفری
makam-ı cifrîsi	مقام جفریسی
makam-ı cifrîsiyle	مقام جفریسیله
makam-ı ebcedi	مقام ابجدی
makam-ı ebcedileri	مقام ابجدیلری
makam-ı ebcedisi	مقام ابجدیسی
makam-ı ebcedisine	مقام ابجدیسنه
makam-ı ebcedisinin	مقام ابجدیسنڭ
makam-ı ebcedisiyle	مقام ابجدیسیله
makam-ı ebcediyle	مقام ابجدیله
makam-ı ebcedî	مقام ابجدی
makam-ı ebcedîleri	مقام ابجدیلری
makam-ı ebcedîsi	مقام ابجدیسی
makam-ı ebcedîsine	مقام ابجدیسنه
makam-ı ebcedîsinin	مقام ابجدیسنڭ
makam-ı ebcedîsiyle	مقام ابجدیسیله
makam-ı hürmet	مقام حرمت
makam-ı iddia	مقام ادّعا
makam-ı iddianın	مقام ادّعانڭ
makam-ı iddiâ	مقام ادّعا
makam-ı iddiânın	مقام ادّعانڭ
makam-ı istima'da	مقام استماعده
makam-ı istimâ'da	مقام استماعده
makam-ı kudsisi	مقام قدسیسی
makam-ı kudsîsi	مقام قدسیسی
makam-ı mahmud	مقام محمود
makam-ı mahmûd	مقام محمود
makam-ı nübüvvete	مقام نبوّته
makam-ı tevhidde	مقام توحیدده
makam-ı tevhîdde	مقام توحیدده
makamat-ı aliyeye	مقامات عالیهیه
makamât-ı âliyeye	مقامات عالیهیه
makamıyla da	مقامیله ده
makarr-ı saltanat-ı ebediyesinde	مقرّ سلطنت ابدیهسنده
makarr-ı ulema	مقرّ علما
makarr-ı ulemâ	مقرّ علما
makasıd-ı aliye-i ilahiyenin	مقاصد عالیهٔ الهیّهنڭ
makasıd-ı aliyesini	مقاصد عالیهسنی
makasıd-ı esasiye	مقاصد اساسیه
makasıd-ı ilahiye	مقاصد الهیّه
makasıd-ı ilahiyesini	مقاصد الهیهسنی
makasıd-ı ilahiyeyi	مقاصد الهیهیی
makasıd-ı irşadiye-i kur'aniyeyi	مقاصد ارشادیهٔ قرآنیهیی
makasıd-ı kur'aniye	مقاصد قرآنیه
makasıd-ı rabbaniyenin	مقاصد ربّانیهنڭ
makasıd-ı rububiyetine	مقاصد ربوبیتنه
makine-i vücudunu	ماكینهٔ وجودینی
makine-i vücûdunu	ماكینهٔ وجودینی
maksad-ı asli	مقصد اصلی
maksad-ı aslî	مقصد اصلی
maksad-ı dünyevi	مقصد دنیوی
maksad-ı dünyevî	مقصد دنیوی
maksud-u bizzat	مقصود بالذّات
maksûd-u bizzât	مقصود بالذّات
makāsıd-ı esâsiye	مقاصد اساسیه
makāsıd-ı ilâhiye	مقاصد الهیّه
makāsıd-ı ilâhiyesini	مقاصد الهیهسنی
makāsıd-ı ilâhiyeyi	مقاصد الهیهیی
makāsıd-ı irşâdiye-i kur'âniyeyi	مقاصد ارشادیهٔ قرآنیهیی
makāsıd-ı kur'âniye	مقاصد قرآنیه
makāsıd-ı rabbâniyenin	مقاصد ربّانیهنڭ
makāsıd-ı rubûbiyetine	مقاصد ربوبیتنه
makāsıd-ı âliye-i ilâhiyenin	مقاصد عالیهٔ الهیّهنڭ
makāsıd-ı âliyesini	مقاصد عالیهسنی
malik-i ebedi'si	مالك ابدیسی
malik-i hakiki	مالك حقیقی
malik-i hakiki'nin	مالك حقیقینڭ
malik-i hakiki'sine	مالك حقیقیسنه
malik-i kerim'i	مالك كریمی
malik-i zülcelal'in	مالك ذوالجلالڭ
maliki de	مالكی ده
malikü'l-mülk	مالك الملك
malikü'l-mülk'e	مالك الملكه
malikü'l-mülk'ün	مالك الملكڭ
manzume-i şemsiye	منظومهٔ شمسیه
manzume-i şemsiyeden	منظومهٔ شمسیهدن
manzume-i şemsiyenin	منظومهٔ شمسیهنڭ
manzume-i şemsiyeye	منظومهٔ شمسیهیه
manzume-i şemsiyeyi	منظومهٔ شمسیهیی
manzûme-i şemsiye	منظومهٔ شمسیه
manzûme-i şemsiyeden	منظومهٔ شمسیهدن
manzûme-i şemsiyenin	منظومهٔ شمسیهنڭ
manzûme-i şemsiyeye	منظومهٔ شمسیهیه
manzûme-i şemsiyeyi	منظومهٔ شمسیهیی
marangoz ahmed	مارانغوز احمد
marangoz ahmed'in	مارانغوز احمدڭ
maraz-ı kalbe	مرض قلبه
maraz-ı ruhi	مرض روحی
maraz-ı rûhî	مرض روحی
marzi-i ilahi	مرضئ الهی
marzî-i ilâhî	مرضئ الهی
masnu'-u vahidi	مصنوع واحدی
masnuat-ı ilahiyenin	مصنوعات الهیهنڭ
masnuat-ı ilahiyeye	مصنوعات الهیهیه
masnû'-u vâhidi	مصنوع واحدی
masnûât-ı ilâhiyenin	مصنوعات الهیهنڭ
masnûât-ı ilâhiyeye	مصنوعات الهیهیه
matbaaları mı	مطبعهلریمی
matbah-ı rabbani	مطبخ ربّانی
matbah-ı rabbânî	مطبخ ربّانی
matbaha-i kudretten	مطبخهٔ قدرتدن
matem-i umumi	ماتم عمومی
matemhane-i umumi	ماتمخانهٔ عمومی
matemhane-i umumidir	ماتمخانهٔ عمومیدر
mazhar-ı enbiya	مظهر انبیا
mazhar-ı enbiyâ	مظهر انبیا
mazhar-ı i'cazından	مظهر اعجازندن
mazhar-ı i'câzından	مظهر اعجازندن
mazhar-ı rahmet-i alem	مظهر رحمت عالم
mazhar-ı rahmet-i âlem	مظهر رحمت عالم
mazhar-ı şefaat	مظهر شفاعت
mazhar-ı şefâat	مظهر شفاعت
mazhardır ki	مظهردركه
mazhardırlar ki	مظهردرلركه
maârif dâiresi	معارف دائرهسی
maârif vekîli	معارف وكیلی
maârif-i ilâhiye	معارف الهیه
maîşet-i hakîkat	معیشت حقیقت
maşrık-ı nuru	مشرق نوری
maşrık-ı nûru	مشرق نوری
me'mur-u ilahi	مأمور الهی
me'mur-u musahharı	مأمور مسخّری
me'mûr-u ilâhî	مأمور الهی
me'mûr-u musahharı	مأمور مسخّری
meal-i gaybisi	مأل غیبیسی
meal-i icmali	مأل اجمالی
meal-i icmalisine	مأل اجمالیسنه
mebde' ve meadı	مبدأ و معادی
mebde' ve meâdı	مبدأ و معادی
mebde'-i hareketinde	مبدأ حركتنده
mebde'-i hilkatimin	مبدأ خلقتمڭ
mecburiyet-i kat'iye	مجبوریت قطعیه
mecbûriyet-i kat'iye	مجبوریت قطعیه
meclis-i meb'usan	مجلس مبعوثان
meclis-i meb'usan'a	مجلس مبعوثانه
meclis-i meb'ûsân	مجلس مبعوثان
meclis-i meb'ûsân'a	مجلس مبعوثانه
meclis-i münevver	مجلس منوّر
meclis-i tehlil	مجلس تهلیل
meclis-i tehlîl	مجلس تهلیل
mecma'-ı ahbab	مجمع احباب
mecma'-ı ahbâb	مجمع احباب
mecma'-ı hakaik	مجمع حقائق
mecma'-ı hakāik	مجمع حقائق
mecma'-ı nas	مجمع ناس
mecma'-ı nâs	مجمع ناس
mecmu'-u adedi	مجموع عددی
mecmu'-u adedine	مجموع عددینه
mecmu'-u aleme	مجموع عالمه
mecmu'-u cesedin	مجموع جسدڭ
mecmu'-u hurufu	مجموع حروفی
mecmu'-u kainatı	مجموع كائناتی
mecmu'-u kur'an'da	مجموع قرآنده
mecmu'-u ziyasındaki	مجموع ضیاسندهكی
mecmua-i kainat	مجموعهٔ كائنات
mecmua-i kavanin-i adat-ı ilahiyeyi	مجموعهٔ قوانین عادات الهیهیی
mecmua-i kavanini	مجموعهٔ قوانینی
mecmuatü'l-ahzab'da	مجموعة الاحزابده
mecmuatü'l-ahzab'ın	مجموعة الاحزابڭ
mecmû'-u adedi	مجموع عددی
mecmû'-u adedine	مجموع عددینه
mecmû'-u cesedin	مجموع جسدڭ
mecmû'-u hurûfu	مجموع حروفی
mecmû'-u kur'ân'da	مجموع قرآنده
mecmû'-u kâinâtı	مجموع كائناتی
mecmû'-u ziyâsındaki	مجموع ضیاسندهكی
mecmû'-u âleme	مجموع عالمه
mecmûa-i kavânîn-i âdât-ı ilâhiyeyi	مجموعهٔ قوانین عادات الهیهیی
mecmûa-i kavânîni	مجموعهٔ قوانینی
mecmûa-i kâinât	مجموعهٔ كائنات
mecmûatü'l-ahzâb'da	مجموعة الاحزابده
mecmûatü'l-ahzâb'ın	مجموعة الاحزابڭ
mecra-yı nur	مجرای نور
mecra-yı tabiisi	مجرای طبیعیسی
mecrâ-yı nûr	مجرای نور
mecrâ-yı tabîîsi	مجرای طبیعیسی
medar-ı azab	مدار عذاب
medar-ı bahis	مدار بحث
medar-ı bahsi	مدار بحثی
medar-ı bereket	مدار بركت
medar-ı beyan	مدار بیان
medar-ı fahr	مدار فخر
medar-ı fahri	مدار فخری
medar-ı gam	مدار غم
medar-ı gıybet	مدار غیبت
medar-ı hamd	مدار حمد
medar-ı hayret	مدار حیرت
medar-ı hayrettir ki	مدار حیرتدركه
medar-ı i'tiraz	مدار اعتراض
medar-ı ibret	مدار عبرت
medar-ı iftihar	مدار افتخار
medar-ı iftiharları	مدار افتخارلری
medar-ı iftiharı	مدار افتخاری
medar-ı iftiharıdır	مدار افتخاریدر
medar-ı ihtilaf	مدار اختلاف
medar-ı iltibas	مدار التباس
medar-ı imtiyazına	مدار امتیازینه
medar-ı inkişafı	مدار انكشافی
medar-ı istifade	مدار استفاده
medar-ı istinad	مدار استناد
medar-ı itham	مدار اتهام
medar-ı ithamımız	مدار اتهاممز
medar-ı maişet	مدار معیشت
medar-ı merak	مدار مراق
medar-ı mes'uliyet	مدار مسئولیت
medar-ı münakaşa	مدار مناقشه
medar-ı nazar	مدار نظر
medar-ı nazardır	مدار نظردر
medar-ı nazarı	مدار نظری
medar-ı necat	مدار نجات
medar-ı niza'	مدار نزاع
medar-ı rahat	مدار راحت
medar-ı saadet	مدار سعادت
medar-ı saadeti	مدار سعادتی
medar-ı senevisi	مدار سنویسی
medar-ı senevisinde	مدار سنویسنده
medar-ı sevab	مدار ثواب
medar-ı sual	مدار سؤآل
medar-ı sürur	مدار سرور
medar-ı sürurları	مدار سرورلری
medar-ı teessüftür ki	مدار تأسّفدركه
medar-ı teklif	مدار تكلیف
medar-ı tenkid	مدار تنقید
medar-ı teselli	مدار تسلّی
medar-ı tesellilerim	مدار تسلّیلرم
medar-ı tesellim	مدار تسلّیم
medar-ı tesellimiz	مدار تسلّیمز
medar-ı tesellisi	مدار تسلّیسی
medar-ı teşvik	مدار تشویق
medar-ı şefkat	مدار شفقت
medar-ı şeref	مدار شرف
medar-ı şerefi	مدار شرفی
medar-ı şükran	مدار شكران
medar-ı şükrandır	مدار شكراندر
meded-res	مددرس
medeniyet-i beşeriye	مدنیت بشریه
medeniyet-i beşeriyeyi	مدنیّت بشریهیی
medeniyet-i hazıra	مدنیت حاضره
medeniyet-i hâzıra	مدنیت حاضره
medeniyet-i sefihe	مدنیّت سفیهه
medeniyet-i sefihenin	مدنیت سفیههنڭ
medeniyet-i sefîhe	مدنیّت سفیهه
medeniyet-i sefîhenin	مدنیت سفیههنڭ
medh ü sena	مدح و ثنا
medh ü senalar	مدح و ثنالر
medh ü senasına	مدح و ثناسنه
medh ü senasını	مدح و ثناسنی
medh ü senayı	مدح و ثنایی
medh ü senâ	مدح و ثنا
medh ü senâlar	مدح و ثنالر
medh ü senâsına	مدح و ثناسنه
medh ü senâsını	مدح و ثناسنی
medh ü senâyı	مدح و ثنایی
medine-i münevvere	مدینهٔ منوّره
medine-i münevvere'de	مدینهٔ منوّرهده
medine-i münevvere'nin	مدینهٔ منوّرهنڭ
medine-i münevvere'ye	مدینهٔ منوّرهیه
medrese-i nuraniyeden	مدرسهٔ نورانیهدن
medrese-i nuriye	مدرسهٔ نوریه
medrese-i nuriye'de	مدرسهٔ نوریهده
medrese-i nuriyedeki	مدرسهٔ نوریهدهكی
medrese-i nuriyelerine	مدرسهء نوریهلرینه
medrese-i nuriyenin	مدرسهٔ نوریهنڭ
medrese-i nuriyesi	مدرسهٔ نوریهسی
medrese-i nuriyesi'nde	مدرسهٔ نوریهسنده
medrese-i nuriyesi'nin	مدرسهٔ نوریهسنڭ
medrese-i nuriyeye	مدرسهٔ نوریهیه
medrese-i nuriyeyi	مدرسهٔ نوریهیی
medrese-i nûriye	مدرسهٔ نوریه
medrese-i nûriye'de	مدرسهٔ نوریهده
medrese-i nûriyedeki	مدرسهٔ نوریهدهكی
medrese-i nûriyelerine	مدرسهء نوریهلرینه
medrese-i nûriyenin	مدرسهٔ نوریهنڭ
medrese-i nûriyesi	مدرسهٔ نوریهسی
medrese-i nûriyesi'nde	مدرسهٔ نوریهسنده
medrese-i nûriyesi'nin	مدرسهٔ نوریهسنڭ
medrese-i nûriyeye	مدرسهٔ نوریهیه
medrese-i nûriyeyi	مدرسهٔ نوریهیی
medrese-i nûrâniyeden	مدرسهٔ نورانیهدن
medrese-i yusufiye	مدرسهٔ یوسفیه
medrese-i yusufiye'de	مدرسهٔ یوسفیّهده
medrese-i yusufiye'deki	مدرسهٔ یوسفیّهدهكی
medrese-i yusufiye'nin	مدرسهٔ یوسفیّهنڭ
medrese-i yusufiye'ye	مدرسهٔ یوسفیهیه
medrese-i yusufiyede	مدرسهٔ یوسفیّهده
medrese-i yusufiyesine	مدرسهٔ یوسفیّهسنه
medrese-i yusufiyesinin	مدرسهٔ یوسفیّهسنڭ
medrese-i yûsufiye	مدرسهٔ یوسفیه
medrese-i yûsufiye'de	مدرسهٔ یوسفیّهده
medrese-i yûsufiye'deki	مدرسهٔ یوسفیّهدهكی
medrese-i yûsufiye'nin	مدرسهٔ یوسفیّهنڭ
medrese-i yûsufiye'ye	مدرسهٔ یوسفیهیه
medrese-i yûsufiyede	مدرسهٔ یوسفیّهده
medrese-i yûsufiyesine	مدرسهٔ یوسفیّهسنه
medrese-i yûsufiyesinin	مدرسهٔ یوسفیّهسنڭ
medresetü'z-zehra	مدرسة الزّهرا
medresetü'z-zehra'dan	مدرسة الزّهرادن
medresetü'z-zehra'nın	مدرسة الزّهرانڭ
medresetü'z-zehra'sında	مدرسة الزّهراسنده
medresetü'z-zehra'ya	مدرسة الزّهرایه
medresetü'z-zehra'yı	مدرسة الزّهرایی
medresetü'z-zehrası'nın	مدرسة الزّهراسنڭ
medresetü'z-zehrâ	مدرسة الزّهرا
medresetü'z-zehrâ'dan	مدرسة الزّهرادن
medresetü'z-zehrâ'nın	مدرسة الزّهرانڭ
medresetü'z-zehrâ'sında	مدرسة الزّهراسنده
medresetü'z-zehrâ'ya	مدرسة الزّهرایه
medresetü'z-zehrâ'yı	مدرسة الزّهرایی
medresetü'z-zehrâsı'nın	مدرسة الزّهراسنڭ
medyun-u şükran	مدیون شكران
medyûn-u şükrân	مدیون شكران
medâr-ı azâb	مدار عذاب
medâr-ı bahis	مدار بحث
medâr-ı bahsi	مدار بحثی
medâr-ı bereket	مدار بركت
medâr-ı beyân	مدار بیان
medâr-ı fahr	مدار فخر
medâr-ı fahri	مدار فخری
medâr-ı gam	مدار غم
medâr-ı gıybet	مدار غیبت
medâr-ı hamd	مدار حمد
medâr-ı hayret	مدار حیرت
medâr-ı hayrettir ki	مدار حیرتدركه
medâr-ı i'tirâz	مدار اعتراض
medâr-ı ibret	مدار عبرت
medâr-ı iftihâr	مدار افتخار
medâr-ı iftihârları	مدار افتخارلری
medâr-ı iftihârı	مدار افتخاری
medâr-ı iftihârıdır	مدار افتخاریدر
medâr-ı ihtilâf	مدار اختلاف
medâr-ı iltibâs	مدار التباس
medâr-ı imtiyâzına	مدار امتیازینه
medâr-ı inkişâfı	مدار انكشافی
medâr-ı istifâde	مدار استفاده
medâr-ı istinâd	مدار استناد
medâr-ı ithâm	مدار اتهام
medâr-ı ithâmımız	مدار اتهاممز
medâr-ı maîşet	مدار معیشت
medâr-ı merâk	مدار مراق
medâr-ı mes'ûliyet	مدار مسئولیت
medâr-ı münâkaşa	مدار مناقشه
medâr-ı nazar	مدار نظر
medâr-ı nazardır	مدار نظردر
medâr-ı nazarı	مدار نظری
medâr-ı necât	مدار نجات
medâr-ı nizâ'	مدار نزاع
medâr-ı rahat	مدار راحت
medâr-ı saadeti	مدار سعادتی
medâr-ı saâdet	مدار سعادت
medâr-ı senevîsi	مدار سنویسی
medâr-ı senevîsinde	مدار سنویسنده
medâr-ı sevâb	مدار ثواب
medâr-ı suâl	مدار سؤآل
medâr-ı sürûr	مدار سرور
medâr-ı sürûrları	مدار سرورلری
medâr-ı teessüftür ki	مدار تأسّفدركه
medâr-ı teklîf	مدار تكلیف
medâr-ı tenkîd	مدار تنقید
medâr-ı teselli	مدار تسلّی
medâr-ı tesellilerim	مدار تسلّیلرم
medâr-ı tesellim	مدار تسلّیم
medâr-ı tesellimiz	مدار تسلّیمز
medâr-ı tesellisi	مدار تسلّیسی
medâr-ı teşvîk	مدار تشویق
medâr-ı şefkat	مدار شفقت
medâr-ı şeref	مدار شرف
medâr-ı şerefi	مدار شرفی
medâr-ı şükrân	مدار شكران
medâr-ı şükrândır	مدار شكراندر
medîne-i münevvere	مدینهٔ منوّره
medîne-i münevvere'de	مدینهٔ منوّرهده
medîne-i münevvere'nin	مدینهٔ منوّرهنڭ
medîne-i münevvere'ye	مدینهٔ منوّرهیه
mefhum-u muhalif	مفهوم مخالف
mefhum-u muhalifiyle	مفهوم مخالفیله
mefhum-u muvafık	مفهوم موافق
mefhûm-u muhâlif	مفهوم مخالف
mefhûm-u muhâlifiyle	مفهوم مخالفیله
mefhûm-u muvâfık	مفهوم موافق
meh-i taban	مه تابان
meh-i tâbân	مه تابان
mehasin-i ahlakın	محاسن اخلاقڭ
mehasin-i medeniyet	محاسن مدنیت
mehasin-i medeniyeti	محاسن مدنیّتی
mehdi-i abbasi	مهدئ عبّاسی
mehdi-i muntazar	مهدئ منتظر
mehdî-i abbâsî	مهدئ عبّاسی
mehdî-i muntazar	مهدئ منتظر
mehmed akif	محمد عاكف
mehmed ali	محمد علی
mehmed alî	محمد علی
mehmed celal	محمد جلال
mehmed celâl	محمد جلال
mehmed efendi	محمد افندی
mehmed feyzi	محمد فیضی
mehmed feyzi efendi	محمد فیضی افندی
mehmed feyzi'nin	محمد فیضینڭ
mehmed feyzî	محمد فیضی
mehmed feyzî efendi	محمد فیضی افندی
mehmed feyzî'nin	محمد فیضینڭ
mehmed zühdü	محمد زهدی
mehmed zühdü'nün	محمد زهدینڭ
mehmed zühdü'ye	محمد زهدی یه
mehmed âkif	محمد عاكف
mehmed çalışkan	محمد چالیشقان
mehmed çavuş	محمد چاووش
mehmed çavuş'un	محمد چاووشڭ
mehâsin-i ahlâkın	محاسن اخلاقڭ
mehâsin-i medeniyet	محاسن مدنیت
mehâsin-i medeniyeti	محاسن مدنیّتی
mekke-i mükerreme	مكّهٔ مكرّمه
mekke-i mükerreme'de	مكّهٔ مكرّمهده
mekteb-i irfan	مكتب عرفان
mekteb-i irfanının	مكتب عرفاننڭ
mekteb-i irfân	مكتب عرفان
mekteb-i irfânının	مكتب عرفاننڭ
mekteb-i musibet	مكتب مصیبت
mekteb-i musîbet	مكتب مصیبت
mektub da	مكتوب ده
mektub ki	مكتوبكه
mektub-u samedani	مكتوب صمدانی
mektubat-ı rabbaniye	مكتوبات ربّانیه
mektubat-ı samedaniye	مكتوبات صمدانیه
mektubat-ı samedaniyenin	مكتوبات صمدانیهنڭ
mektubat-ı samedaniyeyi	مكتوبات صمدانیهیی
mektubatü'n-nur	مكتوبات النّور
mektubatü'n-nur'un	مكتوبات النّورڭ
mektubları da	مكتوبلری ده
mektubu da	مكتوبی ده
mektubun da	مكتوبڭ ده
mektubunu da	مكتوبنی ده
mektûb da	مكتوب ده
mektûb ki	مكتوبكه
mektûb-u samedânî	مكتوب صمدانی
mektûbları da	مكتوبلری ده
mektûbu da	مكتوبی ده
mektûbun da	مكتوبڭ ده
mektûbunu da	مكتوبنی ده
mektûbât-ı rabbâniye	مكتوبات ربّانیه
mektûbât-ı samedâniye	مكتوبات صمدانیه
mektûbât-ı samedâniyenin	مكتوبات صمدانیهنڭ
mektûbât-ı samedâniyeyi	مكتوبات صمدانیهیی
mektûbâtü'n-nûr	مكتوبات النّور
mektûbâtü'n-nûr'un	مكتوبات النّورڭ
melaike-i mukarrebin	ملائكهٔ مقرّبین
melaikeleri de	ملائكهلری ده
mele-i a'la'nın	ملأ اعلانڭ
mele-i a'ladan	ملأ اعلادن
mele-i a'laya	ملأ اعلایه
mele-i a'lâ'nın	ملأ اعلانڭ
mele-i a'lâdan	ملأ اعلادن
mele-i a'lâya	ملأ اعلایه
melek-i ilham	ملك الهام
melek-i ilhâm	ملك الهام
melek-i müekkel	ملك مؤكّل
melek-i müekkeli	ملك مؤكّلی
melek-i natık ki	ملك ناطق كه
melek-i nâtık ki	ملك ناطق كه
melek-i ra'dın	ملك رعدڭ
melekler de	ملكلر ده
meleklerin de	ملكلرڭ ده
melekutiyet-i eşyaya	ملكوتیت اشیایه
melekûtiyet-i eşyâya	ملكوتیت اشیایه
melekü'l-bihar	ملك البحار
melekü'l-bihâr	ملك البحار
melekü'l-cibal	ملك الجبال
melekü'l-cibâl	ملك الجبال
melekü'l-emtar	ملك الامطار
melekü'l-emtâr	ملك الامطار
melâike-i mukarrebîn	ملائكهٔ مقرّبین
melâikeleri de	ملائكهلری ده
memleket-i rabbaniye	مملكت ربّانیه
memleket-i rabbaniyede	مملكت ربّانیهده
memleket-i rabbâniye	مملكت ربّانیه
memleket-i rabbâniyede	مملكت ربّانیهده
memnuniyet-i mukaddese	ممنونیّت مقدّسه
memnûniyet-i mukaddese	ممنونیّت مقدّسه
men'-i iştirak	منع اشتراك
men'-i iştirâk	منع اشتراك
menabi'-i külliyeden	منابع كلّیهدن
menafi'-i cüz'iyenin	منافع جزئیّهنڭ
menahic-i hukema	مناهج حكما
menba'-ı acaib	منبع عجائب
menba'-ı acâib	منبع عجائب
menba'-ı envardır	منبع انواردر
menba'-ı envârdır	منبع انواردر
menba'-ı hak	منبع حق
menba'-ı hakaik	منبع حقائق
menba'-ı hakikisi	منبع حقیقیسی
menba'-ı hakîkîsi	منبع حقیقیسی
menba'-ı hakāik	منبع حقائق
menba'-ı hayat	منبع حیات
menba'-ı hayât	منبع حیات
menba'-ı kemalat	منبع كمالات
menba'-ı kemâlât	منبع كمالات
menba'-ı nur	منبع نور
menba'-ı nûr	منبع نور
menfaat-i maddiye	منفعت مادّیه
menfaat-i uhreviye	منفعت اخرویه
menfaat-i umumiye	منفعت عمومیه
menfaat-i umûmiye	منفعت عمومیه
menfaati de	منفعتی ده
menfi milliyet	منفی ملّیت
menfî milliyet	منفی ملّیت
menâbi'-i külliyeden	منابع كلّیهدن
menâfi'-i cüz'iyenin	منافع جزئیّهنڭ
menâhic-i hukemâ	مناهج حكما
menşur-u hakikatinde	منشور حقیقتنده
menşur-u kur'andır	منشور قرآندر
menşûr-u hakîkatinde	منشور حقیقتنده
menşûr-u kur'ândır	منشور قرآندر
merak da	مراق ده
merak-aver	مراق آور
meratib-i delalat	مراتب دلالات
meratib-i ihsan	مراتب احسان
meratib-i imaniye	مراتب ایمانیه
meratib-i imaniyede	مراتب ایمانیهده
meratib-i kemalatta	مراتب كمالاتده
meratib-i külliyeden	مراتب كلّیهدن
meratib-i muhabbet	مراتب محبّت
meratib-i tevhidi	مراتب توحیدی
meraya-yı mevcudatta	مرایای موجوداتده
merhamet-i ilahiye	مرحمت الهیّه
merhamet-i ilahiyeden	مرحمت الهیهدن
merhamet-i ilahiyenin	مرحمت الهیّهنڭ
merhamet-i ilahiyeye	مرحمت الهیهیه
merhamet-i ilâhiye	مرحمت الهیّه
merhamet-i ilâhiyeden	مرحمت الهیهدن
merhamet-i ilâhiyenin	مرحمت الهیّهنڭ
merhamet-i ilâhiyeye	مرحمت الهیهیه
merhamet-i umumiye-i ilahiyeden	مرحمت عمومیهٔ الهیهدن
merhamet-i umûmiye-i ilâhiyeden	مرحمت عمومیهٔ الهیهدن
merhum abdurrahman'ın	مرحوم عبد الرّحمنڭ
merhum hafız ali	مرحوم حافظ علی
merhum hafız mehmed'in	مرحوم حافظ محمدڭ
merhum lütfü'nün	مرحوم لطفینڭ
merhumeyi de	مرحومهیی ده
merhumu da	مرحومی ده
merhûm abdurrahmân'ın	مرحوم عبد الرّحمنڭ
merhûm hâfız alî	مرحوم حافظ علی
merhûm hâfız mehmed'in	مرحوم حافظ محمدڭ
merhûm lütfü'nün	مرحوم لطفینڭ
merhûmeyi de	مرحومهیی ده
merkez-i hilafet	مركز خلافت
merkez-i hilâfet	مركز خلافت
merkez-i hükumet	مركز حكومت
merkez-i hükumet-i islamiye	مركز حكومت اسلامیّه
merkez-i hükumetin	مركز حكومتڭ
merkez-i hükumette	مركز حكومتده
merkez-i hükûmet	مركز حكومت
merkez-i hükûmet-i islâmiye	مركز حكومت اسلامیّه
merkez-i hükûmetin	مركز حكومتڭ
merkez-i hükûmette	مركز حكومتده
merkez-i intişarı	مركز انتشاری
merkez-i intişârı	مركز انتشاری
merkez-i irtibatı	مركز ارتباطی
merkez-i irtibâtı	مركز ارتباطی
mertebe-i a'zamından	مرتبهٔ اعظمندن
mertebe-i belagati	مرتبهٔ بلاغتی
mertebe-i belâgati	مرتبهٔ بلاغتی
mertebe-i ilmiyede	مرتبهٔ علمیهده
mertebe-i imanından	مرتبهٔ ایمانندن
mertebe-i ma'rifete	مرتبهٔ معرفته
mertebe-i muvaffakiyet	مرتبهٔ موفّقیّت
mertebe-i nuriye-i hasbiye	مرتبهٔ نوریّهٔ حسبیّه
mertebe-i nûriye-i hasbiye	مرتبهٔ نوریّهٔ حسبیّه
mertebe-i tevhid-i rububiyet	مرتبهٔ توحید ربوبیت
mertebe-i tevhidi	مرتبهٔ توحیدی
mertebe-i tevhîd-i rubûbiyet	مرتبهٔ توحید ربوبیت
mertebe-i tevhîdi	مرتبهٔ توحیدی
mertebe-i velayete	مرتبهٔ ولایته
mertebe-i velâyete	مرتبهٔ ولایته
mertebe-i îmânından	مرتبهٔ ایمانندن
mertebesi de	مرتبهسی ده
merâk da	مراق ده
merâk-âver	مراق آور
merâtib-i delâlât	مراتب دلالات
merâtib-i ihsân	مراتب احسان
merâtib-i kemâlâtta	مراتب كمالاتده
merâtib-i külliyeden	مراتب كلّیهدن
merâtib-i muhabbet	مراتب محبّت
merâtib-i tevhîdi	مراتب توحیدی
merâtib-i îmâniye	مراتب ایمانیه
merâtib-i îmâniyede	مراتب ایمانیهده
merâyâ-yı mevcûdâtta	مرایای موجوداتده
mes'ele de	مسئله ده
mes'ele ki	مسئلهكه
mes'ele-i imaniyenin	مسئلهٔ ایمانیهنڭ
mes'ele-i imaniyeyi	مسئلهٔ ایمانیهیی
mes'ele-i insaniye	مسئلهٔ انسانیه
mes'ele-i kudsiyesi	مسئلهٔ قدسیهسی
mes'ele-i mühimme	مسئلهٔ مهمّه
mes'ele-i mühimmedir	مسئلهٔ مهمّهدر
mes'ele-i nuraniyesi	مسئلهٔ نورانیهسی
mes'ele-i nûraniyesi	مسئلهٔ نورانیهسی
mes'ele-i îmâniyenin	مسئلهٔ ایمانیهنڭ
mes'ele-i îmâniyeyi	مسئلهٔ ایمانیهیی
mesail-i imaniye	مسائل ایمانیه
mesail-i imaniyede	مسائل ایمانیهده
mesail-i imaniyeden	مسائل ایمانیهدن
mesail-i imaniyeye	مسائل ایمانیهیه
mesail-i imaniyeyi	مسائل ایمانیهیی
mesail-i kevniyenin	مسائل كونیهنڭ
mesail-i müteferrikasında	مسائل متفرّقهسنده
mescid-i aksa'ya	مسجد اقصایه
mescid-i aksâ'ya	مسجد اقصایه
mescid-i ekber	مسجد اكبر
mescid-i haram'dan	مسجد حرامدن
mescid-i harâm'dan	مسجد حرامدن
mescid-i seyyar	مسجد سیّار
mescid-i seyyâr	مسجد سیّار
meslek-i hakikate	مسلك حقیقته
meslek-i hakîkate	مسلك حقیقته
mesnevi-i şerif	مثنوئ شریف
mesnevî-i şerîf	مثنوئ شریف
mesâil-i kevniyenin	مسائل كونیهنڭ
mesâil-i müteferrikasında	مسائل متفرّقهسنده
mesâil-i îmâniye	مسائل ایمانیه
mesâil-i îmâniyede	مسائل ایمانیهده
mesâil-i îmâniyeden	مسائل ایمانیهدن
mesâil-i îmâniyeye	مسائل ایمانیهیه
mesâil-i îmâniyeyi	مسائل ایمانیهیی
mevadd-ı hayatiye	موادّ حیاتیه
mevasim-i erbaada	مواسم اربعهده
mevcud-u harici	موجود خارجی
mevcudat-ı alem	موجودات عالم
mevcudat-ı arziyeye	موجودات ارضیهیه
mevcûd-u hâricî	موجود خارجی
mevcûdât-ı arziyeye	موجودات ارضیهیه
mevcûdât-ı âlem	موجودات عالم
mevki'-i intişara	موقع انتشاره
mevki'-i intişâra	موقع انتشاره
mevlana cami	مولانا جامی
mevlana celaleddin'in	مولانا جلال الدّینڭ
mevlana halid	مولانا خالد
mevlana halid'in	مولانا خالدڭ
mevlânâ celâleddîn'in	مولانا جلال الدّینڭ
mevlânâ câmî	مولانا جامی
mevlânâ hâlid	مولانا خالد
mevlânâ hâlid'in	مولانا خالدڭ
mevsim-be-mevsim	موسم بموسم
mevsim-i şita	موسم شتا
mevsim-i şitâ	موسم شتا
mevt-alud	موت آلود
mevt-i dünya	موت دنیا
mevt-i dünyanın	موت دنیانڭ
mevt-i dünyâ	موت دنیا
mevt-i dünyânın	موت دنیانڭ
mevt-âlûd	موت آلود
mevzu'-u bahis	موضوع بحث
mevzû'-u bahis	موضوع بحث
mevâdd-ı hayatiye	موادّ حیاتیه
mevâsim-i erbaada	مواسم اربعهده
meydan-ı cevelan	میدان جولان
meydan-ı harb	میدان حرب
meydan-ı haşir	میدان حشر
meydan-ı haşirde	میدان حشرده
meydan-ı haşre	میدان حشره
meydan-ı imtihan	میدان امتحان
meydan-ı imtihanda	میدان امتحانده
meydan-ı kıyametin	میدان قیامتڭ
meydan-ı muarazaya	میدان معارضهیه
meydan-ı tecrübe	میدان تجربه
meydân-ı cevelân	میدان جولان
meydân-ı harb	میدان حرب
meydân-ı haşir	میدان حشر
meydân-ı haşirde	میدان حشرده
meydân-ı haşre	میدان حشره
meydân-ı imtihân	میدان امتحان
meydân-ı imtihânda	میدان امتحانده
meydân-ı kıyâmetin	میدان قیامتڭ
meydân-ı muârazaya	میدان معارضهیه
meydân-ı tecrübe	میدان تجربه
meyl-i masiva	میل ماسوا
meyl-i mâsivâ	میل ماسوا
meyl-i taharri-i hakikat	میل تحرّئ حقیقت
meyl-i taharrî-i hakîkat	میل تحرّئ حقیقت
meyl-i şedidle	میل شدیدله
meyl-i şedîdle	میل شدیدله
meylü'l-istikmal	میل الاستكمال
meylü'l-istikmâl	میل الاستكمال
meylü'l-mübalağa	میل المبالغه
meylü'l-mübâlağa	میل المبالغه
meylü't-tahaddi	میل التّحدّی
meylü't-tahaddî	میل التّحدّی
meylü't-tefevvuk	میل التفوّق
meylü't-terakkinin	میل التّرقّینڭ
meylü't-terakkînin	میل التّرقّینڭ
meylü't-tevsi'	میل التّوسیع
meylü't-tevsî'	میل التّوسیع
meyve risalesi	میوه رسالهسی
meyve risâlesi	میوه رسالهسی
meyve-i baki	میوهٔ باقی
meyve-i bâkî	میوهٔ باقی
meyve-i cennet	میوهٔ جنّت
meyve-i mi'rac	میوهٔ معراج
meyve-i mi'râc	میوهٔ معراج
mezahib-i salikin	مذاهب سالكین
mezar-ı ekber	مزار اكبر
mezar-ı ekberi	مزار اكبری
mezarım ki	مزارمكه
mezaya-yı haşmeti	مزایای حشمتی
mezheb-i hanefide	مذهب حنفیده
mezheb-i hanefîde	مذهب حنفیده
meziyet-i cezalet	مزیت جزالت
meziyet-i cezâlet	مزیت جزالت
mezraa-i ahiret	مزرعهٔ آخرت
mezraa-i âhiret	مزرعهٔ آخرت
mezâhib-i sâlikîn	مذاهب سالكین
mezâr-ı ekber	مزار اكبر
mezâr-ı ekberi	مزار اكبری
mezâyâ-yı haşmeti	مزایای حشمتی
meâl-i gaybîsi	مأل غیبیسی
meâl-i icmâlî	مأل اجمالی
meâl-i icmâlîsine	مأل اجمالیسنه
meğer ki	مكركه
meşagil-i dünyeviye	مشاغل دنیویه
meşahir-i insaniyenin	مشاهیر انسانیهنڭ
meşarib-i evliya	مشارب أولیا
meşher-i a'zam-ı kainatın	مشهر اعظم كائناتڭ
meşher-i a'zam-ı kâinâtın	مشهر اعظم كائناتڭ
meşher-i acaib	مشهر عجائب
meşher-i acâib	مشهر عجائب
meşher-i san'atı	مشهر صنعتی
meşher-i sun'-u rabbani	مشهر صنع ربّانی
meşher-i sun'-u rabbânî	مشهر صنع ربّانی
meşhurdur ki	مشهوردركه
meşiet-i ilahiye	مشیئت الهیّه
meşiet-i ilahiyenin	مشیئت الهیّهنڭ
meşihat-ı islamiye	مشیخت اسلامیّه
meşveret-i şer'iye	مشورت شرعیه
meşâgil-i dünyeviye	مشاغل دنیویه
meşâhîr-i insaniyenin	مشاهیر انسانیهنڭ
meşârib-i evliyâ	مشارب أولیا
meşîet-i ilâhiye	مشیئت الهیّه
meşîet-i ilâhiyenin	مشیئت الهیّهنڭ
meşîhât-ı islâmiye	مشیخت اسلامیّه
mi'rac-ı ahmedi'nin	معراج احمدینڭؐ
mi'rac-ı azim	معراج عظیم
mi'rac-ı imandır	معراج ایماندر
mi'râc-ı ahmedî'nin	معراج احمدینڭؐ
mi'râc-ı azîm	معراج عظیم
mi'râc-ı îmândır	معراج ایماندر
miftahu'l-iman	مفتاح الایمان
miftâhu'l-îmân	مفتاح الایمان
mikdar-ı kaderi	مقدار قدری
mikdar-ı kametinde	مقدار قامتنده
mikdar-ı muayyen	مقدار معیّن
mikdâr-ı kaderî	مقدار قدری
mikdâr-ı kāmetinde	مقدار قامتنده
mikdâr-ı muayyen	مقدار معیّن
mikrop ki	میقروبكه
milaslı halil ibrahim'in	میلاسلی خلیل ابراهیمڭ
millet de	ملّت ده
millet-i islam	ملّت اسلام
millet-i islamiye	ملّت اسلامیه
millet-i islamiyenin	ملّت اسلامیهنڭ
millet-i islamiyeye	ملّت اسلامیهیه
millet-i islamiyeyi	ملّت اسلامیهیی
millet-i islâm	ملّت اسلام
millet-i islâmiye	ملّت اسلامیه
millet-i islâmiyenin	ملّت اسلامیهنڭ
millet-i islâmiyeye	ملّت اسلامیهیه
millet-i islâmiyeyi	ملّت اسلامیهیی
milyon da	میلیون ده
milâslı halîl ibrâhîm'in	میلاسلی خلیل ابراهیمڭ
mimsiz medeniyet	میمسز مدنیت
min gayr-i haddin	من غیر حدّ
minber-i şerif	منبر شریف
minber-i şerîf	منبر شریف
mir'at-ı mücellası	مرآت مجلّاسی
mir'at-ı rahmet-i alem	مرآت رحمت عالم
mir'ât-ı mücellâsı	مرآت مجلّاسی
mir'ât-ı rahmet-i âlem	مرآت رحمت عالم
mirsad-ı tefekkürdür	مرصاد تفكّردر
mirsâd-ı tefekkürdür	مرصاد تفكّردر
misafir-i rahman	مسافر رحمن
misafirhane-i dünya	مسافرخانهٔ دنیا
misafirhane-i dünyada	مسافرخانهٔ دنیاده
misafirhane-i dünyanın	مسافرخانهٔ دنیانڭ
misafirhane-i dünyasını	مسافرخانهٔ دنیاسنی
misafirhane-i rahman	مسافرخانهٔ رحمن
misafirhane-i rahmani	مسافرخانهٔ رحمانی
misafirhane-i rahmanide	مسافرخانهٔ رحمانیده
misal-i haşir	مثال حشر
misal-i musaggarı	مثال مصغّری
misal-i musaggarıdır	مثال مصغّریدر
misal-i musağğar	مثال مصغّر
misal-i musağğarı	مثال مصغّری
misal-i rahmet-i alem	مثال رحمت عالم
misbah-ı nevvar	مصباح نوّار
misbâh-ı nevvâr	مصباح نوّار
misk ü anber	مسك و عنبر
misk ü anberdir	مسك و عنبردر
misl-i sevablarını	مثل ثوابلرینی
misl-i sevâblarını	مثل ثوابلرینی
mister karlayl	میستر قارلایل
misâfir-i rahmân	مسافر رحمن
misâfirhâne-i dünyâ	مسافرخانهٔ دنیا
misâfirhâne-i dünyâda	مسافرخانهٔ دنیاده
misâfirhâne-i dünyânın	مسافرخانهٔ دنیانڭ
misâfirhâne-i dünyâsını	مسافرخانهٔ دنیاسنی
misâfirhâne-i rahmân	مسافرخانهٔ رحمن
misâfirhâne-i rahmânî	مسافرخانهٔ رحمانی
misâfirhâne-i rahmânîde	مسافرخانهٔ رحمانیده
misâl-i haşir	مثال حشر
misâl-i musaggarı	مثال مصغّری
misâl-i musaggarıdır	مثال مصغّریدر
misâl-i musağğar	مثال مصغّر
misâl-i musağğarı	مثال مصغّری
misâl-i rahmet-i âlem	مثال رحمت عالم
mizac-ı i'cazında	مزاج اعجازنده
mizac-ı ruhlarında	مزاج روحلرنده
mizan-ı ekberdeki	میزان اكبردهكی
mizan-ı hikmet	میزان حكمت
mizan-ı hikmetle	میزان حكمتله
mizan-ı mahsus	میزان مخصوص
mizan-ı mahsusla	میزان مخصوصله
mizâc-ı i'câzında	مزاج اعجازنده
mizâc-ı rûhlarında	مزاج روحلرنده
mişvar-ı ahmediye'nin	مشوار احمدیّهنڭؐ
mişvâr-ı ahmediye'nin	مشوار احمدیّهنڭؐ
molla abdülmecid	ملّا عبد المجید
molla hamid	ملّا حمید
molla hamid'in	ملّا حمیدڭ
molla hamîd	ملّا حمید
molla said	ملّا سعید
mollâ abdülmecîd	ملّا عبد المجید
mollâ hamîd'in	ملّا حمیدڭ
mollâ saîd	ملّا سعید
mu'cizat-ı ahmediye	معجزات احمدیهؐ
mu'cizat-ı ahmediye'nin	معجزات احمدیهنڭؐ
mu'cizat-ı ahmediye'ye	معجزات احمدیهیهؐ
mu'cizat-ı ahmediye'yi	معجزات احمدیهییؐ
mu'cizat-ı bahirelerine	معجزات باهرهلرینه
mu'cizat-ı bahiresi	معجزات باهرهسی
mu'cizat-ı bahiresine	معجزات باهرهسنه
mu'cizat-ı enbiya	معجزات انبیا
mu'cizat-ı kudret	معجزات قدرت
mu'cizat-ı kudret-i ilahiye	معجزات قدرت الهیه
mu'cizat-ı kudrete	معجزات قدرته
mu'cizat-ı kudreti	معجزات قدرتی
mu'cizat-ı kudretin	معجزات قدرتڭ
mu'cizat-ı kudretinden	معجزات قدرتندن
mu'cizat-ı kudretine	معجزات قدرتنه
mu'cizat-ı kudretini	معجزات قدرتنی
mu'cizat-ı kur'aniye	معجزات قرآنیه
mu'cizat-ı kur'aniye risalesi	معجزات قرآنیه رسالهسی
mu'cizat-ı kur'aniye'nin	معجزات قرآنیهنڭ
mu'cizat-ı kur'aniye'yi	معجزات قرآنیهیی
mu'cizat-ı san'atına	معجزات صنعتنه
mu'cize ki	معجزهكه
mu'cize-i bereket	معجزهٔ بركت
mu'cize-i ekberin	معجزهٔ اكبرڭ
mu'cize-i gaybiye	معجزهٔ غیبیه
mu'cize-i gaybiyesini	معجزهٔ غیبیهسنی
mu'cize-i kudret	معجزهٔ قدرت
mu'cize-i kudret-i samedaniye	معجزهٔ قدرت صمدانیه
mu'cize-i kudret-i samedâniye	معجزهٔ قدرت صمدانیه
mu'cize-i kudreti	معجزهٔ قدرتی
mu'cize-i kur'an	معجزهٔ قرآن
mu'cize-i kur'aniye	معجزهٔ قرآنیه
mu'cize-i kur'aniyedir	معجزهٔ قرآنیهدر
mu'cize-i kur'aniyenin	معجزهٔ قرآنیهنڭ
mu'cize-i kur'ân	معجزهٔ قرآن
mu'cize-i kur'âniye	معجزهٔ قرآنیه
mu'cize-i kur'âniyedir	معجزهٔ قرآنیهدر
mu'cize-i kur'âniyenin	معجزهٔ قرآنیهنڭ
mu'cize-i kübra	معجزهٔ كبرا
mu'cize-i kübra-yı ahmediye	معجزهٔ كبرای احمدیهؐ
mu'cize-i kübranın	معجزهٔ كبرانڭ
mu'cize-i kübrası	معجزهٔ كبراسی
mu'cize-i kübrayı	معجزهٔ كبرایی
mu'cize-i kübrâ	معجزهٔ كبرا
mu'cize-i kübrâ-yı ahmediye	معجزهٔ كبرای احمدیهؐ
mu'cize-i kübrânın	معجزهٔ كبرانڭ
mu'cize-i kübrâsı	معجزهٔ كبراسی
mu'cize-i kübrâyı	معجزهٔ كبرایی
mu'cize-i ma'neviye	معجزهٔ معنویه
mu'cize-i ma'neviyesi	معجزهٔ معنویهسی
mu'cize-i ma'neviyesinden	معجزهٔ معنویهسندن
mu'cize-i ma'neviyesinin	معجزهٔ معنویهسنڭ
mu'cize-i nebeviye	معجزهٔ نبویّه
mu'cize-i nebeviyeyi	معجزهٔ نبویهیی
mu'cize-i san'at	معجزهٔ صنعت
mu'cize-i taamiye	معجزهٔ طعامیه
mu'cize-i taâmiye	معجزهٔ طعامیه
mu'cize-i şeceriye	معجزهٔ شجریه
mu'cize-i şeceriyeyi	معجزهٔ شجریهیی
mu'cizât-ı ahmediye	معجزات احمدیهؐ
mu'cizât-ı ahmediye'nin	معجزات احمدیهنڭؐ
mu'cizât-ı ahmediye'ye	معجزات احمدیهیهؐ
mu'cizât-ı ahmediye'yi	معجزات احمدیهییؐ
mu'cizât-ı bâhirelerine	معجزات باهرهلرینه
mu'cizât-ı bâhiresi	معجزات باهرهسی
mu'cizât-ı bâhiresine	معجزات باهرهسنه
mu'cizât-ı enbiyâ	معجزات انبیا
mu'cizât-ı kudret	معجزات قدرت
mu'cizât-ı kudret-i ilâhiye	معجزات قدرت الهیه
mu'cizât-ı kudrete	معجزات قدرته
mu'cizât-ı kudreti	معجزات قدرتی
mu'cizât-ı kudretin	معجزات قدرتڭ
mu'cizât-ı kudretinden	معجزات قدرتندن
mu'cizât-ı kudretine	معجزات قدرتنه
mu'cizât-ı kudretini	معجزات قدرتنی
mu'cizât-ı kur'âniye	معجزات قرآنیه
mu'cizât-ı kur'âniye risâlesi	معجزات قرآنیه رسالهسی
mu'cizât-ı kur'âniye'nin	معجزات قرآنیهنڭ
mu'cizât-ı kur'âniye'yi	معجزات قرآنیهیی
mu'cizât-ı san'atına	معجزات صنعتنه
muallakat-ı seb'a	معلّقات سبعه
muallakāt-ı seb'a	معلّقات سبعه
muallim-i ekber	معلّم اكبر
muallim-i ekberin	معلّم اكبرڭ
muamele-i imani	معاملهٔ ایمانی
muamma-yı hilkati	معمّای خلقتی
muammâ-yı hilkati	معمّای خلقتی
muannidlere de	معنّدلره ده
muannidleri de	معنّدلری ده
mucib-i bizzat	موجب بالذّات
mucib-i ceza	موجب جزا
mucib-i hayrettir ki	موجب حیرتدركه
mucib-i merak	موجب مراق
mucib-i mes'uliyet	موجب مسئولیّت
mucibe-i külliye	موجبهٔ كلّیّه
mufarakat-i hususiyemi	مفارقت خصوصیّهمی
mufarakat-i umumiye	مفارقت عمومیّه
mufârakat-i husûsiyemi	مفارقت خصوصیّهمی
mufârakat-i umûmiye	مفارقت عمومیّه
mugayyebat-ı hamseden	مغیّبات خمسهدن
mugayyebat-ı hamseye	مغیّبات خمسهیه
mugayyebât-ı hamseden	مغیّبات خمسهدن
mugayyebât-ı hamseye	مغیّبات خمسهیه
muhabbet-i fıtriye	محبّت فطریّه
muhabbet-i hakikiyeye	محبّت حقیقیهیه
muhabbet-i hakîkiyeye	محبّت حقیقیهیه
muhabbet-i ilahiyenin	محبّت الهیّهنڭ
muhabbet-i ilâhiyenin	محبّت الهیّهنڭ
muhabbet-i meşruanın	محبّت مشروعهنڭ
muhabbet-i meşrûanın	محبّت مشروعهنڭ
muhabbet-i rabbaniye	محبّت ربّانیّه
muhabbet-i rabbâniye	محبّت ربّانیّه
muhabbet-i vücud	محبّت وجود
muhabbet-i vücûd	محبّت وجود
muhabbet-i zati	محبّت ذاتی
muhabbet-i zâtî	محبّت ذاتی
muhabbeti de	محبّتی ده
muhabbetin de	محبّتڭ ده
muhabbettir ki	محبّتدركه
muhacir hafız ahmed	مهاجر حافظ احمد
muhacir hafız ahmed efendi'ye	مهاجر حافظ احمد افندی یه
muhakeme-i akliye	محاكمهٔ عقلیه
muhakeme-i hissi	محاكمهٔ حسّی
muhakkaktır ki	محقّقدركه
muhakkikin-i asfiya	محقّقین اصفیا
muhakkikin-i evliya	محقّقین اولیا
muhakkikin-i evliyanın	محقّقین اولیانڭ
muhakkikin-i sofiyenin	محقّقین صوفیّهنڭ
muhakkikin-i ulema	محقّقین علما
muhakkikin-i ulemadan	محقّقین علمادن
muhakkikîn-i asfiyâ	محقّقین اصفیا
muhakkikîn-i evliyâ	محقّقین اولیا
muhakkikîn-i evliyânın	محقّقین اولیانڭ
muhakkikîn-i sofiyenin	محقّقین صوفیّهنڭ
muhakkikîn-i ulemâ	محقّقین علما
muhakkikîn-i ulemâdan	محقّقین علمادن
muhal ender muhal	محال اندر محال
muhaldir ki	محالدركه
muhalif de	مخالف ده
muhammed aleyhissalatü vesselam	محمّد علیه الصّلاة والسّلام
muhammed aleyhissalatü vesselam'a	محمّد علیه الصّلاة والسّلامه
muhammed aleyhissalatü vesselam'ı	محمّد علیه الصّلاة والسّلامی
muhammed aleyhissalatü vesselam'ın	محمّد علیه الصّلاة والسّلامڭ
muhammed aleyhissalâtü vesselâm	محمّد علیه الصّلاة والسّلام
muhammed aleyhissalâtü vesselâm'a	محمّد علیه الصّلاة والسّلامه
muhammed aleyhissalâtü vesselâm'ı	محمّد علیه الصّلاة والسّلامی
muhammed aleyhissalâtü vesselâm'ın	محمّد علیه الصّلاة والسّلامڭ
muhammed nuri	محمّد نوری
muhammed nûrî	محمّد نوری
muhammed zühdü'nün	محمّد زهدینڭ
muhammed-i arabi	محمّد عربی
muhammed-i arabi aleyhissalatü vesselam	محمّد عربی علیه الصّلاة والسّلام
muhammed-i arabi aleyhissalatü vesselam'a	محمّد عربی علیه الصّلاة والسّلامه
muhammed-i arabi aleyhissalatü vesselam'dan	محمد عربی علیه الصّلاة والسّلامدن
muhammed-i arabi aleyhissalatü vesselam'ı	محمّد عربی علیه الصّلاة والسّلامی
muhammed-i arabi aleyhissalatü vesselam'ın	محمّد عربی علیه الصّلاة والسّلامڭ
muhammed-i arabî	محمّد عربی
muhammed-i arabî aleyhissalâtü vesselâm	محمّد عربی علیه الصّلاة والسّلام
muhammed-i arabî aleyhissalâtü vesselâm'a	محمّد عربی علیه الصّلاة والسّلامه
muhammed-i arabî aleyhissalâtü vesselâm'dan	محمد عربی علیه الصّلاة والسّلامدن
muhammed-i arabî aleyhissalâtü vesselâm'ı	محمّد عربی علیه الصّلاة والسّلامی
muhammed-i arabî aleyhissalâtü vesselâm'ın	محمّد عربی علیه الصّلاة والسّلامڭ
muhammed-i kureyşi	محمّد قریشیؐ
muhammed-i kureyşî	محمّد قریشیؐ
muhammedü'l-emin	محمّد الامینؐ
muhammedü'l-emîn	محمّد الامینؐ
muhammedü'l-haşimi	محمّد الهاشمیؐ
muhammedü'l-hâşimî	محمّد الهاشمیؐ
muhatab-ı hassı	مخاطب خاصّی
muhatab-ı mahzunun	مخاطب محزونڭ
muhatabat-ı samedaniyeye	مخاطبات صمدانیهیه
muhavere-i temsiliye	محاورهٔ تمثیلیه
muhayyirü'l-ukul	محیّر العقول
muhayyirü'l-ukūl	محیّر العقول
muhbir-i sadık	مخبر صادق
muhbir-i sadık'ın	مخبر صادقڭؐ
muhbir-i sadıklar	مخبر صادقلر
muhbir-i sadıkların	مخبر صادقلرڭ
muhbir-i sâdık	مخبر صادق
muhbir-i sâdık'ın	مخبر صادقڭؐ
muhbir-i sâdıklar	مخبر صادقلر
muhbir-i sâdıkların	مخبر صادقلرڭ
muhtaçtır ki	محتاجدركه
muhtelifü'l-cins	مختلف الجنس
muhtemeldir ki	محتملدركه
muhtâçtır ki	محتاجدركه
muhyiddin-i arabi	محیی الدّین عربی
muhyiddin-i arabi'nin	محیی الدّین عربینڭ
muhyiddîn-i arabî	محیی الدّین عربی
muhyiddîn-i arabî'nin	محیی الدّین عربینڭ
muhâcir hâfız ahmed	مهاجر حافظ احمد
muhâcir hâfız ahmed efendi'ye	مهاجر حافظ احمد افندی یه
muhâkeme-i akliye	محاكمهٔ عقلیه
muhâkeme-i hissî	محاكمهٔ حسّی
muhâl ender muhâl	محال اندر محال
muhâldir ki	محالدركه
muhâlif de	مخالف ده
muhâtab-ı hâssı	مخاطب خاصّی
muhâtab-ı mahzûnun	مخاطب محزونڭ
muhâtabât-ı samedâniyeye	مخاطبات صمدانیهیه
muhâvere-i temsîliye	محاورهٔ تمثیلیه
mukaddemat-ı ihzariye	مقدّمات احضاریه
mukaddeme-i haşriye	مقدّمهٔ حشریه
mukaddeme-i haşriye'nin	مقدّمهٔ حشریهنڭ
mukaddemât-ı ihzâriye	مقدّمات احضاریه
mukadderat-ı beşer	مقدّرات بشر
mukadderat-ı beşerin	مقدّرات بشرڭ
mukadderat-ı hayatiye	مقدّرات حیاتیه
mukadderât-ı beşer	مقدّرات بشر
mukadderât-ı beşerin	مقدّرات بشرڭ
mukadderât-ı hayatiye	مقدّرات حیاتیه
mukaddesat-ı diniye	مقدّسات دینیه
mukaddesât-ı dîniye	مقدّسات دینیه
mukarrerdir ki	مقرّردركه
mukattaat-ı huruf	مقطّعات حروف
mukattaat-ı hurufun	مقطّعات حروفڭ
mukattaât-ı hurûf	مقطّعات حروف
mukattaât-ı hurûfun	مقطّعات حروفڭ
mukteza-yı belagat	مقتضای بلاغت
mukteza-yı hal	مقتضای حال
mukteza-yı hale	مقتضای حاله
mukteza-yı hikmet	مقتضای حكمت
mukteza-yı hikmettir	مقتضای حكمتدر
mukteza-yı makam	مقتضای مقام
mukteza-yı rahmet	مقتضای رحمت
muktezâ-yı belâgat	مقتضای بلاغت
muktezâ-yı hikmet	مقتضای حكمت
muktezâ-yı hikmettir	مقتضای حكمتدر
muktezâ-yı hâl	مقتضای حال
muktezâ-yı hâle	مقتضای حاله
muktezâ-yı makam	مقتضای مقام
muktezâ-yı rahmet	مقتضای رحمت
muntazamdır ki	منتظمدركه
murad-ı ilahi	مراد الهی
murâd-ı ilâhî	مراد الهی
musa aleyhisselam'ın	موسی علیه السّلامڭ
musibet-i ammenin	مصیبت عامّهنڭ
musibet-i ammeyi	مصیبت عامّهیی
musibet-i semaviye	مصیبت سماویه
mustafa acet	مصطفی آجت
mustafa gül	مصطفی كل
mustafa hemdem	مصطفی همدم
mustafa hoca	مصطفی خواجه
mustafa kemal'e	مصطفی كماله
mustafa oruç	مصطفی اوروچ
mustafa oruç'un	مصطفی اوروجڭ
mustafa ramazan'ın	مصطفی رمضانڭ
mustafa ramazanoğlu	مصطفی رمضان اوغلی
mustafa sabri	مصطفی صبری
mustafa sungur	مصطفی صونغور
mustafa sungur'un	مصطفی صونغورڭ
mustafa usman	مصطفی اوسمان
mustafa usman'a	مصطفی اوسمانه
mustafa usman'ın	مصطفی اوسمانڭ
mustafa yıldız	مصطفی ییلدیز
mustafa çavuş	مصطفی چاووش
mustafa çavuş'un	مصطفی چاووشڭ
mustafâ gül	مصطفی كل
mustafâ hoca	مصطفی خواجه
mustafâ kemâl'e	مصطفی كماله
mustafâ oruç	مصطفی اوروچ
mustafâ oruç'un	مصطفی اوروجڭ
mustafâ ramazân'ın	مصطفی رمضانڭ
mustafâ ramazânoğlu	مصطفی رمضان اوغلی
mustafâ sabrî	مصطفی صبری
mustafâ sungur	مصطفی صونغور
mustafâ sungur'un	مصطفی صونغورڭ
mustafâ usman	مصطفی اوسمان
mustafâ usman'a	مصطفی اوسمانه
mustafâ usman'ın	مصطفی اوسمانڭ
mustafâ yıldız	مصطفی ییلدیز
mustafâ âcet	مصطفی آجت
mustafâ çavuş	مصطفی چاووش
mustafâ çavuş'un	مصطفی چاووشڭ
musîbet-i semâviye	مصیبت سماویه
musîbet-i âmmenin	مصیبت عامّهنڭ
musîbet-i âmmeyi	مصیبت عامّهیی
mutabık-ı makam	مطابق مقام
mutasarrıf-ı fa'al	متصرّف فعّال
mutasarrıf-ı fa'âl	متصرّف فعّال
mutasarrıf-ı hakim'in	متصرّف حكیمڭ
mutasarrıf-ı hakîm'in	متصرّف حكیمڭ
mutâbık-ı makam	مطابق مقام
muvaffakun bilhayr	موفّق بالخیر
muvazene-i a'male	موازنهٔ اعماله
muvazene-i amme	موازنهٔ عامّه
muvazene-i gayatta	موازنهٔ غایاتده
muvazene-i halinde	موازنهٔ حالنده
muvazene-i kainat	موازنهٔ كائنات
muvâzene-i a'mâle	موازنهٔ اعماله
muvâzene-i gāyâtta	موازنهٔ غایاتده
muvâzene-i hâlinde	موازنهٔ حالنده
muvâzene-i kâinât	موازنهٔ كائنات
muvâzene-i âmme	موازنهٔ عامّه
muâmele-i îmânî	معاملهٔ ایمانی
mâ-i zemzem	ماء زمزم
mâdde-i hayât	مادّهٔ حیات
mâdem ki	مادامكه
mâhiyet-i câmiasında	ماهیّت جامعهسنده
mâhiyet-i câmiasının	ماهیّت جامعهسنڭ
mâhiyet-i eşyâ	ماهیّت اشیا
mâhiyet-i hakîkiyesini	ماهیّت حقیقیهسنی
mâhiyet-i insaniye	ماهیّت انسانیه
mâhiyet-i insaniyedeki	ماهیّت انسانیهدهكی
mâhiyet-i insâniyenin	ماهیّت انسانیهنڭ
mâhiyet-i kudsiyesi	ماهیت قدسیهسی
mâhiyet-i ma'neviyesinin	ماهیّت معنویهسنڭ
mâhiyet-i mücerredenin	ماهیت مجرّدهنڭ
mâhiyetini de	ماهیّتنی ده
mâlik-i ebedî'si	مالك ابدیسی
mâlik-i hakîkî	مالك حقیقی
mâlik-i hakîkî'nin	مالك حقیقینڭ
mâlik-i hakîkî'sine	مالك حقیقیسنه
mâlik-i kerîm'i	مالك كریمی
mâlik-i zülcelâl'in	مالك ذوالجلالڭ
mâliki de	مالكی ده
mâlikü'l-mülk	مالك الملك
mâlikü'l-mülk'e	مالك الملكه
mâlikü'l-mülk'ün	مالك الملكڭ
mâtem-i umûmî	ماتم عمومی
mâtemhâne-i umûmî	ماتمخانهٔ عمومی
mâtemhâne-i umûmîdir	ماتمخانهٔ عمومیدر
mîzân-ı ekberdeki	میزان اكبردهكی
mîzân-ı hikmet	میزان حكمت
mîzân-ı hikmetle	میزان حكمتله
mîzân-ı mahsûs	میزان مخصوص
mîzân-ı mahsûsla	میزان مخصوصله
mûcib-i bizzât	موجب بالذّات
mûcib-i cezâ	موجب جزا
mûcib-i hayrettir ki	موجب حیرتدركه
mûcib-i merâk	موجب مراق
mûcib-i mes'ûliyet	موجب مسئولیّت
mûcibe-i külliye	موجبهٔ كلّیّه
mûsâ aleyhisselâm'ın	موسی علیه السّلامڭ
mübareze de	مبارزه ده
mübâreze de	مبارزه ده
mücadele-i azimesi	مجادلهٔ عظیمهسی
mücahede-i diniyeye	مجاهدهٔ دینیهیه
mücahede-i ma'neviye	مجاهدهٔ معنویه
mücahede-i ma'neviyede	مجاهدهٔ معنویهده
mücahede-i ma'neviyesine	مجاهدهٔ معنویهسنه
mücahede-i ma'neviyeye	مجاهدهٔ معنویهیه
müceddid-i din	مجدّد دین
müceddid-i dîn	مجدّد دین
müceddid-i ekber	مجدّد اكبر
müceddid-i elf-i sani	مجدّد الف ثانی
müceddid-i elf-i sânî	مجدّد الف ثانی
müctehidin-i izama	مجتهدین عظامه
müctehidîn-i izâma	مجتهدین عظامه
mücâdele-i azîmesi	مجادلهٔ عظیمهسی
mücâhede-i diniyeye	مجاهدهٔ دینیهیه
mücâhede-i ma'neviye	مجاهدهٔ معنویه
mücâhede-i ma'neviyede	مجاهدهٔ معنویهده
mücâhede-i ma'neviyesine	مجاهدهٔ معنویهسنه
mücâhede-i ma'neviyeye	مجاهدهٔ معنویهیه
müdahale-i gayrı	مداخلهٔ غیری
müdavele-i efkar	مداولهٔ افكار
müddei-i umumi	مدّعئ عمومی
müddei-i umumiden	مدّعئ عمومیدن
müddei-i umumileri	مدّعئ عمومیلری
müddei-i umumilerin	مدّعی عمومیلرڭ
müddei-i umumiliğe	مدّعی عمومیلكه
müddei-i umumiliğinden	مدّعی عمومیلكندن
müddei-i umuminin	مدّعئ عمومینڭ
müddei-i umumisi	مدّعئ عمومیسی
müddei-i umumisi'nin	مدّعی عمومیسنڭ
müddei-i umumisine	مدّعئ عمومیسنه
müddei-i umumisinin	مدّعئ عمومیسنڭ
müddei-i umumiye	مدّعی عمومی یه
müddei-i umumun	مدعی عمومڭ
müddet-i bekasında	مدّت بقاسنده
müddet-i bekāsında	مدّت بقاسنده
müddet-i hayatında	مدّت حیاتنده
müddet-i hilafeti	مدّت خلافتی
müddet-i hilâfeti	مدّت خلافتی
müddet-i mahkumiyetlerini	مدّت محكومیتلرینی
müddet-i mahkûmiyetlerini	مدّت محكومیتلرینی
müddet-i ömrümde	مدّت عمرمده
müddet-i ömründe	مدّت عمرنده
müddetten beri	مدّتدنبری
müddeî-i umûmun	مدعی عمومڭ
müddeî-i umûmî	مدّعئ عمومی
müddeî-i umûmîden	مدّعئ عمومیدن
müddeî-i umûmîleri	مدّعئ عمومیلری
müddeî-i umûmîlerin	مدّعی عمومیلرڭ
müddeî-i umûmîliğe	مدّعی عمومیلكه
müddeî-i umûmîliğinden	مدّعی عمومیلكندن
müddeî-i umûmînin	مدّعئ عمومینڭ
müddeî-i umûmîsi	مدّعئ عمومیسی
müddeî-i umûmîsi'nin	مدّعی عمومیسنڭ
müddeî-i umûmîsine	مدّعئ عمومیسنه
müddeî-i umûmîsinin	مدّعئ عمومیسنڭ
müddeî-i umûmîye	مدّعی عمومی یه
müdebbir-i hakim	مدبّر حكیم
müdebbir-i hakîm	مدبّر حكیم
müdâhale-i gayrı	مداخلهٔ غیری
müdâvele-i efkâr	مداولهٔ افكار
müellif-i muhteremi	مؤلّف محترمی
müessir-i hakiki	مؤثّر حقیقی
müessir-i hakîkî	مؤثّر حقیقی
müfessir hoca vehbi	مفسّر خواجه وهبی
müfessir hoca vehbî	مفسّر خواجه وهبی
mühr-ü ehadiyet	مهر احدیّت
mühr-ü nübüvvet	مهر نبوّت
mühr-ü vahdaniyet	مهر وحدانیّت
mühr-ü vahdâniyet	مهر وحدانیّت
müjde-i saadet-i ebediye	مژدهٔ سعادت ابدیه
mükafat-ı acile	مكافات عاجله
mükaleme-i kalbi	مكالمهٔ قلبی
mükemmeldir ki	مكمّلدركه
mükâfât-ı âcile	مكافات عاجله
mükâleme-i kalbî	مكالمهٔ قلبی
mülk-ü bakiyi	ملك باقی یی
mülk-ü bâkîyi	ملك باقی یی
mülk-ü tenim	ملك تنم
mülkü de	ملكی ده
mümkün mü	ممكنمی
mümkün müdür	ممكنمیدر
mümkün müdür ki	ممكنمیدركه
mümkündür ki	ممكندركه
mün'im-i hakiki	منعم حقیقی
mün'im-i hakiki'nin	منعم حقیقینڭ
mün'im-i hakiki'ye	منعم حقیقی یه
mün'im-i hakiki'yi	منعم حقیقی یی
mün'im-i hakîkî	منعم حقیقی
mün'im-i hakîkî'nin	منعم حقیقینڭ
mün'im-i hakîkî'ye	منعم حقیقی یه
mün'im-i hakîkî'yi	منعم حقیقی یی
mün'im-i kerim'in	منعم كریمڭ
mün'im-i kerîm'in	منعم كریمڭ
mün'im-i rahim'in	منعم رحیمڭ
mün'im-i rahîm'in	منعم رحیمڭ
münacat-ı esmaiyesine	مناجات اسمائیهسنه
münacat-ı peygamberide	مناجات پیغمبریدهؐ
münakaşa-i lisaniyesi	مناقشهٔ لسانیّهسی
münasebet-i intisabi	مناسبت انتسابی
münasebet-i ma'neviye	مناسبت معنویه
münasebet-i ma'neviyeleri	مناسبت معنویّهلری
münasebet-i ma'neviyesi	مناسبت معنویّهسی
münasebet-i ma'neviyesiyle	مناسبت معنویهسیله
münasebet-i ma'neviyeye	مناسبت معنویهیه
münasebet-i ma'neviyeyi	مناسبت معنویهیی
münasib mi	مناسبمی
münasib midir	مناسبمیدر
münevverü'l-fikir	منوّر الفكر
münker-nekir	منكر نكیر
münker-nekîr	منكر نكیر
münkir-i gafil	منكر غافل
münkir-i gāfil	منكر غافل
münteha-yı te'lifi	منتهای تألیفی
müntehâ-yı te'lîfi	منتهای تألیفی
münâcât-ı esmâiyesine	مناجات اسمائیهسنه
münâcât-ı peygamberîde	مناجات پیغمبریدهؐ
münâkaşa-i lisâniyesi	مناقشهٔ لسانیّهسی
münâsebet-i intisâbî	مناسبت انتسابی
münâsebet-i ma'neviye	مناسبت معنویه
münâsebet-i ma'neviyeleri	مناسبت معنویّهلری
münâsebet-i ma'neviyesi	مناسبت معنویّهسی
münâsebet-i ma'neviyesiyle	مناسبت معنویهسیله
münâsebet-i ma'neviyeye	مناسبت معنویهیه
münâsebet-i ma'neviyeyi	مناسبت معنویهیی
münâsib mi	مناسبمی
münâsib midir	مناسبمیدر
mürebbi-i rahim	مربّئ رحیم
mürebbî-i rahîm	مربّئ رحیم
mürur-u zaman	مرور زمان
mürur-u zamana	مرور زمانه
mürur-u zamanla	مرور زمانله
mürur-u zamanı	مرور زمانی
mürûr-u zaman	مرور زمان
mürûr-u zamana	مرور زمانه
mürûr-u zamanla	مرور زمانله
mürûr-u zamanı	مرور زمانی
mürşid-i a'zam	مرشد اعظم
mürşid-i ekmel	مرشد اكمل
mürşid-i ekmeldir	مرشد اكملدر
mürşid-i kamil	مرشد كامل
mürşid-i kamilin	مرشد كاملڭ
mürşid-i kâmil	مرشد كامل
mürşid-i kâmilin	مرشد كاملڭ
mürşid-i umumi	مرشد عمومی
mürşid-i umûmî	مرشد عمومی
müsalemet-i umumiyeyi	مسالمت عمومیهیی
müsebbebatı da	مسبّباتی ده
müsebbebâtı da	مسبّباتی ده
müsebbibü'l-esbab	مسبّب الاسباب
müsebbibü'l-esbâb	مسبّب الاسباب
müseyleme-i kezzab	مسیلمهٔ كذّاب
müseyleme-i kezzab'ın	مسیلمهٔ كذّابڭ
müseyleme-i kezzâb	مسیلمهٔ كذّاب
müseyleme-i kezzâb'ın	مسیلمهٔ كذّابڭ
müslüman mı	مسلمانمی
müsâlemet-i umûmiyeyi	مسالمت عمومیهیی
müteessir de	متأثّر ده
mütekellim-i ezeli'den	متكلّم ازلیدن
mütekellim-i ezeli'nin	متكلّم أزلینڭ
mütekellim-i ezelî'den	متكلّم ازلیدن
mütekellim-i ezelî'nin	متكلّم أزلینڭ
mütekellim-i maalgayr	متكلّم مع الغیر
mütekellim-i vahdeh	متكلّم وحده
mütevatir-i bi'l-ma'nadır	متواتر بالمعنادر
mütevatir-i bilma'nadır	متواتر بالمعنادر
mütevâtir-i bi'l-ma'nâdır	متواتر بالمعنادر
mütevâtir-i bilma'nâdır	متواتر بالمعنادر
müteşabihat-ı kur'aniye	متشابهات قرآنیه
müteşâbihât-ı kur'âniye	متشابهات قرآنیه
müvellidü'l-humuza	مولّد الحموضه
müvellidü'l-humûza	مولّد الحموضه
müvellidü'l-ma müvellidü'l-humuza	مولّد الماء مولّد الحموضه
müvellidü'l-ma'	مولّد المآء
müvellidü'l-mâ müvellidü'l-humûza	مولّد الماء مولّد الحموضه
müvellidü'l-mâ'	مولّد المآء
müzakere-i ilmiyeyi	مذاكرهٔ علمیهیی
müzâkere-i ilmiyeyi	مذاكرهٔ علمیهیی
müşiriyet-i ma'neviye	مشیریت معنویه
müştemelat-ı arziyenin	مشتملات ارضیهنڭ
müştemelât-ı arziyenin	مشتملات ارضیهنڭ
müşîriyet-i ma'neviye	مشیریت معنویه
na-ehillerin	نا اهللرڭ
na-hoş	ناخوش
na-mahrem	نا محرم
na-meşru'	نا مشروع
na-mütenahi	نامتناهی
nadire-i hikmet	نادرهٔ حكمت
nail-i murad	نائل مراد
naka-i salih	ناقهٔ صالحؑ
nakd-i ömür	نقد عمر
nakkaş-ı ezeli	نقّاش ازلی
nakkaş-ı ezeli'nin	نقّاش ازلینڭ
nakkaş-ı ezeli'ye	نقّاش ازلی یه
nakkāş-ı ezelî	نقّاش ازلی
nakkāş-ı ezelî'nin	نقّاش ازلینڭ
nakkāş-ı ezelî'ye	نقّاش ازلی یه
nakl-i kat'i	نقل قطعی
nakl-i kat'î	نقل قطعی
nakl-i sahih	نقل صحیح
nakl-i sahih-i kat'i	نقل صحیح قطعی
nakl-i sahîh	نقل صحیح
nakl-i sahîh-i kat'î	نقل صحیح قطعی
naklediyorlar ki	نقل ایدییورلركه
nakş-ı a'zam	نقش اعظم
nakş-ı a'zamını	نقش اعظمنی
nakş-ı a'zamının	نقش اعظمنڭ
nakş-ı beyan	نقش بیان
nakş-ı beyân	نقش بیان
nakş-ı hikmeti	نقش حكمتی
nakş-ı san'at	نقش صنعت
nakş-ı san'atta	نقش صنعتده
nakş-ı şefkati	نقش شفقتی
nam-ı diğer	نام دیكر
namazı da	نمازی ده
nar-ı hayatı	نار حیاتی
nasayih-i kudsiyenin	نصایح قدسیهنڭ
nass-ı hadis	نصّ حدیث
nass-ı hadisle	نصّ حدیثله
nass-ı hadîs	نصّ حدیث
nass-ı hadîsle	نصّ حدیثله
nass-ı kat'i	نصّ قطعی
nass-ı kat'î	نصّ قطعی
nass-ı katı'	نصّ قاطع
nass-ı kur'an	نصّ قرآن
nass-ı kur'ân	نصّ قرآن
nass-ı kātı'	نصّ قاطع
nasâyih-i kudsiyenin	نصایح قدسیهنڭ
nasıl ki	ناصلكه
nazar-ı belagatte	نظر بلاغتده
nazar-ı belâgatte	نظر بلاغتده
nazar-ı beşere	نظر بشره
nazar-ı beşeri	نظر بشری
nazar-ı dalaletle	نظر ضلالتله
nazar-ı dalalette	نظر ضلالتده
nazar-ı dalâletle	نظر ضلالتله
nazar-ı dalâlette	نظر ضلالتده
nazar-ı dikkat	نظر دقّت
nazar-ı dikkate	نظر دقّته
nazar-ı dikkati	نظر دقّتی
nazar-ı dikkatimi	نظر دقّتمی
nazar-ı dikkatine	نظر دقّتنه
nazar-ı dikkatini	نظر دقّتنی
nazar-ı dikkatinize	نظر دقتڭزه
nazar-ı dikkatlerini	نظر دقّتلرینی
nazar-ı ehemmiyete	نظر اهمّیته
nazar-ı gaflet	نظر غفلت
nazar-ı gaflete	نظر غفلته
nazar-ı gafletle	نظر غفلتله
nazar-ı hakikatte	نظر حقیقتده
nazar-ı hakîkatte	نظر حقیقتده
nazar-ı hikmetle	نظر حكمتله
nazar-ı i'tibara	نظر اعتباره
nazar-ı i'tibâra	نظر اعتباره
nazar-ı ibretle	نظر عبرتله
nazar-ı imani	نظر ایمانی
nazar-ı insaf	نظر انصاف
nazar-ı insanı	نظر انسانی
nazar-ı insâf	نظر انصاف
nazar-ı istihsanını	نظر استحساننی
nazar-ı istihsânını	نظر استحساننی
nazar-ı merhametinde	نظر مرحمتنده
nazar-ı millette	نظر ملّتده
nazar-ı muhabbetini	نظر محبّتنی
nazar-ı müsamaha	نظر مسامحه
nazar-ı müsâmaha	نظر مسامحه
nazar-ı mütalaasına	نظر مطالعهسنه
nazar-ı mütâlaasına	نظر مطالعهسنه
nazar-ı nübüvvetle	نظر نبوّتله
nazar-ı rabbaniye	نظر ربّانی یه
nazar-ı rabbânîye	نظر ربّانی یه
nazar-ı sathi	نظر سطحی
nazar-ı sathî	نظر سطحی
nazar-ı umumiyi	نظر عمومی یی
nazar-ı umûmîyi	نظر عمومی یی
nazar-ı zahiride	نظر ظاهریده
nazar-ı zâhirîde	نظر ظاهریده
nazar-ı îmânî	نظر ایمانی
nazargah-ı enama	نظركاه انامه
nazargâh-ı enâma	نظركاه انامه
nazarı da	نظری ده
nazif çelebi	نظیف چلبی
nazif çelebi'nin	نظیف چلبینڭ
nazîf çelebi	نظیف چلبی
nazîf çelebi'nin	نظیف چلبینڭ
naşir-i efkarı	ناشر افكاری
ne de	نه ده
nebiyy-i zişan	نبیّ ذیشان
nebiyy-i zîşân	نبیّ ذیشان
necmeddin-i kübra	نجم الدّین كبرا
necmeddîn-i kübrâ	نجم الدّین كبرا
nedendir ki	نهدندركه
nedir ki	نهدركه
nefh-i ruh	نفخ روح
nefh-i rûh	نفخ روح
nefs-i amel	نفس عمل
nefs-i emmare	نفس امّاره
nefs-i emmareden	نفس امّارهدن
nefs-i emmarem	نفس امّارهم
nefs-i emmareme	نفس امّارهمه
nefs-i emmaremi	نفس امّارهمی
nefs-i emmarene	نفس امّارهڭه
nefs-i emmarenin	نفس امّارهنڭ
nefs-i emmaresi	نفس امّارهسی
nefs-i emmaresi de	نفس امّارهسی ده
nefs-i emmaresinden	نفس امّارهسندن
nefs-i emmaresini	نفس امّارهسنی
nefs-i emmareye	نفس امّارهیه
nefs-i emmareyi	نفس امّارهیی
nefs-i emmâre	نفس امّاره
nefs-i emmâreden	نفس امّارهدن
nefs-i emmârem	نفس امّارهم
nefs-i emmâreme	نفس امّارهمه
nefs-i emmâremi	نفس امّارهمی
nefs-i emmârene	نفس امّارهڭه
nefs-i emmârenin	نفس امّارهنڭ
nefs-i emmâresi	نفس امّارهسی
nefs-i emmâresi de	نفس امّارهسی ده
nefs-i emmâresinden	نفس امّارهسندن
nefs-i emmâresini	نفس امّارهسنی
nefs-i emmâreye	نفس امّارهیه
nefs-i emmâreyi	نفس امّارهیی
nefs-i hakikat	نفس حقیقت
nefs-i hakîkat	نفس حقیقت
nefs-i insaniye	نفس انسانیّه
nefs-i kafir	نفس كافر
nefs-i kâfir	نفس كافر
nefsü'l-emirde	نفس الامرده
nefsü'l-emre	نفس الامره
nehy-i ilahi	نهی الهی
nehy-i ilahiye	نهی الهی یه
nehy-i ilâhî	نهی الهی
nehy-i ilâhîye	نهی الهی یه
nesl-i ati	نسل آتی
nesl-i atiden	نسل آتیدن
nesl-i atinin	نسل آتینڭ
nesl-i atisi	نسل آتیسی
nesl-i atiye	نسل آتی یه
nesl-i mübarekinden	نسل مباركندن
nesl-i mübârekinden	نسل مباركندن
nesl-i âtî	نسل آتی
nesl-i âtîden	نسل آتیدن
nesl-i âtînin	نسل آتینڭ
nesl-i âtîsi	نسل آتیسی
nesl-i âtîye	نسل آتی یه
netice-i a'zamı	نتیجهٔ اعظمی
netice-i camiayı	نتیجهٔ جامعهیی
netice-i câmiayı	نتیجهٔ جامعهیی
netice-i fıtratın	نتیجهٔ فطرتڭ
netice-i hayatım	نتیجهٔ حیاتم
netice-i hilkat	نتیجهٔ خلقت
netice-i hilkati	نتیجهٔ خلقتی
netice-i hizmeti de	نتیجهٔ خدمتی ده
netice-i kelam	نتیجهٔ كلام
netice-i kudsiyeye	نتیجهٔ قدسیهیه
netice-i meram	نتیجهٔ مرام
netice-i muzırrayı	نتیجهٔ مضرّهیی
netice-i san'atı	نتیجهٔ صنعتی
neticelerdir ki	نتیجهلردركه
neticenin de	نتیجهنڭ ده
neticesidir ki	نتیجهسیدركه
neticesiz midir	نتیجهسزمیدر
netîce-i kelâm	نتیجهٔ كلام
netîce-i merâm	نتیجهٔ مرام
netîcesidir ki	نتیجهسیدركه
nev'-i beni-adem	نوع بنی آدم
nev'-i benî-âdem	نوع بنی آدم
nev'-i beşer	نوع بشر
nev'-i beşerde	نوع بشرده
nev'-i beşerdeki	نوع بشردهكی
nev'-i beşerden	نوع بشردن
nev'-i beşere	نوع بشره
nev'-i beşeri	نوع بشری
nev'-i beşerin	نوع بشرڭ
nev'-i beşerle	نوع بشرله
nev'-i insan	نوع انسان
nev'-i insana	نوع انسانه
nev'-i insanda	نوع انسانده
nev'-i insandan	نوع انساندن
nev'-i insani	نوع انسانی
nev'-i insanî	نوع انسانی
nev'-i insanı	نوع انسانی
nev'-i insanın	نوع انسانڭ
nev'i de	نوعی ده
nevm-i gaflette	نوم غفلتده
neş'e-i iman	نشئهٔ ایمان
neş'e-i inkişafla	نشئهٔ انكشافله
neş'e-i inkişâfla	نشئهٔ انكشافله
neş'e-i uhra	نشئهٔ اخرا
neş'e-i uhrayı	نشئهٔ اخرایی
neş'e-i uhrâ	نشئهٔ اخرا
neş'e-i uhrâyı	نشئهٔ اخرایی
neş'e-i ulaya	نشئهٔ اولی یه
neş'e-i ulayı	نشئهٔ اولی یی
neş'e-i îmân	نشئهٔ ایمان
neş'e-i ûlâya	نشئهٔ اولی یه
neş'e-i ûlâyı	نشئهٔ اولی یی
neşr-i envar	نشر انوار
neşr-i envâr	نشر انوار
neşr-i hakikat	نشر حقیقت
neşr-i hakikatte	نشر حقیقتده
neşr-i hakîkat	نشر حقیقت
neşr-i hakîkatte	نشر حقیقتده
neşr-i hayat	نشر حیات
neşr-i suhufa	نشر صحفه
neşv ü nema	نشو و نما
neşv ü neması	نشو و نماسی
neşv ü nemaya	نشو و نمایه
neşv ü nemâ	نشو و نما
neşv ü nemâsı	نشو و نماسی
neşv ü nemâya	نشو و نمایه
ni'met-i ilahiye	نعمت الهیه
ni'met-i ilahiyedir	نعمت الهیهدر
ni'met-i ilahiyedir ki	نعمت الهیهدركه
ni'met-i ilahiyenin	نعمت الهیهنڭ
ni'met-i ilahiyeye	نعمت الهیهیه
ni'met-i ilahiyeyi	نعمت الهیهیی
ni'met-i ilâhiye	نعمت الهیه
ni'met-i ilâhiyedir	نعمت الهیهدر
ni'met-i ilâhiyedir ki	نعمت الهیهدركه
ni'met-i ilâhiyenin	نعمت الهیهنڭ
ni'met-i ilâhiyeye	نعمت الهیهیه
ni'met-i ilâhiyeyi	نعمت الهیهیی
ni'met-i vücudum	نعمت وجودم
ni'met-i vücûdum	نعمت وجودم
niam-ı ilahiyeye	نعم الهیهیه
niam-ı ilâhiyeye	نعم الهیهیه
nil-i mübarek	نیل مبارك
nisbetinde de	نسبتنده ده
nisyan-ı mutlak	نسیان مطلق
nisyân-ı mutlak	نسیان مطلق
niyaz-mendiniz	نیاز مندیڭز
niyaz-ı arabi	نیاز عربی
niyaz-ı istirhamkarane	نیاز استرحامكارانه
niyazi-i mısri	نیازئ مصری
niyazi-i mısri'nin	نیازئ مصرینڭ
niyet-i halisa	نیّت خالصه
niyet-i halisanın	نیّت خالصهنڭ
niyet-i hâlisa	نیّت خالصه
niyet-i hâlisanın	نیّت خالصهنڭ
niyet-i sadıka	نیّت صادقه
niyet-i sâdıka	نیّت صادقه
niyâz-mendiniz	نیاز مندیڭز
niyâz-ı arabî	نیاز عربی
niyâz-ı istirhâmkârâne	نیاز استرحامكارانه
niyâzî-i mısrî	نیازئ مصری
niyâzî-i mısrî'nin	نیازئ مصرینڭ
nizam-ı alem	نظام عالم
nizam-ı alemde	نظام عالمده
nizam-ı aleme	نظام عالمه
nizam-ı alemi	نظام عالمی
nizam-ı alemin	نظام عالمڭ
nizam-ı ekmel	نظام اكمل
nizam-ı kevn	نظام كون
nizamat-ı kainatın	نظامات كائناتڭ
nizamat-ı külliyesini	نظامات كلّیهسنی
nizamat-ı muayyene	نظامات معیّنه
nizâm-ı ekmel	نظام اكمل
nizâm-ı kevn	نظام كون
nizâm-ı âlem	نظام عالم
nizâm-ı âlemde	نظام عالمده
nizâm-ı âleme	نظام عالمه
nizâm-ı âlemi	نظام عالمی
nizâm-ı âlemin	نظام عالمڭ
nizâmât-ı kâinâtın	نظامات كائناتڭ
nizâmât-ı külliyesini	نظامات كلّیهسنی
nizâmât-ı muayyene	نظامات معیّنه
nişane-i tasdik	نشانهٔ تصدیق
nişâne-i tasdîk	نشانهٔ تصدیق
nokta da	نقطه ده
nokta-i istimdad	نقطهٔ استمداد
nokta-i istimdada	نقطهٔ استمداده
nokta-i istimdadı	نقطهٔ استمدادی
nokta-i istimdâd	نقطهٔ استمداد
nokta-i istimdâda	نقطهٔ استمداده
nokta-i istimdâdı	نقطهٔ استمدادی
nokta-i istinad	نقطهٔ استناد
nokta-i istinada	نقطهٔ استناده
nokta-i istinaddır	نقطهٔ استناددر
nokta-i istinadı	نقطهٔ استنادی
nokta-i istinadımız	نقطهٔ استنادیمز
nokta-i istinadın	نقطهٔ استنادڭ
nokta-i istinadını	نقطهٔ استنادینی
nokta-i istinâd	نقطهٔ استناد
nokta-i istinâda	نقطهٔ استناده
nokta-i istinâddır	نقطهٔ استناددر
nokta-i istinâdı	نقطهٔ استنادی
nokta-i istinâdımız	نقطهٔ استنادیمز
nokta-i istinâdın	نقطهٔ استنادڭ
nokta-i istinâdını	نقطهٔ استنادینی
nokta-i kemal	نقطهٔ كمال
nokta-i kemale	نقطهٔ كماله
nokta-i kemâl	نقطهٔ كمال
nokta-i kemâle	نقطهٔ كماله
nokta-i mihrakiye	نقطهٔ محراقیه
nokta-i mihrakiyesi	نقطهٔ محراقیهسی
nokta-i mihrâkiye	نقطهٔ محراقیه
nokta-i mihrâkiyesi	نقطهٔ محراقیهسی
nokta-i nazar	نقطهٔ نظر
nokta-i nazarda	نقطهٔ نظرده
nokta-i nazardan	نقطهٔ نظردن
nokta-i nazarımda	نقطهٔ نظرمده
nokta-i nazarında	نقطهٔ نظرنده
nokta-i nazarından	نقطهٔ نظرندن
nuh bey	نوح بك
nuh bey'in	نوح بكڭ
nukuş-u esmasını	نقوش اسماسنی
nukūş-u esmâsını	نقوش اسماسنی
numune-i iktida	نمونهٔ اقتدا
numune-i imtisal	نمونهٔ امتثال
numune-i rahmet-i alem	نمونهٔ رحمت عالم
numûne-i iktidâ	نمونهٔ اقتدا
numûne-i imtisâl	نمونهٔ امتثال
numûne-i rahmet-i âlem	نمونهٔ رحمت عالم
nun-u	نون
nun-u mütekellim-i maal-gayr	نون متكلّم مع الغیر
nur ki	نوركه
nur santrali sabri'nin	نور سانترالی صبرینڭ
nur-efşan	نور افشان
nur-u a'zam	نور اعظم
nur-u ahmedi	نور احمدیؐ
nur-u azimi	نور عظیمی
nur-u bedi'	نور بدیع
nur-u berzah	نور برزخ
nur-u ezel	نور ازل
nur-u fikir	نور فكر
nur-u hak	نور حق
nur-u hakikat	نور حقیقت
nur-u hakikat-eda	نور حقیقت ادا
nur-u hayat	نور حیات
nur-u hayata	نور حیاته
nur-u hayatı	نور حیاتی
nur-u hidayet	نور هدایت
nur-u hikmet	نور حكمت
nur-u huda	نور خدا
nur-u i'cazı	نور اعجازی
nur-u ilahi	نور الهی
nur-u iman	نور ایمان
nur-u imandan	نور ایماندن
nur-u imani	نور ایمانی
nur-u imanla	نور ایمانله
nur-u imanı	نور ایمانی
nur-u imanın	نور ایمانڭ
nur-u kur'an	نور قرآن
nur-u kur'an'la	نور قرآنله
nur-u kur'andan	نور قرآندن
nur-u kur'ani	نور قرآنی
nur-u kur'anı	نور قرآنی
nur-u ma'rifetine	نور معرفتنه
nur-u mevla	نور مولا
nur-u muhammedi	نور محمّدیؐ
nur-u nübüvvet	نور نبوّت
nur-u rahmani	نور رحمانی
nur-u rahmet-i alem	نور رحمت عالم
nur-u risalet	نور رسالت
nur-u samedani	نور صمدانی
nur-u tevhid	نور توحید
nur-u tevhidi	نور توحیدی
nur-u velayetle	نور ولایتله
nur-u vücud	نور وجود
nurcular da	نورجیلر ده
nurculara da	نورجیلره ده
nurdur ki	نوردركه
nuri efendi	نوری افندی
nuristan-ı rahmana	نورستان رحمانه
nurlar ki	نورلركه
nurların da	نورلرڭ ده
nuru'l-envar	نور الانوار
nuru'l-envar'ın	نور الانوارڭ
nuru'n-nur	نور النّور
nurun ala nur	نور علی نور
nâ-ehillerin	نا اهللرڭ
nâ-hoş	ناخوش
nâ-mahrem	نا محرم
nâ-meşrû'	نا مشروع
nâ-mütenâhî	نامتناهی
nâdire-i hikmet	نادرهٔ حكمت
nâil-i murâd	نائل مراد
nâka-i sâlih	ناقهٔ صالحؑ
nâm-ı diğer	نام دیكر
nâr-ı hayatı	نار حیاتی
nâşir-i efkârı	ناشر افكاری
nîl-i mübârek	نیل مبارك
nûh bey	نوح بك
nûh bey'in	نوح بكڭ
nûn-u	نون
nûn-u mütekellim-i maal-gayr	نون متكلّم مع الغیر
nûr ki	نوركه
nûr santrali sabrî'nin	نور سانترالی صبرینڭ
nûr-efşân	نور افشان
nûr-u a'zam	نور اعظم
nûr-u ahmedî	نور احمدیؐ
nûr-u azîmi	نور عظیمی
nûr-u bedî'	نور بدیع
nûr-u berzah	نور برزخ
nûr-u ezel	نور ازل
nûr-u fikir	نور فكر
nûr-u hak	نور حق
nûr-u hakîkat	نور حقیقت
nûr-u hakîkat-edâ	نور حقیقت ادا
nûr-u hayat	نور حیات
nûr-u hayata	نور حیاته
nûr-u hayatı	نور حیاتی
nûr-u hidâyet	نور هدایت
nûr-u hikmet	نور حكمت
nûr-u hudâ	نور خدا
nûr-u i'câzı	نور اعجازی
nûr-u ilâhî	نور الهی
nûr-u kur'ân	نور قرآن
nûr-u kur'ân'la	نور قرآنله
nûr-u kur'ândan	نور قرآندن
nûr-u kur'ânî	نور قرآنی
nûr-u kur'ânı	نور قرآنی
nûr-u ma'rifetine	نور معرفتنه
nûr-u mevlâ	نور مولا
nûr-u muhammedî	نور محمّدیؐ
nûr-u nübüvvet	نور نبوّت
nûr-u rahmet-i âlem	نور رحمت عالم
nûr-u rahmânî	نور رحمانی
nûr-u risâlet	نور رسالت
nûr-u samedânî	نور صمدانی
nûr-u tevhîd	نور توحید
nûr-u tevhîdi	نور توحیدی
nûr-u velâyetle	نور ولایتله
nûr-u vücûd	نور وجود
nûr-u îmân	نور ایمان
nûr-u îmândan	نور ایماندن
nûr-u îmânla	نور ایمانله
nûr-u îmânî	نور ایمانی
nûr-u îmânı	نور ایمانی
nûr-u îmânın	نور ایمانڭ
nûrcular da	نورجیلر ده
nûrculara da	نورجیلره ده
nûrdur ki	نوردركه
nûristân-ı rahmâna	نورستان رحمانه
nûrlar ki	نورلركه
nûrların da	نورلرڭ ده
nûru'l-envâr	نور الانوار
nûru'l-envâr'ın	نور الانوارڭ
nûru'n-nûr	نور النّور
nûrun alâ nûr	نور علی نور
nûrî efendi	نوری افندی
nübüvvet-i ahmediyenin	نبوّت احمدیهنڭؐ
nübüvvet-i ahmediyeyi	نبوّت احمدیهییؐ
nücum-u asumani	نجوم آسمانی
nücûm-u âsumânî	نجوم آسمانی
nüfus-u emmarenin	نفوس امّارهنڭ
nüfûs-u emmârenin	نفوس امّارهنڭ
nükte-i belagat	نكتهٔ بلاغت
nükte-i belâgat	نكتهٔ بلاغت
nükte-i ekberi	نكتهٔ اكبری
nükte-i i'caziyedir	نكتهٔ اعجازیهدر
nükte-i i'caziyenin	نكتهٔ اعجازیهنڭ
nükte-i i'caziyesi	نكتهٔ اعجازیهسی
nükte-i i'caziyeye	نكتهٔ اعجازیهیه
nükte-i i'caziyeyi	نكتهٔ اعجازیهیی
nükte-i i'câziyedir	نكتهٔ اعجازیهدر
nükte-i i'câziyenin	نكتهٔ اعجازیهنڭ
nükte-i i'câziyesi	نكتهٔ اعجازیهسی
nükte-i i'câziyeye	نكتهٔ اعجازیهیه
nükte-i i'câziyeyi	نكتهٔ اعجازیهیی
nükte-i kur'aniye	نكتهٔ قرآنیه
nükte-i kur'aniyedir ki	نكتهٔ قرآنیهدركه
nükte-i kur'âniye	نكتهٔ قرآنیه
nükte-i kur'âniyedir ki	نكتهٔ قرآنیهدركه
nükte-i mühimme	نكتهٔ مهمّه
nükte-i tevhidde	نكتهٔ توحیدده
nükte-i tevhîdde	نكتهٔ توحیدده
nüsha da	نسخه ده
nüsha-i barekallah	نسخهٔ بارك اللّه
nüsha-i bârekallâh	نسخهٔ بارك اللّه
nüsha-i musaggarası	نسخهٔ مصغّرهسی
nüshaları da	نسخهلری ده
nüzul-ü isa	نزول عیسیؑ
nüzul-ü vahyin	نزول وحیڭ
nüzûl-ü vahyin	نزول وحیڭ
nüzûl-ü îsâ	نزول عیسیؑ
nısf-ı ahirdeki	نصف آخردهكی
nısf-ı arz	نصف ارض
nısf-ı arzı	نصف ارضی
nısf-ı kutru	نصف قطری
nısf-ı âhirdeki	نصف آخردهكی
o da	او ده
odur ki	اودركه
oh de	اوخ دی
okunması da	اوقونمهسی ده
ol ki	اولكه
olabilir ki	اولابیلیركه
olabilir mi	اولابیلیرمی
olacak ki	اولاجقكه
olamaz ki	اولامازكه
olamaz mı	اولامازمی
olan ki	اولانكه
olanlar da	اولانلر ده
olanlara da	اولانلره ده
olanları da	اولانلری ده
olanlarımızın da	اولانلریمزڭ ده
olarak da	اولارق ده
oldu da	اولدی ده
oldu ki	اولدیكه
oldum ki	اولدمكه
olduğuna da	اولدیغنه ده
olduğundandır ki	اولدیغندندركه
olduğunu da	اولدیغنی ده
olmak da	اولمق ده
olmaktır ki	اولمقدركه
olmalı ki	اولملیكه
olmamış ki	اولمامشكه
olmasa da	اولماسه ده
olmasın ki	اولماسینكه
olmayacak mıdır	اولمایاجقمیدر
olmaz ki	اولمازكه
olmaz mı	اولمازمی
olmazsa da	اولمازسه ده
olmuyor mu	اولمایورمی
olmuş ki	اولمشكه
olmuş mu	اولمشمی
olmuşlar ki	اولمشلركه
olmuştur ki	اولمشدركه
olsa da	اولسه ده
olsa idi	اولسه ایدی
olsam da	اولسهم ده
olsun ki	اولسونكه
olsunlar ki	اولسونلركه
olunsun ki	اولونسونكه
olunuyor ki	اولونویوركه
olunuyorlar ki	اولونویورلركه
olunuz ki	اولیڭزكه
olup da	اولوب ده
olur da	اولور ده
olur ki	اولوركه
olur mu	اولورمی
olur mu ki	اولورمیكه
olurlar ki	اولورلركه
oluyor ki	اولویوركه
oluyorlar ki	اولویورلركه
oluyorsunuz ki	اولویورسڭزكه
oluyorum ki	اولویورمكه
on altı	اون آلتی
on altıncı	اون آلتنجی
on beş	اون بش
on beşinci	اون بشنجی
on bir	اون بر
on birinci	اون برنجی
on dokuz	اون طقوز
on dokuzuncu	اون طقوزنجی
on dokuzuncu mektub'da	اون طقوزنجی مكتوبده
on dördüncü	اون دردنجی
on dört	اون درت
on iki	اون ایكی
on ikinci	اون ایكنجی
on sekiz	اون سكز
on sekizinci	اون سكزنجی
on yedi	اون یدی
on yedinci	اون یدنجی
on yedinci lem'a	اون یدنجی لمعه
on yedinci söz	اون یدنجی سوز
on üç	اون اوچ
on üçüncü	اون اوچنجی
ona da	اوڭا ده
onda da	اونده ده
ondan da	اوندن ده
ondandır ki	اوندندركه
onlar da	اونلر ده
onlara da	اونلره ده
onlarda da	اونلرده ده
onlardır ki	اونلردركه
onları da	اونلری ده
onların da	اونلرڭ ده
onu da	اونی ده
onun da	اونڭ ده
onun ile	اونڭ ایله
onuncu söz	اوننجی سوز
onuncu söz'ün	اوننجی سوزڭ
onunla da	اونڭله ده
orada da	اوراده ده
oradan da	اورادن ده
oraya da	اورایه ده
ordu-misal	اوردو مثال
ordu-misâl	اوردو مثال
ordu-yu sübhani	اوردوی سبحانی
ordu-yu sübhanide	اوردوی سبحانیده
ordu-yu sübhânî	اوردوی سبحانی
ordu-yu sübhânîde	اوردوی سبحانیده
ordugah-ı zeminde	اوردوكاه زمینده
ordugâh-ı zemînde	اوردوكاه زمینده
osman halidi'nin	عثمان خالدینڭ
osman hâlidî'nin	عثمان خالدینڭ
osman nuri	عثمان نوری
osman nuri'nin	عثمان نورینڭ
osman-ı halidi	عثمان خالدیؒ
osman-ı halidi hazretleri'nin	عثمان خالدی حضرتلرینڭ
osmân nûrî	عثمان نوری
osmân nûrî'nin	عثمان نورینڭ
osmân-ı hâlidî	عثمان خالدیؒ
osmân-ı hâlidî hazretleri'nin	عثمان خالدی حضرتلرینڭ
otuz altı	اوتوز آلتی
otuz beş	اوتوز بش
otuz bir	اوتوز بر
otuz birinci	اوتوز برنجی
otuz birinci mektub'un	اوتوز برنجی مكتوبڭ
otuz dokuz	اوتوز طقوز
otuz dört	اوتوز درت
otuz iki	اوتوز ایكی
otuz ikinci	اوتوز ایكنجی
otuz ikinci lem'a	اوتوز ایكنجی لمعه
otuz ikinci söz	اوتوز ایكنجی سوز
otuz üç	اوتوز اوچ
otuz üçüncü	اوتوز اوچنجی
otuz üçüncü söz	اوتوز اوچنجی سوز
otuz üçüncü söz'ün	اوتوز اوچنجی سوزڭ
otuz-kırk	اوتوز قرق
otuzuncu mektub	اوتوزنجی مكتوب
otuzuncu mektûb	اوتوزنجی مكتوب
oğlun da	اوغلڭ ده
padişah-ı ali	پادشاه عالی
padişah-ı bi-misali'nin	پادشاه بی مثالنڭ
padişah-ı ezeli'nin	پادشاه ازلینڭ
padişah-ı ruhani	پادشاه روحانی
padişah-ı zülcelal'e	پادشاه ذوالجلاله
parça da	پارچه ده
parçaları da	پارچهلری ده
parçayı da	پارچهیی ده
pay-i mal	پایمال
pek de	پك ده
pencere-i ma'rifet	پنجرهٔ معرفت
perde-i esbab	پردهٔ اسباب
perde-i esbâb	پردهٔ اسباب
perde-i gafleti	پردهٔ غفلتی
perde-i gayb	پردهٔ غیب
perde-i gaybda	پردهٔ غیبده
perde-i gaybdan	پردهٔ غیبدن
perde-i hikmet	پردهٔ حكمت
perde-i izzettir	پردهٔ عزّتدر
perde-i ulviyi	پردهٔ علوی یی
perde-i ulvîyi	پردهٔ علوی یی
perdedar-ı dest-i kudret	پردهدار دست قدرت
perdedâr-ı dest-i kudret	پردهدار دست قدرت
perdesini de	پردهسنی ده
peygamber aleyhissalatü vesselam	پیغمبر علیه الصّلاة والسّلام
peygamber aleyhissalatü vesselam'a	پیغمبر علیه الصّلاة والسّلامه
peygamber aleyhissalatü vesselam'dan	پیغمبر علیه الصّلاة والسّلامدن
peygamber aleyhissalatü vesselam'ı	پیغمبر علیه الصّلاة والسّلامی
peygamber aleyhissalatü vesselam'ın	پیغمبر علیه الصّلاة والسّلامڭ
peygamber aleyhissalâtü vesselâm	پیغمبر علیه الصّلاة والسّلام
peygamber aleyhissalâtü vesselâm'a	پیغمبر علیه الصّلاة والسّلامه
peygamber aleyhissalâtü vesselâm'dan	پیغمبر علیه الصّلاة والسّلامدن
peygamber aleyhissalâtü vesselâm'ı	پیغمبر علیه الصّلاة والسّلامی
peygamber aleyhissalâtü vesselâm'ın	پیغمبر علیه الصّلاة والسّلامڭ
peygamber-i alişan	پیغمبر عالیشان
peygamber-i zişan	پیغمبر ذی شانؐ
peygamber-i zîşân	پیغمبر ذی شانؐ
peygamber-i âlîşân	پیغمبر عالیشان
peygamberimiz aleyhissalatü vesselam	پیغمبریمز علیه الصّلاة والسّلام
peygamberimiz aleyhissalâtü vesselâm	پیغمبریمز علیه الصّلاة والسّلام
pir-i muazzam	پیر معظّم
planları da	پلانلری ده
planı da	پلانی ده
plânları da	پلانلری ده
plânı da	پلانی ده
propaganda-i siyaset	پروپاغاندهٔ سیاست
propaganda-i siyasette	پروپاغاندهٔ سیاستده
propaganda-i siyâset	پروپاغاندهٔ سیاست
propaganda-i siyâsette	پروپاغاندهٔ سیاستده
pâdişâh-ı bî-misâlî'nin	پادشاه بی مثالنڭ
pâdişâh-ı ezelî'nin	پادشاه ازلینڭ
pâdişâh-ı rûhânî	پادشاه روحانی
pâdişâh-ı zülcelâl'e	پادشاه ذوالجلاله
pâdişâh-ı âlî	پادشاه عالی
pây-i mâl	پایمال
pîr-i muazzam	پیر معظّم
pür-kusur	پر قصور
pür-kusûr	پر قصور
pür-merak	پر مراق
pür-narız	پرنارز
pür-nur	پرنور
pür-nârız	پرنارز
pür-nûr	پرنور
rabb-i hakim'in	ربّ حكیمڭ
rabb-i hakîm'in	ربّ حكیمڭ
rabb-i kerim'in	ربّ كریمڭ
rabb-i kerîm'in	ربّ كریمڭ
rabb-i rahim	ربّ رحیم
rabb-i rahim'e	ربّ رحیمه
rabb-i rahim'in	ربّ رحیمڭ
rabb-i rahim'ine	ربّ رحیمنه
rabb-i rahimim	ربّ رحیمم
rabb-i rahimime	ربّ رحیممه
rabb-i rahimlerine	ربّ رحیملرینه
rabb-i rahîm	ربّ رحیم
rabb-i rahîm'e	ربّ رحیمه
rabb-i rahîm'in	ربّ رحیمڭ
rabb-i rahîm'ine	ربّ رحیمنه
rabb-i rahîmim	ربّ رحیمم
rabb-i rahîmime	ربّ رحیممه
rabb-i rahîmlerine	ربّ رحیملرینه
rabb-i vahid'e	ربّ واحده
rabb-i vâhid'e	ربّ واحده
rabb-i zülcelal'in	ربّ ذوالجلالڭ
rabb-i zülcelâl'in	ربّ ذوالجلالڭ
rabbimize ki	ربّمزهكه
rabbü'l-alemin	ربّ العالمین
rabbü'l-alemin'den	ربّ العالمیندن
rabbü'l-alemin'e	ربّ العالمینه
rabbü'l-alemin'in	ربّ العالمینڭ
rabbü'l-berri ve'l-bahr	ربّ البرّ والبحر
rabbü'l-felak	ربّ الفلق
rabbü'l-âlemîn	ربّ العالمین
rabbü'l-âlemîn'den	ربّ العالمیندن
rabbü'l-âlemîn'e	ربّ العالمینه
rabbü'l-âlemîn'in	ربّ العالمینڭ
rabt-ı kalb	ربط قلب
rabıta-i mevt	رابطهٔ موت
rabıta-i mevti	رابطهٔ موتی
rabıta-i mevtin	رابطهٔ موتڭ
rabıta-i mevttir	رابطهٔ موتدر
rabıta-i vahdet	رابطهٔ وحدت
radyoyu da	رادیویی ده
radıyallahü anh	رضی اللّه عنه
radıyallahü anhın	رضی اللّه عنهڭ
radıyallâhü anh	رضی اللّه عنه
radıyallâhü anhın	رضی اللّه عنهڭ
rah-ı hidayet	راه هدایت
rahat-ı kalb	راحت قلب
rahim-i hakim'in	رحیم حكیمڭ
rahim-i mutlak	رحیم مطلق
rahim-i mutlak'ın	رحیم مطلقڭ
rahim-i zat-ı zülcelal'in	رحیم ذات ذوالجلالڭ
rahim-i zülcemal	رحیم ذوالجمال
rahim-i zülcemal'in	رحیم ذوالجمالڭ
rahimiyet-i ilahiye	رحیمیّت الهیه
rahm-i maderde	رحم مادرده
rahm-i maderdeki	رحم مادردهكی
rahm-i mâderde	رحم مادرده
rahm-i mâderdeki	رحم مادردهكی
rahman-ı nurani	رحمن نورانی
rahman-ı rahim	رحمان رحیم
rahman-ı rahim'i	رحمن رحیمی
rahman-ı rahim'in	رحمان رحیمڭ
rahman-ı zülcemal	رحمان ذوالجمال
rahman-ı zülcemal'in	رحمان ذوالجمالڭ
rahmanü'r-rahim	رحمن الرّحیم
rahmanü'r-rahim'in	رحمن الرّحیمڭ
rahmet-i alem	رحمت عالم
rahmet-i amme	رحمت عامّه
rahmet-i bakiyenin	رحمت باقیهنڭ
rahmet-i bi-nihayenin	رحمت بی نهایهنڭ
rahmet-i bâkiyenin	رحمت باقیهنڭ
rahmet-i bî-nihâyenin	رحمت بی نهایهنڭ
rahmet-i cemalini	رحمت جمالنی
rahmet-i cemâlini	رحمت جمالنی
rahmet-i hassaya	رحمت خاصّهیه
rahmet-i hâssaya	رحمت خاصّهیه
rahmet-i ilahiye	رحمت الهیه
rahmet-i ilahiyeden	رحمت الهیهدن
rahmet-i ilahiyedir	رحمت الهیهدر
rahmet-i ilahiyenin	رحمت الهیهنڭ
rahmet-i ilahiyeye	رحمت الهیهیه
rahmet-i ilahiyeyi	رحمت الهیّهیی
rahmet-i ilâhiye	رحمت الهیه
rahmet-i ilâhiyeden	رحمت الهیهدن
rahmet-i ilâhiyedir	رحمت الهیهدر
rahmet-i ilâhiyenin	رحمت الهیهنڭ
rahmet-i ilâhiyeye	رحمت الهیهیه
rahmet-i ilâhiyeyi	رحمت الهیّهیی
rahmet-i mücessemeye	رحمت مجسّمهیه
rahmet-i rabbaniye	رحمت ربّانیه
rahmet-i rabbaniyenin	رحمت ربّانیهنڭ
rahmet-i rabbâniye	رحمت ربّانیه
rahmet-i rabbâniyenin	رحمت ربّانیهنڭ
rahmet-i rahman	رحمت رحمان
rahmet-i rahmana	رحمت رحمانه
rahmet-i rahmân	رحمت رحمان
rahmet-i rahmâna	رحمت رحمانه
rahmet-i vasia	رحمت واسعه
rahmet-i vasia-i muhita	رحمت واسعهٔ محیطه
rahmet-i vasiası	رحمت واسعهسی
rahmet-i vâsia	رحمت واسعه
rahmet-i vâsia-i muhîta	رحمت واسعهٔ محیطه
rahmet-i vâsiası	رحمت واسعهسی
rahmet-i âlem	رحمت عالم
rahmet-i âmme	رحمت عامّه
rahmeten li'l-alemin	رحمة للعالمین
rahmeten li'l-alemin'e	رحمة للعالمینه
rahmeten li'l-alemin'in	رحمة للعالمینڭ
rahmeten li'l-âlemîn	رحمة للعالمین
rahmeten li'l-âlemîn'e	رحمة للعالمینه
rahmeten li'l-âlemîn'in	رحمة للعالمینڭ
rahmeten lil'alemin	رحمة للعالمین
rahmeten lil'âlemîn	رحمة للعالمین
rahmeten-li'l-alemin	رحمة للعالمین
rahmeten-li'l-alemin'in	رحمة للعالمینڭ
rahmeten-li'l-âlemîn	رحمة للعالمین
rahmeten-li'l-âlemîn'in	رحمة للعالمینڭ
rahmân-ı nûrânî	رحمن نورانی
rahmân-ı rahîm	رحمان رحیم
rahmân-ı rahîm'i	رحمن رحیمی
rahmân-ı rahîm'in	رحمان رحیمڭ
rahmân-ı zülcemâl	رحمان ذوالجمال
rahmân-ı zülcemâl'in	رحمان ذوالجمالڭ
rahmânü'r-rahîm	رحمن الرّحیم
rahmânü'r-rahîm'in	رحمن الرّحیمڭ
rahîm-i hakîm'in	رحیم حكیمڭ
rahîm-i mutlak	رحیم مطلق
rahîm-i mutlak'ın	رحیم مطلقڭ
rahîm-i zât-ı zülcelâl'in	رحیم ذات ذوالجلالڭ
rahîm-i zülcemâl	رحیم ذوالجمال
rahîm-i zülcemâl'in	رحیم ذوالجمالڭ
rahîmiyet-i ilâhiye	رحیمیّت الهیه
ramazan-ı şerif	رمضان شریف
ramazan-ı şerif'de	رمضان شریفده
ramazan-ı şerif'deki	رمضان شریفدهكی
ramazan-ı şerif'den	رمضان شریفدن
ramazan-ı şerif'e	رمضان شریفه
ramazan-ı şerif'in	رمضان شریفڭ
ramazan-ı şerif'inizi	رمضان شریفڭزی
ramazan-ı şerif'te	رمضان شریفده
ramazan-ı şerif'teki	رمضان شریفدهكی
ramazan-ı şeriflerini	رمضان شریفلرینی
ramazân-ı şerîf	رمضان شریف
ramazân-ı şerîf'de	رمضان شریفده
ramazân-ı şerîf'deki	رمضان شریفدهكی
ramazân-ı şerîf'den	رمضان شریفدن
ramazân-ı şerîf'e	رمضان شریفه
ramazân-ı şerîf'in	رمضان شریفڭ
ramazân-ı şerîf'inizi	رمضان شریفڭزی
ramazân-ı şerîf'te	رمضان شریفده
ramazân-ı şerîf'teki	رمضان شریفدهكی
ramazân-ı şerîflerini	رمضان شریفلرینی
raporlar da	راپورلر ده
raporudur ki	راپوریدركه
ravza-i mutahhara	روضهٔ مطهّره
ravza-i mutahhara'nın	روضهٔ مطهّرهنڭ
ravza-i mutahhara'ya	روضهٔ مطهّرهیه
rağbet-i umumiyeye	رغبت عمومیهیه
rağbet-i umûmiyeye	رغبت عمومیهیه
re'fet bey	رأفت بك
re'fet bey'e	رأفت بكه
re'fet bey'in	رأفت بكڭ
rebiü'l-evvel	ربیع الأوّل
rebîü'l-evvel	ربیع الأوّل
receb-i şerif'inizi	رجب شریفڭزی
receb-i şerîf'inizi	رجب شریفڭزی
red de	رد ده
redd-i cevab	ردّ جواب
redd-i cevâb	ردّ جواب
redd-i müdahale	ردّ مداخله
redd-i müdâhale	ردّ مداخله
ref'-i tesettürün	رفع تستّرڭ
refik-i a'la'ya	رفیق اعلی یه
refika-i hayat	رفیقهٔ حیات
refika-i hayatı	رفیقهٔ حیاتی
refika-i hayatımdır	رفیقهٔ حیاتمدر
refika-i hayatına	رفیقهٔ حیاتڭه
refîk-i a'lâ'ya	رفیق اعلی یه
refîka-i hayat	رفیقهٔ حیات
refîka-i hayatı	رفیقهٔ حیاتی
refîka-i hayatımdır	رفیقهٔ حیاتمدر
refîka-i hayatına	رفیقهٔ حیاتڭه
rehber-i ekber	رهبر اكبر
rehber-i ekmel	رهبر اكمل
reis-i alem	رئیس عالم
reis-i cumhur	رئیس جمهور
reis-i cumhur'a	رئیس جمهوره
reis-i cumhur'un	رئیس جمهورڭ
reis-i cumhura	رئیس جمهوره
reis-i cumhurun	رئیس جمهورڭ
rekabet de	رقابت ده
rekābet de	رقابت ده
remizdir ki	رمزدركه
remz-i kur'anidir	رمز قرآنیدر
remz-i kur'ânîdir	رمز قرآنیدر
resail-i şerifelerinden	رسائل شریفهلرندن
resailü'n-nur	رسائل النّور
resailü'n-nur'a	رسائل النوره
resailü'n-nur'u	رسائل النوری
resailü'n-nur'un	رسائل النّورڭ
resm-i geçit	رسم كچیت
resm-i küşadda	رسم كشادده
resm-i küşâdda	رسم كشادده
resmen de	رسما ده
resul-i ekrem	رسول اكرم
resul-i ekrem aleyhissalatü vesselam	رسول اكرم علیه الصّلاة والسّلام
resul-ü ekrem	رسول اكرم
resul-ü ekrem aleyhissalatü vesselam	رسول اكرم علیه الصّلاة والسّلام
resul-ü ekrem aleyhissalatü vesselam'a	رسول اكرم علیه الصّلاة والسّلامه
resul-ü ekrem aleyhissalatü vesselam'dan	رسول اكرم علیه الصّلاة والسّلامدن
resul-ü ekrem aleyhissalatü vesselam'dır	رسول اكرم علیه الصّلاة والسّلامدر
resul-ü ekrem aleyhissalatü vesselam'ı	رسول اكرم علیه الصّلاة والسّلامی
resul-ü ekrem aleyhissalatü vesselam'ın	رسول اكرم علیه الصّلاة والسّلامڭ
resul-ü ekrem'i	رسول اكرمیؐ
resul-ü ekrem'in	رسول اكرمڭؐ
resul-ü ekrem'inin	رسول اكرمڭڭؐ
resâil-i şerîfelerinden	رسائل شریفهلرندن
resâilü'n-nûr	رسائل النّور
resâilü'n-nûr'a	رسائل النوره
resâilü'n-nûr'u	رسائل النوری
resâilü'n-nûr'un	رسائل النّورڭ
resûl-i ekrem	رسول اكرم
resûl-i ekrem aleyhissalâtü vesselâm	رسول اكرم علیه الصّلاة والسّلام
resûl-ü ekrem	رسول اكرم
resûl-ü ekrem aleyhissalâtü vesselâm	رسول اكرم علیه الصّلاة والسّلام
resûl-ü ekrem aleyhissalâtü vesselâm'a	رسول اكرم علیه الصّلاة والسّلامه
resûl-ü ekrem aleyhissalâtü vesselâm'dan	رسول اكرم علیه الصّلاة والسّلامدن
resûl-ü ekrem aleyhissalâtü vesselâm'dır	رسول اكرم علیه الصّلاة والسّلامدر
resûl-ü ekrem aleyhissalâtü vesselâm'ı	رسول اكرم علیه الصّلاة والسّلامی
resûl-ü ekrem aleyhissalâtü vesselâm'ın	رسول اكرم علیه الصّلاة والسّلامڭ
resûl-ü ekrem'i	رسول اكرمیؐ
resûl-ü ekrem'in	رسول اكرمڭؐ
resûl-ü ekrem'inin	رسول اكرمڭڭؐ
revabıt-ı kevniyeye	روابط كونیهیه
revâbıt-ı kevniyeye	روابط كونیهیه
rezzak-ı alem	رزّاق عالم
rezzak-ı hakiki	رزّاق حقیقی
rezzak-ı hakiki'nin	رزّاق حقیقینڭ
rezzak-ı hakim'in	رزّاق حكیمڭ
rezzak-ı kerim	رزّاق كریم
rezzak-ı kerim'in	رزّاق كریمڭ
rezzak-ı rahim	رزّاق رحیم
rezzak-ı rahim'in	رزّاق رحیمڭ
rezzak-ı zülcelal'inin	رزاق ذوالجلالنڭ
rezzâk-ı hakîkî	رزّاق حقیقی
rezzâk-ı hakîkî'nin	رزّاق حقیقینڭ
rezzâk-ı hakîm'in	رزّاق حكیمڭ
rezzâk-ı kerîm	رزّاق كریم
rezzâk-ı kerîm'in	رزّاق كریمڭ
rezzâk-ı rahîm	رزّاق رحیم
rezzâk-ı rahîm'in	رزّاق رحیمڭ
rezzâk-ı zülcelâl'inin	رزاق ذوالجلالنڭ
rezzâk-ı âlem	رزّاق عالم
reçete-i hikmet	رچتهٔ حكمت
reîs-i cumhûr	رئیس جمهور
reîs-i cumhûr'a	رئیس جمهوره
reîs-i cumhûr'un	رئیس جمهورڭ
reîs-i cumhûra	رئیس جمهوره
reîs-i cumhûrun	رئیس جمهورڭ
reîs-i âlem	رئیس عالم
riayet-i mesalih	رعایت مصالح
rikkat-i cinsiye	رقّت جنسیّه
rikkat-i cinsiyeden	رقّت جنسیّهدن
risalatü'l-envar	رسالات الانوار
risale de	رساله ده
risale-i arabiyemde	رسالهٔ عربیهمده
risale-i camiayı	رسالهٔ جامعهیی
risale-i hamidiye'de	رسالهٔ حمیدیهده
risale-i kader'de	رسالهٔ قدرده
risale-i kader'e	رسالهٔ قدره
risale-i kader'in	رسالهٔ قدرڭ
risale-i münacat'ın	رسالهٔ مناجاتڭ
risale-i nur	رسالهٔ نور
risale-i nur da	رسالهٔ نور ده
risale-i nur ki	رسالهٔ نوركه
risale-i nur'a	رسالهٔ نوره
risale-i nur'da	رسالهٔ نورده
risale-i nur'dadır	رسالهٔ نوردهدر
risale-i nur'daki	رسالهٔ نوردهكی
risale-i nur'dan	رسالهٔ نوردن
risale-i nur'dur	رسالهٔ نوردر
risale-i nur'dur ki	رسالهٔ نوردركه
risale-i nur'la	رسالهٔ نورله
risale-i nur'ları	رسالهٔ نورلری
risale-i nur'u	رسالهٔ نوری
risale-i nur'un	رسالهٔ نورڭ
risale-i nur'un da	رسالهٔ نورڭ ده
risale-i nur'undur	رسالهٔ نورڭدر
risale-i nura	رسالهٔ نوره
risale-i nurlar'dan	رسالهٔ نورلردن
risale-i nurların	رسالهٔ نورلرڭ
risale-i nurun	رسالهٔ نورڭ
risale-i şerife	رسالهٔ شریفه
risale-i şerifeler	رسالهٔ شریفهلر
risale-i şerifeleri	رسالهٔ شریفهلری
risale-i şerifelerin	رسالهٔ شریفهلرڭ
risaleciktir ki	رسالهجكدركه
risalei'n-nur	رسالهٔ النّور
risalei'n-nur'dur	رسالهٔ النوردر
risalei'n-nur'un	رسالهٔ النّورڭ
risaleler ki	رسالهلركه
risaleleri de	رسالهلری ده
risalesi de	رسالهسی ده
risalesi'dir ki	رسالهسیدركه
risalet-i ahmediye	رسالت احمدیهؐ
risalet-i ahmediye'ye	رسالت احمدیّهیهؐ
risalet-i ahmediyenin	رسالت احمدیهنڭؐ
risalet-i ahmediyeye	رسالت احمدیّهیهؐ
risalet-i ahmediyeyi	رسالت احمدیهییؐ
risalet-i muhammediye	رسالت محمّدیّهؐ
risalet-i muhammediye'ye	رسالت محمّدیهیهؐ
risalet-i muhammediyye	رسالت محمّدیّهؐ
risalet-i nur	رسالت نور
risalet-i nur'un	رسالت نورڭ
risaletü'n-nur	رسالة النّور
risaletü'n-nur'a	رسالة النّوره
risaletü'n-nur'da	رسالة النّورده
risaletü'n-nur'dan	رسالة النّوردن
risaletü'n-nur'u	رسالة النّوری
risaletü'n-nur'un	رسالة النّورڭ
risaleyi de	رسالهیی ده
risâle de	رساله ده
risâle-i arabiyemde	رسالهٔ عربیهمده
risâle-i câmiayı	رسالهٔ جامعهیی
risâle-i hamîdiye'de	رسالهٔ حمیدیهده
risâle-i kader'de	رسالهٔ قدرده
risâle-i kader'e	رسالهٔ قدره
risâle-i kader'in	رسالهٔ قدرڭ
risâle-i münâcât'ın	رسالهٔ مناجاتڭ
risâle-i nûr	رسالهٔ نور
risâle-i nûr da	رسالهٔ نور ده
risâle-i nûr ki	رسالهٔ نوركه
risâle-i nûr'a	رسالهٔ نوره
risâle-i nûr'da	رسالهٔ نورده
risâle-i nûr'dadır	رسالهٔ نوردهدر
risâle-i nûr'daki	رسالهٔ نوردهكی
risâle-i nûr'dan	رسالهٔ نوردن
risâle-i nûr'dur	رسالهٔ نوردر
risâle-i nûr'dur ki	رسالهٔ نوردركه
risâle-i nûr'la	رسالهٔ نورله
risâle-i nûr'ları	رسالهٔ نورلری
risâle-i nûr'u	رسالهٔ نوری
risâle-i nûr'un	رسالهٔ نورڭ
risâle-i nûr'un da	رسالهٔ نورڭ ده
risâle-i nûr'undur	رسالهٔ نورڭدر
risâle-i nûra	رسالهٔ نوره
risâle-i nûrlar'dan	رسالهٔ نورلردن
risâle-i nûrların	رسالهٔ نورلرڭ
risâle-i nûrun	رسالهٔ نورڭ
risâle-i şerîfe	رسالهٔ شریفه
risâle-i şerîfeler	رسالهٔ شریفهلر
risâle-i şerîfeleri	رسالهٔ شریفهلری
risâle-i şerîfelerin	رسالهٔ شریفهلرڭ
risâleciktir ki	رسالهجكدركه
risâlei'n-nûr	رسالهٔ النّور
risâlei'n-nûr'dur	رسالهٔ النوردر
risâlei'n-nûr'un	رسالهٔ النّورڭ
risâleler ki	رسالهلركه
risâleleri de	رسالهلری ده
risâlesi de	رسالهسی ده
risâlesi'dir ki	رسالهسیدركه
risâlet-i ahmediye	رسالت احمدیهؐ
risâlet-i ahmediye'ye	رسالت احمدیّهیهؐ
risâlet-i ahmediyenin	رسالت احمدیهنڭؐ
risâlet-i ahmediyeye	رسالت احمدیّهیهؐ
risâlet-i ahmediyeyi	رسالت احمدیهییؐ
risâlet-i muhammediye	رسالت محمّدیّهؐ
risâlet-i muhammediye'ye	رسالت محمّدیهیهؐ
risâlet-i muhammediyye	رسالت محمّدیّهؐ
risâlet-i nûr	رسالت نور
risâlet-i nûr'un	رسالت نورڭ
risâletü'n-nûr	رسالة النّور
risâletü'n-nûr'a	رسالة النّوره
risâletü'n-nûr'da	رسالة النّورده
risâletü'n-nûr'dan	رسالة النّوردن
risâletü'n-nûr'u	رسالة النّوری
risâletü'n-nûr'un	رسالة النّورڭ
risâleyi de	رسالهیی ده
risâlâtü'l-envâr	رسالات الانوار
rivayat-ı sahiha	روایات صحیحه
rivayet-i hadisiyedeki	روایت حدیثیّهدهكی
rivayet-i sahiha	روایت صحیحه
rivayet-i sahihada	روایت صحیحهده
rivayet-i sahihadan	روایت صحیحهدن
rivâyet-i hadîsiyedeki	روایت حدیثیّهدهكی
rivâyet-i sahîha	روایت صحیحه
rivâyet-i sahîhada	روایت صحیحهده
rivâyet-i sahîhadan	روایت صحیحهدن
rivâyât-ı sahîha	روایات صحیحه
riâyet-i mesâlih	رعایت مصالح
ru-yu zeminde	روی زمینده
ru-yu zemindeki	روی زمیندهكی
ru-yu zemini	روی زمینی
ru-yu zeminin	روی زمینڭ
rububiyet-i amme	ربوبیّت عامّه
rububiyet-i ammenin	ربوبیت عامّهنڭ
rububiyet-i ammesinin	ربوبیت عامّهسنڭ
rububiyet-i ilahiyenin	ربوبیت الهیهنڭ
rububiyet-i ilahiyeye	ربوبیت الهیهیه
rububiyet-i ilahiyeyi	ربوبیّت الهیّهیی
rububiyet-i mutlaka	ربوبیت مطلقه
rububiyet-i mutlaka-i ilahiyenin	ربوبیّت مطلقهٔ الهیهنڭ
rububiyet-i mutlakanın	ربوبیّت مطلقهنڭ
rububiyet-i mutlakası	ربوبیّت مطلقهسی
rubûbiyet-i ilâhiyenin	ربوبیت الهیهنڭ
rubûbiyet-i ilâhiyeye	ربوبیت الهیهیه
rubûbiyet-i ilâhiyeyi	ربوبیّت الهیّهیی
rubûbiyet-i mutlaka	ربوبیت مطلقه
rubûbiyet-i mutlaka-i ilâhiyenin	ربوبیّت مطلقهٔ الهیهنڭ
rubûbiyet-i mutlakanın	ربوبیّت مطلقهنڭ
rubûbiyet-i mutlakası	ربوبیّت مطلقهسی
rubûbiyet-i âmme	ربوبیّت عامّه
rubûbiyet-i âmmenin	ربوبیت عامّهنڭ
rubûbiyet-i âmmesinin	ربوبیت عامّهسنڭ
ruh u can	روح و جان
ruh u canla	روح و جانله
ruh u canlarıyla	روح و جانلریله
ruh u canımla	روح و جانمله
ruh u canımız	روح و جانمز
ruh u canımızla	روح و جانمزله
ruh u canınızla	روح و جانڭزله
ruh u canıyla	روح و جانیله
ruh-u beşer	روح بشر
ruh-u beşere	روح بشره
ruh-u beşerin	روح بشرڭ
ruh-u habis	روح خبیث
ruh-u insani	روح انسانی
ruh-u ma'nevisi	روح معنویسی
ruhsat-ı şer'iye	رخصت شرعیّه
ruhsat-ı şer'iyeyi	رخصت شرعیهیی
ruhu da	روحی ده
rumuzat-ı kur'aniye	رموزات قرآنیه
rumuzat-ı semaniye	رموزات ثمانیه
rumuzat-ı semaniye'ye	رموزات ثمانیهیه
rumûzât-ı kur'âniye	رموزات قرآنیه
rumûzât-ı semâniye	رموزات ثمانیه
rumûzât-ı semâniye'ye	رموزات ثمانیهیه
ruy-i zeminde	روی زمینده
ruy-u zemin	روی زمین
ruy-u zeminde	روی زمینده
ruy-u zemindeki	روی زمیندهكی
ruy-u zemini	روی زمینی
ruy-u zeminin	روی زمینڭ
râbıta-i mevt	رابطهٔ موت
râbıta-i mevti	رابطهٔ موتی
râbıta-i mevtin	رابطهٔ موتڭ
râbıta-i mevttir	رابطهٔ موتدر
râbıta-i vahdet	رابطهٔ وحدت
râh-ı hidâyet	راه هدایت
râhat-ı kalb	راحت قلب
rû-yu zemînde	روی زمینده
rû-yu zemîndeki	روی زمیندهكی
rû-yu zemîni	روی زمینی
rû-yu zemînin	روی زمینڭ
rûh u cân	روح و جان
rûh u cânla	روح و جانله
rûh u cânlarıyla	روح و جانلریله
rûh u cânımla	روح و جانمله
rûh u cânımız	روح و جانمز
rûh u cânımızla	روح و جانمزله
rûh u cânınızla	روح و جانڭزله
rûh u cânıyla	روح و جانیله
rûh-u beşer	روح بشر
rûh-u beşere	روح بشره
rûh-u beşerin	روح بشرڭ
rûh-u habîs	روح خبیث
rûh-u insanî	روح انسانی
rûh-u ma'nevîsi	روح معنویسی
rûhu da	روحی ده
rûy-i zemînde	روی زمینده
rûy-u zemîn	روی زمین
rûy-u zemînde	روی زمینده
rûy-u zemîndeki	روی زمیندهكی
rûy-u zemîni	روی زمینی
rûy-u zemînin	روی زمینڭ
rü'yet-i cemaline	رؤیت جمالنه
rü'yet-i cemalullah	رؤیت جمال اللّه
rü'yet-i cemâline	رؤیت جمالنه
rü'yet-i cemâlullâh	رؤیت جمال اللّه
rüesa-yı kureyş'den	رؤسای قریشدن
rüesâ-yı kureyş'den	رؤسای قریشدن
rükn-ü imani	ركن ایمانی
rükn-ü imaninin	ركن ایمانینڭ
rükn-ü imaniyi	ركن ایمانی یی
rükn-ü îmânî	ركن ایمانی
rükn-ü îmânînin	ركن ایمانینڭ
rükn-ü îmânîyi	ركن ایمانی یی
rütbe-i kabiliyet	رتبهٔ قابلیت
rütbe-i kābiliyet	رتبهٔ قابلیت
rüya-yı sadıka	رؤیای صادقه
rüya-yı sadıkada	رؤیای صادقهده
rüya-yı sadıkadır	رؤیای صادقهدر
rüya-yı sadıkanın	رؤیای صادقهنڭ
rüyâ-yı sâdıka	رؤیای صادقه
rüyâ-yı sâdıkada	رؤیای صادقهده
rüyâ-yı sâdıkadır	رؤیای صادقهدر
rüyâ-yı sâdıkanın	رؤیای صادقهنڭ
rüşdü efendi	رشدی افندی
rüşvet-i mutlaka	رشوت مطلقه
rıza-yı ilahi	رضای الهی
rıza-yı ilahi'den	رضای الهیدن
rıza-yı ilahi'yi	رضای الهی یی
rıza-yı ilahiden	رضای الهیدن
rıza-yı ilahidir	رضای الهیدر
rıza-yı ilahiye	رضای الهی یه
rıza-yı ilahiyi	رضای الهی یی
rızk-ı fıtri	رزق فطری
rızk-ı fıtrî	رزق فطری
rızk-ı helal	رزق حلال
rızk-ı helâl	رزق حلال
rızâ-yı ilâhî	رضای الهی
rızâ-yı ilâhî'den	رضای الهیدن
rızâ-yı ilâhî'yi	رضای الهی یی
rızâ-yı ilâhîden	رضای الهیدن
rızâ-yı ilâhîdir	رضای الهیدر
rızâ-yı ilâhîye	رضای الهی یه
rızâ-yı ilâhîyi	رضای الهی یی
rızıktır ki	رزقدركه
s nursi	س نورسی
s nûrsî	س نورسی
sa'd ibn-i ebi vakkas	سعد ابن ابی وقّاص
sa'd ibn-i ebî vakkās	سعد ابن ابی وقّاص
sa'd-ı taftazani	سعد تفتازانی
sa'd-ı taftâzânî	سعد تفتازانی
sa'di-i şirazi	سعدئ شیرازی
sa'di-i şirazi'nin	سعدئ شیرازینڭ
sa'dî-i şîrâzî	سعدئ شیرازی
sa'dî-i şîrâzî'nin	سعدئ شیرازینڭ
sa'y ü gayret	سعی و غیرت
saadet-aver	سعادت آور
saadet-i	سعادت
saadet-i acile	سعادت عاجله
saadet-i bakiyeleri	سعادت باقیهلری
saadet-i bakiyeye	سعادت باقیهیه
saadet-i beşeriye	سعادت بشریّه
saadet-i dareyn	سعادت دارین
saadet-i dareyndir	سعادت داریندر
saadet-i dareyne	سعادت دارینه
saadet-i dareyni	سعادت دارینی
saadet-i dareynin	سعادت دارینڭ
saadet-i dâreynin	سعادت دارینڭ
saadet-i dünyayı	سعادت دنیایی
saadet-i dünyeviye	سعادت دنیویه
saadet-i dünyeviyenin	سعادت دنیویهنڭ
saadet-i dünyeviyesi	سعادت دنیویهسی
saadet-i dünyeviyeye	سعادت دنیویهیه
saadet-i dünyâyı	سعادت دنیایی
saadet-i ebediye	سعادت ابدیه
saadet-i ebediyede	سعادت ابدیهده
saadet-i ebediyedir	سعادت ابدیهدر
saadet-i ebediyeme	سعادت ابدیهمه
saadet-i ebediyenin	سعادت ابدیهنڭ
saadet-i ebediyesini	سعادت ابدیهسنی
saadet-i ebediyeye	سعادت ابدیهیه
saadet-i ebediyeyi	سعادت ابدیهیی
saadet-i hayatiye	سعادت حیاتیه
saadet-i hayatiyesi	سعادت حیاتیهسی
saadet-i hayatiyeyi	سعادت حیاتیهیی
saadet-i sermediye	سعادت سرمدیه
saadet-i sermediyeye	سعادت سرمدیهیه
saadet-i uhreviye	سعادت اخرویه
saadet-i uhreviyesi	سعادت اخرویهسی
saadet-i uhreviyeye	سعادت اخرویهیه
saadet-i uzma	سعادت عظما
saadet-i uzmaya	سعادت عظمایه
saadet-i uzmâ	سعادت عظما
saadet-i uzmâya	سعادت عظمایه
saadet-i âcile	سعادت عاجله
saadet-âver	سعادت آور
saadetimi de	سعادتمی ده
saat-i kübrası	ساعت كبراسی
sabittir ki	ثابتدركه
sabr-ı cemil	صبر جمیل
sabr-ı cemîl	صبر جمیل
sabri efendi	صبری افندی
sabri efendi'nin	صبری افندینڭ
sabrî efendi	صبری افندی
sabrî efendi'nin	صبری افندینڭ
sabur de	صبور دی
sabûr de	صبور دی
sada-yı semavi	صدای سماوی
sadaka-i makbule	صدقهٔ مقبوله
sadaka-i makbûle	صدقهٔ مقبوله
sadâ-yı semâvî	صدای سماوی
sadık bey	صادق بك
sadık bey'in	صادق بكڭ
sadıku'l-va'di'l-kerim	صادق الوعد الكریم
saff-ı evvel	صفّ اوّل
safha-i renginine	صفحهٔ رنكیننه
safha-i rengînine	صفحهٔ رنكیننه
saha-i faaliyete	ساحهٔ فعالیته
sahabe-i kiram'a	صحابهٔ كرامه
sahaif-i nukuş-u sübhaniye	صحائف نقوش سبحانیّه
sahba-yı kudsiyet	صهبای قدسیت
sahbâ-yı kudsiyet	صهبای قدسیت
sahib-i hakikileri	صاحب حقیقیلری
sahib-i hakikisine	صاحب حقیقیسنه
sahib-i inayet	صاحب عنایت
sahib-i kelama	صاحب كلامه
sahib-i kelamı	صاحب كلامی
sahib-i kemalim	صاحب كمالم
sahib-i tasarruf	صاحب تصرّف
sahib-i şeriat	صاحب شریعت
sahibi de	صاحبی ده
sahibsiz de	صاحبسز ده
sahibü'l-yed	صاحب الید
sahibü's-seyf	صاحب السیف
sahife-i a'maline	صحیفهٔ اعمالنه
sahife-i a'malini	صحیفهٔ اعمالنی
sahife-i alemde	صحیفهٔ عالمده
sahife-i amelleri	صحیفهٔ عمللری
sahife-i hasenatına	صحیفهٔ حسناتنه
sahife-i havaiyenin	صحیفهٔ هوائیهنڭ
sahife-i hayatını	صحیفهٔ حیاتنی
sahife-i ibret	صحیفهٔ عبرت
sahife-i tevhid	صحیفهٔ توحید
sahil-i selamet	ساحل سلامت
sahil-i selamete	ساحل سلامته
sahra-yı bedeviyette	صحرای بدویتده
sahra-yı kebir	صحرای كبیر
sahrâ-yı bedeviyette	صحرای بدویتده
sahrâ-yı kebîr	صحرای كبیر
sahâbe-i kirâm'a	صحابهٔ كرامه
sahâif-i nukūş-u sübhâniye	صحائف نقوش سبحانیّه
sahîfe-i a'mâline	صحیفهٔ اعمالنه
sahîfe-i a'mâlini	صحیفهٔ اعمالنی
sahîfe-i amelleri	صحیفهٔ عمللری
sahîfe-i hasenâtına	صحیفهٔ حسناتنه
sahîfe-i havâiyenin	صحیفهٔ هوائیهنڭ
sahîfe-i hayatını	صحیفهٔ حیاتنی
sahîfe-i ibret	صحیفهٔ عبرت
sahîfe-i tevhîd	صحیفهٔ توحید
sahîfe-i âlemde	صحیفهٔ عالمده
said de	سعید ده
said nursi	سعید نورسی
said nursi'nin	سعید نورسینڭ
said'in de	سعیدڭ ده
said-i kürdi	سعید كردی
saidü'l-kürdi	سعید الكردی
saidü'n nursi	سعید النّورسی
saidü'n-nursi	سعید النّورسی
saidü'n-nursi bediüzzaman	سعید النّورسی بدیع الزّمان
saidü'n-nursi hazretleri	سعید النّورسی حضرتلری
saidü'n-nursi'dir	سعید النّورسیدر
saidü'n-nursi'nin	سعید النّورسینڭ
saidü'n-nursi'ye	سعید النّورسی یه
saidü'n-nursi'yi	سعید النّورسی یی
sail-i misali	سائل مثالی
salabet-i diniye	صلابت دینیّه
salabet-i diniyesini	صلابت دینیّهسنی
salah-ı hal	صلاح حال
salahaddin çelebi	صلاح الدّین چلبی
salahaddin çelebi'nin	صلاح الدّین چلبینڭ
salat ü selam	صلات و سلام
salat-ı kübrada	صلات كبراده
salavat-ı şerife	صلوات شریفه
salavat-ı şerifeye	صلوات شریفهیه
salavat-ı şerifeyi	صلوات شریفهیی
salavât-ı şerîfe	صلوات شریفه
salavât-ı şerîfeye	صلوات شریفهیه
salavât-ı şerîfeyi	صلوات شریفهیی
salifü'l-arz	سالف العرض
sallallahü aleyhi ve sellem	صلّی اللّه علیه وسلّم
sallallahü aleyhi vesellem	صلّی اللّه علیه وسلّم
sallallahü teala aleyhi ve sellem	صلّی اللّه تعالی علیه وسلّم
sallallâhü aleyhi ve sellem	صلّی اللّه علیه وسلّم
sallallâhü aleyhi vesellem	صلّی اللّه علیه وسلّم
sallallâhü teâlâ aleyhi ve sellem	صلّی اللّه تعالی علیه وسلّم
saltanat-ı amme-i sübhaniye	سلطنت عامهٔ سبحانیه
saltanat-ı bakiyeyi	سلطنت باقیهیی
saltanat-ı bâkiyeyi	سلطنت باقیهیی
saltanat-ı hind'in	سلطنت هندڭ
saltanat-ı ilahiyenin	سلطنت الهیهنڭ
saltanat-ı ilâhiyenin	سلطنت الهیهنڭ
saltanat-ı kudsiyesi	سلطنت قدسیهسی
saltanat-ı rububiyet	سلطنت ربوبیت
saltanat-ı rububiyeti	سلطنت ربوبیّتی
saltanat-ı rububiyetin	سلطنت ربوبیتڭ
saltanat-ı rububiyetini	سلطنت ربوبیّتنی
saltanat-ı rububiyetinin	سلطنت ربوبیتڭڭ
saltanat-ı rubûbiyet	سلطنت ربوبیت
saltanat-ı rubûbiyeti	سلطنت ربوبیّتی
saltanat-ı rubûbiyetin	سلطنت ربوبیتڭ
saltanat-ı rubûbiyetini	سلطنت ربوبیّتنی
saltanat-ı rubûbiyetinin	سلطنت ربوبیتڭڭ
saltanat-ı sermediye	سلطنت سرمدیه
saltanat-ı uluhiyet	سلطنت الوهیت
saltanat-ı uluhiyetin	سلطنت الوهیتڭ
saltanat-ı uluhiyetine	سلطنت الوهیتڭه
saltanat-ı uluhiyetini	سلطنت الوهیّتنی
saltanat-ı ulûhiyet	سلطنت الوهیت
saltanat-ı ulûhiyetin	سلطنت الوهیتڭ
saltanat-ı ulûhiyetine	سلطنت الوهیتڭه
saltanat-ı ulûhiyetini	سلطنت الوهیّتنی
saltanat-ı âmme-i sübhâniye	سلطنت عامهٔ سبحانیه
salâbet-i dîniye	صلابت دینیّه
salâbet-i dîniyesini	صلابت دینیّهسنی
salâh-ı hâl	صلاح حال
salâhaddin çelebi	صلاح الدّین چلبی
salâhaddin çelebi'nin	صلاح الدّین چلبینڭ
salât ü selâm	صلات و سلام
salât-ı kübrâda	صلات كبراده
samediyet-i ilahiyenin	صمدیت الهیهنڭ
samediyet-i ilâhiyenin	صمدیت الهیهنڭ
samsunlu ihsan	صامسونلی احسان
samsunlu ihsân	صامسونلی احسان
san'at-ı acibesiyle	صنعت عجیبهسیله
san'at-ı acîbesiyle	صنعت عجیبهسیله
san'at-ı ilahi	صنعت الهی
san'at-ı ilahiye	صنعت الهیّه
san'at-ı ilahiyedir	صنعت الهیهدر
san'at-ı ilahiyenin	صنعت الهیّهنڭ
san'at-ı ilahiyeyi	صنعت الهیهیی
san'at-ı ilâhiye	صنعت الهیّه
san'at-ı ilâhiyedir	صنعت الهیهدر
san'at-ı ilâhiyenin	صنعت الهیّهنڭ
san'at-ı ilâhiyeyi	صنعت الهیهیی
san'at-ı ilâhî	صنعت الهی
san'at-ı rabbaniye	صنعت ربّانیه
san'at-ı rabbâniye	صنعت ربّانیه
sana da	سڭا ده
sana mı	سڭامی
sancak-ı şerifi	صانجاق شریفی
sancak-ı şerîfi	صانجاق شریفی
sandukça-i cevahir	صندوقچهٔ جواهر
sandukça-i cevâhir	صندوقچهٔ جواهر
sani'-i alem	صانع عالم
sani'-i alem'in	صانع عالمڭ
sani'-i hakim	صانع حكیم
sani'-i hakim'e	صانع حكیمه
sani'-i hakim'i	صانع حكیمی
sani'-i hakim'in	صانع حكیمڭ
sani'-i hakim-i zülcelal'in	صانع حكیم ذوالجلالڭ
sani'-i hakiminin	صانع حكیمنڭ
sani'-i hakimlerinin	صانع حكیملرینڭ
sani'-i kadim'i	صانع قدیمی
sani'-i kadir	صانع قدیر
sani'-i kadir'in	صانع قدیرڭ
sani'-i kainat'ın	صانع كائناتڭ
sani'-i kerim	صانع كریم
sani'-i mevcudat	صانع موجودات
sani'-i vahid'e	صانع واحده
sani'-i vahid'in	صانع واحدڭ
sani'-i zülcelal	صانع ذوالجلال
sani'-i zülcelal'de	صانع ذوالجلالده
sani'-i zülcelal'e	صانع ذوالجلاله
sani'-i zülcelal'i	صانع ذوالجلالی
sani'-i zülcelal'in	صانع ذوالجلالڭ
sani'-i zülcelal'ine	صانع ذوالجلالنه
sani'-i zülcelal'inin	صانع ذوالجلالنڭ
sani'-i zülcemal	صانع ذوالجمال
sani'-i zülcemal'inin	صانع ذوالجمالنڭ
sani'-i zülkemal'in	صانع ذوالكمالڭ
sarahat-i kat'iye	صراحت قطعیّه
sarahat-i kat'iyesiyle	صراحت قطعیهسیله
saray-ı alem	سرای عالم
saray-ı alemin	سرای عالمڭ
saray-ı kainatın	سرای كائناتڭ
saray-ı kâinâtın	سرای كائناتڭ
saray-ı meşhuresi	سرای مشهورهسی
saray-ı meşhûresi	سرای مشهورهسی
saray-ı muhteşemin	سرای محتشمڭ
saray-ı vuslat	سرای وصلت
saray-ı vücudun	سرای وجودڭ
saray-ı vücûdun	سرای وجودڭ
saray-ı âlem	سرای عالم
saray-ı âlemin	سرای عالمڭ
saraydır ki	سرایدركه
saraylarda da	سرایلرده ده
sarf-ı himmet	صرف همّت
sarf-ı mesai	صرف مساعی
sarf-ı mesâî	صرف مساعی
sarf-ı nazar	صرف نظر
sarâhat-i kat'iye	صراحت قطعیّه
sarâhat-i kat'iyesiyle	صراحت قطعیهسیله
sath-ı alemde	سطح عالمده
sath-ı arz	سطح ارض
sath-ı arzda	سطح ارضده
sath-ı âlemde	سطح عالمده
satır-ı nurani	سطر نورانی
satır-ı nûrânî	سطر نورانی
savm-ı visal	صوم وصال
savm-ı visâl	صوم وصال
savtı ki	صوتیكه
sayılır mı	صاییلیرمی
saâdet-i bâkiyeleri	سعادت باقیهلری
saâdet-i bâkiyeye	سعادت باقیهیه
saâdet-i dâreyn	سعادت دارین
saâdet-i dâreyndir	سعادت داریندر
saâdet-i dâreyne	سعادت دارینه
saâdet-i dâreyni	سعادت دارینی
saâdet-i dünyeviye	سعادت دنیویه
saâdet-i dünyeviyesi	سعادت دنیویهسی
saâdet-i ebediye	سعادت ابدیه
saâdet-i ebediyede	سعادت ابدیهده
saâdet-i ebediyeme	سعادت ابدیهمه
saâdet-i ebediyenin	سعادت ابدیهنڭ
saâdet-i ebediyesini	سعادت ابدیهسنی
saâdet-i ebediyeye	سعادت ابدیهیه
saâdet-i ebediyeyi	سعادت ابدیهیی
saâdet-i hayâtiye	سعادت حیاتیه
saâdet-i hayâtiyesi	سعادت حیاتیهسی
saâdet-i sermediye	سعادت سرمدیه
saâdet-i sermediyeye	سعادت سرمدیهیه
saâdet-i uhreviye	سعادت اخرویه
saâdet-i uhreviyesi	سعادت اخرویهسی
saîd de	سعید ده
saîd nûrsî	سعید نورسی
saîd nûrsî'nin	سعید نورسینڭ
saîd'in de	سعیدڭ ده
saîd-i kürdî	سعید كردی
saîdü'l-kürdî	سعید الكردی
saîdü'n nûrsî	سعید النّورسی
saîdü'n-nûrsî	سعید النّورسی
saîdü'n-nûrsî bedîüzzamân	سعید النّورسی بدیع الزّمان
saîdü'n-nûrsî hazretleri	سعید النّورسی حضرتلری
saîdü'n-nûrsî'dir	سعید النّورسیدر
saîdü'n-nûrsî'nin	سعید النّورسینڭ
saîdü'n-nûrsî'ye	سعید النّورسی یه
saîdü'n-nûrsî'yi	سعید النّورسی یی
sebeb de	سبب ده
sebeb-i bereket	سبب بركت
sebeb-i garaz	سبب غرض
sebeb-i hilkati	سبب خلقتی
sebeb-i husulü	سبب حصولی
sebeb-i husûlü	سبب حصولی
sebeb-i ihtilaf	سبب اختلاف
sebeb-i ihtilâf	سبب اختلاف
sebeb-i itham	سبب اتهام
sebeb-i ithamımız	سبب اتهاممز
sebeb-i ithâm	سبب اتهام
sebeb-i ithâmımız	سبب اتهاممز
sebeb-i ittihamım	سبب اتهامم
sebeb-i ittihâmım	سبب اتهامم
sebeb-i izzet	سبب عزّت
sebeb-i kusur	سبب قصور
sebeb-i kusûr	سبب قصور
sebeb-i mes'uliyet	سبب مسئولیت
sebeb-i mes'ûliyet	سبب مسئولیت
sebeb-i muhabbet	سبب محبّت
sebeb-i münakaşa	سبب مناقشه
sebeb-i münâkaşa	سبب مناقشه
sebeb-i necat	سبب نجات
sebeb-i necât	سبب نجات
sebeb-i nuzulü	سبب نزولی
sebeb-i nuzûlü	سبب نزولی
sebeb-i saadet	سبب سعادت
sebeb-i saadetim	سبب سعادتم
sebeb-i saâdet	سبب سعادت
sebeb-i te'lifi	سبب تألیفی
sebeb-i te'lîfi	سبب تألیفی
sebeb-i tesmiyesi	سبب تسمیهسی
sebeb-i teşvik	سبب تشویق
sebeb-i teşvîk	سبب تشویق
sebeb-i vücudu	سبب وجودی
sebeb-i vücududur	سبب وجودیدر
sebeb-i vücûdu	سبب وجودی
sebeb-i vücûdudur	سبب وجودیدر
sebebi de	سببی ده
sebilü'r-reşad	سبیل الرّشاد
sebilü'r-reşad'ın	سبیل الرّشادڭ
sebîlü'r-reşâd	سبیل الرّشاد
sebîlü'r-reşâd'ın	سبیل الرّشادڭ
secaya-yı aliye	سجایای عالیه
secaya-yı samiye	سجایای سامیه
secde-i hayret	سجدهٔ حیرت
seciye-i diniye	سجیّهٔ دینیّه
seciye-i dîniye	سجیّهٔ دینیّه
seciye-i fıtriye	سجیهٔ فطریه
seciye-i milliyede	سجیّهٔ ملّیّهده
secâyâ-yı sâmiye	سجایای سامیه
secâyâ-yı âliye	سجایای عالیه
sedd-i kur'ani	سدّ قرآنی
sedd-i kur'ânî	سدّ قرآنی
sedd-i zülkarneyn	سدّ ذوالقرنین
sedd-i zülkarneyn'in	سدّ ذوالقرنینڭ
sedd-i çininin	سدّ چینینڭ
sedd-i çinînin	سدّ چینینڭ
sefahet-i mutlakaya	سفاهت مطلقهیه
sefine-i nuh	سفینهٔ نوح
sefine-i rabbaniye	سفینهٔ ربّانیه
sefine-i rabbaniyede	سفینهٔ ربّانیهده
sefine-i sultaniyede	سفینهٔ سلطانیهده
sefine-i sübhaniye	سفینهٔ سبحانیه
sefâhet-i mutlakaya	سفاهت مطلقهیه
sefîne-i nûh	سفینهٔ نوح
sefîne-i rabbâniye	سفینهٔ ربّانیه
sefîne-i rabbâniyede	سفینهٔ ربّانیهده
sefîne-i sultâniyede	سفینهٔ سلطانیهده
sefîne-i sübhâniye	سفینهٔ سبحانیه
sehavet-i mutlaka	سخاوت مطلقه
sehl-i mümteni'	سهل ممتنع
sehpa-yı adalet	سهپای عدالت
sehpâ-yı adâlet	سهپای عدالت
sehâvet-i mutlaka	سخاوت مطلقه
sekene-i arz	سكنهٔ ارض
sekiz yüz	سكز یوز
sekiz yüz on	سكز یوز اون
sekiz-dokuz	سكز طوقوز
sekiz-on	سكز اون
sekizinci şua'	سكزنجی شعاع
sekizinci şuâ'	سكزنجی شعاع
seksen altı	سكسان آلتی
seksen beş	سكسان بش
seksen bir	سكسان بر
seksen üç	سكسان اوچ
selamet-i iman	سلامت ایمان
selamet-i imanlarına	سلامت ایمانلرینه
selamet-i kalb	سلامت قلب
selamet-i kalbini	سلامت قلبنی
selamet-i millet	سلامت ملّت
selaset-i fıtriyesini	سلاست فطریهسنی
selaset-i lisanı	سلاست لسانی
selef-i salihin	سلف صالحین
selef-i salihinden	سلف صالحیندن
selef-i salihine	سلف صالحینه
selef-i salihinin	سلف صالحینڭ
selef-i sâlihîn	سلف صالحین
selef-i sâlihînden	سلف صالحیندن
selef-i sâlihîne	سلف صالحینه
selef-i sâlihînin	سلف صالحینڭ
selâmet-i kalb	سلامت قلب
selâmet-i kalbini	سلامت قلبنی
selâmet-i millet	سلامت ملّت
selâmet-i îmân	سلامت ایمان
selâmet-i îmânlarına	سلامت ایمانلرینه
selâset-i fıtriyesini	سلاست فطریهسنی
selâset-i lisânı	سلاست لسانی
sema-yı kur'anın	سمای قرآنڭ
sema-yı ma'neviyenin	سمای معنویهنڭ
sema-yı ma'neviyeyi	سمای معنویهیی
sema-yı risaletin	سمای رسالتڭ
semavidir ki	سماویدركه
semerat-ı uhreviye	ثمرات اخرویه
semere-i hayatı	ثمرهٔ حیاتی
semere-i kainat	ثمرهٔ كائنات
semere-i kainatı	ثمرهٔ كائناتی
semere-i kâinât	ثمرهٔ كائنات
semere-i kâinâtı	ثمرهٔ كائناتی
semerât-ı uhreviye	ثمرات اخرویه
semm-i katil	سمّ قاتل
semm-i kātil	سمّ قاتل
semâ-yı kur'ânın	سمای قرآنڭ
semâ-yı ma'neviyenin	سمای معنویهنڭ
semâ-yı ma'neviyeyi	سمای معنویهیی
semâ-yı risâletin	سمای رسالتڭ
semâvîdir ki	سماویدركه
sen de	سن ده
sen ki	سنكه
sene de	سنه ده
sene-i iktisad	سنهٔ اقتصاد
sene-i iktisâd	سنهٔ اقتصاد
seneden beri	سنهدنبری
seneden beridir	سنهدنبریدر
senedir de	سنهدر ده
senelerden beri	سنهلردنبری
seni de	سنی ده
senin de	سنڭ ده
serair-i ilahi	سرائر الهی
serbestiyet-i vicdan	سربستیّت وجدان
serbestiyet-i vicdân	سربستیّت وجدان
sergüzeşt-i hayatlarını	سركذشت حیاتلرینی
sergüzeşt-i hayatı	سركذشت حیاتی
sergüzeşt-i hayatım	سركذشت حیاتم
sergüzeşt-i hayatıma	سركذشت حیاتمه
sergüzeşt-i hayatımın	سركذشت حیاتمڭ
seriü'z-zeval	سریع الزّوال
serkatibi ki	سركاتبیكه
serkâtibi ki	سركاتبیكه
sermaye-i ömrümün	سرمایهٔ عمریمڭ
sermaye-i ömrünü	سرمایهٔ عمرینی
sermediyet-i hakimiyeti	سرمدیت حاكمیتی
sermediyet-i hâkimiyeti	سرمدیت حاكمیتی
sermâye-i ömrümün	سرمایهٔ عمریمڭ
sermâye-i ömrünü	سرمایهٔ عمرینی
sertac-ı evliya	سرتاج اولیا
sertâc-ı evliyâ	سرتاج اولیا
servet-i ebediye	ثروت ابدیه
serâir-i ilâhî	سرائر الهی
serîü'z-zevâl	سریع الزّوال
sevab da	ثواب ده
sevab-ı a'mal	ثواب اعمال
sevab-ı uhrevi	ثواب اخروی
sevad-ı a'zam	سواد اعظم
sevdiklerimden de	سودكلرمدن ده
sevk-i fıtri	سوق فطری
sevk-i fıtrî	سوق فطری
sevk-i kaderi	سوق قدری
sevk-i kaderî	سوق قدری
sevk-i rabbani	سوق ربّانی
sevk-i rabbânî	سوق ربّانی
sevk-i tabii	سوق طبیعی
sevk-i tabîî	سوق طبیعی
sevse de	سوسه ده
sevâb da	ثواب ده
sevâb-ı a'mâl	ثواب اعمال
sevâb-ı uhrevî	ثواب اخروی
sevâd-ı a'zam	سواد اعظم
seyahat-i fikriyede	سیاحت فكریّهده
seyahat-i hayaliye	سیاحت خیالیه
seyahat-i kalbiye	سیاحت قلبیه
seyahat-i kalbiyede	سیاحت قلبیهده
seyahat-i ruhiyede	سیاحت روحیّهده
seyf-i rahmet-i alem	سیف رحمت عالم
seyf-i rahmet-i âlem	سیف رحمت عالم
seyl-i kainatın	سیل كائناتڭ
seyl-i kâinâtın	سیل كائناتڭ
seyl-i zaman	سیل زمان
seyl-i şuunatın	سیل شئوناتڭ
seyl-i şuûnâtın	سیل شئوناتڭ
seyr ü sefer	سیر و سفر
seyr ü seyahat	سیر و سیاحت
seyr ü seyahatine	سیر و سیاحتنه
seyr ü seyâhatine	سیر و سیاحتنه
seyr ü süluk	سیر و سلوك
seyr ü sülûk	سیر و سلوك
seyr-i afaki	سیر آفاقی
seyr-i enfüsi	سیر انفسی
seyr-i enfüsî	سیر انفسی
seyr-i kalbi	سیر قلبی
seyr-i kalbî	سیر قلبی
seyr-i ruhani	سیر روحانی
seyr-i rûhânî	سیر روحانی
seyr-i seri'	سیر سریع
seyr-i serî'	سیر سریع
seyr-i âfâkî	سیر آفاقی
seyyalat-ı latife	سیّالات لطیفه
seyyale-i latifeyi	سیّالهٔ لطیفهیی
seyyid nur muhammed'dir	سیّد نور محمّددر
seyyid nûr muhammed'dir	سیّد نور محمّددر
seyyid salih	سیّد صالح
seyyid salih'in	سیّد صالحڭ
seyyid sâlih	سیّد صالح
seyyid sâlih'in	سیّد صالحڭ
seyyid şefik	سیّد شفیق
seyyid şefîk	سیّد شفیق
seyyidü'l-beşer	سیّد البشر
seyyidü'l-mürselin	سیّد المرسلین
seyyidü'l-mürselîn	سیّد المرسلین
seyyâle-i latîfeyi	سیّالهٔ لطیفهیی
seyyâlât-ı latîfe	سیّالات لطیفه
seyâhat-i fikriyede	سیاحت فكریّهده
seyâhat-i hayâliye	سیاحت خیالیه
seyâhat-i kalbiye	سیاحت قلبیه
seyâhat-i kalbiyede	سیاحت قلبیهده
seyâhat-i rûhiyede	سیاحت روحیّهده
sezai bey	سزائی بك
sezâî bey	سزائی بك
sidretü'l-münteha'ya	سدرة المنتهایه
sidretü'l-müntehâ'ya	سدرة المنتهایه
siga-i mübalağa	صیغهٔ مبالغه
sigorta-i sıyanet	سیغورطهٔ صیانت
sigorta-i sıyânet	سیغورطهٔ صیانت
sikke-i ehadiyet	سكّهٔ احدیّت
sikke-i ehadiyete	سكّهٔ احدیّته
sikke-i ehadiyeti	سكّهٔ احدیّتی
sikke-i ehadiyetin	سكّهٔ احدیّتڭ
sikke-i fıtrat	سكّهٔ فطرت
sikke-i fıtratta	سكّهٔ فطرتده
sikke-i gaybiye	سكّهٔ غیبیه
sikke-i gaybiye'de	سكّهٔ غیبیهده
sikke-i gaybiye'nin	سكّهٔ غیبیهنڭ
sikke-i gaybiye'ye	سكّهٔ غیبیهیه
sikke-i gaybiye'yi	سكّهٔ غیبیهیی
sikke-i hikmette	سكّهٔ حكمتده
sikke-i hilkatte	سكّهٔ خلقتده
sikke-i i'caz	سكّهٔ اعجاز
sikke-i i'câz	سكّهٔ اعجاز
sikke-i kudret	سكّهٔ قدرت
sikke-i kübra-yı rahmaniyettir ki	سكهٔ كبرای رحمانیتدركه
sikke-i kübra-yı uluhiyettir ki	سكهٔ كبرای الوهیّتدركه
sikke-i kübrâ-yı rahmâniyettir ki	سكهٔ كبرای رحمانیتدركه
sikke-i kübrâ-yı ulûhiyettir ki	سكهٔ كبرای الوهیّتدركه
sikke-i rahmet	سكّهٔ رحمت
sikke-i rahmeti	سكّهٔ رحمتی
sikke-i rahmetten	سكّهٔ رحمتدن
sikke-i rububiyet	سكّهٔ ربوبیّت
sikke-i rubûbiyet	سكّهٔ ربوبیّت
sikke-i samediyet	سكّهٔ صمدیت
sikke-i samediyeti	سكّهٔ صمدیتی
sikke-i tasdik	سكّهٔ تصدیق
sikke-i tasdik-i gaybi	سكّهٔ تصدیق غیبی
sikke-i tasdîk	سكّهٔ تصدیق
sikke-i tasdîk-i gaybî	سكّهٔ تصدیق غیبی
sikke-i tevhid	سكّهٔ توحید
sikke-i tevhiddir	سكّهٔ توحیددر
sikke-i tevhidi	سكّهٔ توحیدی
sikke-i tevhîd	سكّهٔ توحید
sikke-i tevhîddir	سكّهٔ توحیددر
sikke-i tevhîdi	سكّهٔ توحیدی
sikke-i uzma-yı rahmetten	سكّهٔ عظمای رحمتدن
sikke-i uzmâ-yı rahmetten	سكّهٔ عظمای رحمتدن
sikke-i vahdet	سكّهٔ وحدت
sikke-i vahdeti	سكّهٔ وحدتی
silah-ı insani	سلاح انسانی
silah-ı müdafaa	سلاح مدافعه
sille-i nedamet	سیللهٔ ندامت
sille-i nedâmet	سیللهٔ ندامت
sille-i te'dib	سیللهٔ تأدیب
sille-i te'dîb	سیللهٔ تأدیب
silsile-i kainat	سلسلهٔ كائنات
silsile-i kainatın	سلسلهٔ كائناتڭ
silsile-i kerameti	سلسلهٔ كرامتی
silsile-i kerametin	سلسلهٔ كرامتڭ
silsile-i kerametini	سلسلهٔ كرامتنی
silsile-i kerâmeti	سلسلهٔ كرامتی
silsile-i kerâmetin	سلسلهٔ كرامتڭ
silsile-i kerâmetini	سلسلهٔ كرامتنی
silsile-i kâinât	سلسلهٔ كائنات
silsile-i kâinâtın	سلسلهٔ كائناتڭ
silsile-i nübüvvet	سلسلهٔ نبوّت
silâh-ı insanî	سلاح انسانی
silâh-ı müdâfaa	سلاح مدافعه
sima-yı ma'nevisine	سیمای معنویسنه
simasında da	سیماسنده ده
sinn-i kemale	سنّ كماله
sinn-i kemâle	سنّ كماله
sirac-ı hakikat	سراج حقیقت
siracü'l-gafilin	سراج الغافلین
siracü'l-gafilin'i	سراج الغافلینی
siracü'l-gāfilîn'i	سراج الغافلینی
siracü'n-nur	سراج النّور
siracü'n-nur'a	سراج النّوره
siracü'n-nur'da	سراج النّورده
siracü'n-nur'u	سراج النّوری
siracü'n-nur'un	سراج النّورڭ
sirâc-ı hakîkat	سراج حقیقت
sirâcü'l-gāfilîn	سراج الغافلین
sirâcü'n-nûr	سراج النّور
sirâcü'n-nûr'a	سراج النّوره
sirâcü'n-nûr'da	سراج النّورده
sirâcü'n-nûr'u	سراج النّوری
sirâcü'n-nûr'un	سراج النّورڭ
siyaset-i diniye	سیاست دینیه
siyaset-i hazıra	سیاست حاضره
siyaset-i islamiye	سیاست اسلامیه
siyaset-i islamiyeye	سیاست اسلامیهیه
siyâset-i dîniye	سیاست دینیه
siyâset-i hâzıra	سیاست حاضره
siyâset-i islâmiye	سیاست اسلامیه
siyâset-i islâmiyeye	سیاست اسلامیهیه
siz de	سز ده
siz misiniz	سزمیسڭز
size de	سزه ده
sizi de	سزی ده
sizin de	سزڭ ده
sizler de	سزلر ده
sizlere de	سزلره ده
sizlere ki	سزلرهكه
sofi meşreb	صوفی مشرب
sofi meşreblileri	صوفی مشربلیلری
sofra-i ni'met	سفرهٔ نعمت
sofra-i ni'meti	سفرهٔ نعمتی
sofî meşreb	صوفی مشرب
sofî meşreblileri	صوفی مشربلیلری
sohbet-i imaniye	صحبت ایمانیه
sohbet-i nebeviye	صحبت نبویه
sohbet-i nebeviyeye	صحبت نبویهیه
sohbet-i îmâniye	صحبت ایمانیه
sonra da	صوڭره ده
sordu ki	صوردیكه
sordular ki	صوردیلركه
sorulsa ki	صورولسهكه
su'-i ahlaka	سوء اخلاقه
su'-i hallerini	سوء حاللرینی
su'-i ihtiyar	سوء اختیار
su'-i ihtiyardan	سوء اختیاردن
su'-i ihtiyarlarıyla	سوء اختیارلریله
su'-i ihtiyarı	سوء اختیاری
su'-i ihtiyarımla	سوء اختیارمله
su'-i ihtiyarından	سوء اختیارندن
su'-i ihtiyarıyla	سوء اختیاریله
su'-i isti'mal	سوء استعمال
su'-i isti'malat	سوء استعمالات
su'-i isti'malata	سوء استعمالاته
su'-i isti'malattan	سوء استعمالاتدن
su'-i isti'male	سوء استعماله
su'-i isti'mali	سوء استعمالی
su'-i isti'malinden	سوء استعمالندن
su'-i iştiharı	سوء اشتهاری
su'-i kasd	سوء قصد
su'-i kasdi	سوء قصدی
su'-i te'sir	سوء تأثیر
su'-i tefehhüm	سوء تفهّم
su'-i tefehhüme	سوء تفهّمه
su'-i tefsir	سوء تفسیر
su'-i tevehhüm	سوء توهّم
su'-i zan	سوء ظن
su'-i zandan	سوء ظندن
su'-i zandır	سوء ظندر
sual-cevab	سؤآل جواب
sual-cevaba	سؤآل جوابه
sual-i müşkilin	سؤال مشكلڭ
suhuf ve kütüb-ü enbiyanın	صحف و كتب انبیانڭ
suhuf ve kütüb-ü enbiyânın	صحف و كتب انبیانڭ
suhuf-u semaviyede	صحف سماویهده
suhuf-u semaviyenin	صحف سماویهنڭ
suhuf-u semâviyede	صحف سماویهده
suhuf-u semâviyenin	صحف سماویهنڭ
suhulet-i beyan	سهولت بیان
suhulet-i mutlaka	سهولت مطلقه
suhûlet-i beyân	سهولت بیان
suhûlet-i mutlaka	سهولت مطلقه
sukut-u ahlaka	سقوط اخلاقه
sukut-u ahlaktan	سقوط اخلاقدن
sukūt-u ahlâka	سقوط اخلاقه
sukūt-u ahlâktan	سقوط اخلاقدن
suleha-yı ümmetinin	صلحای امّتنڭ
sulehâ-yı ümmetinin	صلحای امّتنڭ
sulh-u hudeybiye	صلح حدیبیه
sulh-u umumi	صلح عمومی
sulh-u umûmî	صلح عمومی
sultan reşad	سلطان رشاد
sultan reşad'ın	سلطان رشادڭ
sultan-ı ezel	سلطان ازل
sultan-ı ezel'in	سلطان ازلڭ
sultan-ı ezeli	سلطان ازلی
sultan-ı ezeli'nin	سلطان ازلینڭ
sultan-ı ezeli'ye	سلطان ازلی یه
sultan-ı kainat	سلطان كائنات
sultan-ı mu'cizekar	سلطان معجزهكار
sultan-ı sermedi'nin	سلطان سرمدینڭ
sultan-ı zişan'ın	سلطان ذیشانڭ
sultan-ı zülcelal	سلطان ذوالجلال
sultan-ı zülcelal'e	سلطان ذوالجلاله
sultan-ı zülcelal'in	سلطان ذوالجلالڭ
sultanü'l-eser	سلطان الاثر
sultanü'l-evliya	سلطان الاولیا
sultanı da	سلطانی ده
sultân reşâd	سلطان رشاد
sultân reşâd'ın	سلطان رشادڭ
sultân-ı ezel	سلطان ازل
sultân-ı ezel'in	سلطان ازلڭ
sultân-ı ezelî	سلطان ازلی
sultân-ı ezelî'nin	سلطان ازلینڭ
sultân-ı ezelî'ye	سلطان ازلی یه
sultân-ı kâinât	سلطان كائنات
sultân-ı mu'cizekâr	سلطان معجزهكار
sultân-ı sermedî'nin	سلطان سرمدینڭ
sultân-ı zîşân'ın	سلطان ذیشانڭ
sultân-ı zülcelâl	سلطان ذوالجلال
sultân-ı zülcelâl'e	سلطان ذوالجلاله
sultân-ı zülcelâl'in	سلطان ذوالجلالڭ
sultânü'l-eser	سلطان الاثر
sultânü'l-evliyâ	سلطان الاولیا
sun'-u kamil	صنع كامل
sun'-u kâmil	صنع كامل
sur-u sureler	سور سورهلر
sure-i	سورهٔ
sure-i alak	سورهٔ علق
sure-i fatır'ın	سورهٔ فاطرڭ
sure-i feth'in	سورهٔ فتحڭ
sure-i hud'da	سورهٔ هودده
sure-i hud'daki	سورهٔ هوددهكی
sure-i ibrahim'in	سورهٔ ابراهیمڭ
sure-i ihlas	سورهٔ اخلاص
sure-i ihlas'da	سورهٔ اخلاصده
sure-i ihlas'ın	سورهٔ اخلاصڭ
sure-i kevser	سورهٔ كوثر
sure-i kevser'de	سورهٔ كوثرده
sure-i kevser'in	سورهٔ كوثرڭ
sure-i kur'aniye	سورهٔ قرآنیه
sure-i maide'nin	سورهٔ مائدهنڭ
sure-i mürselat'da	سورهٔ مرسلاتده
sure-i nasr	سورهٔ نصر
sure-i nasr'ın	سورهٔ نصرڭ
sure-i nisa	سورهٔ نسا
sure-i nisa'da	سورهٔ نساده
sure-i nur'daki	سورهٔ نوردهكی
sure-i nur'dan	سورهٔ نوردن
sure-i rahman'da	سورهٔ رحمنده
sure-i ve'l-asr	سورهٔ والعصر
sure-i ve'l-asr'ın	سورهٔ والعصرڭ
sure-i yasin	سورهٔ یس
sure-i zümer'de	سورهٔ زمرده
suret-i camiasında da	صورت جامعهسنده ده
suret-i cismaniyesi	صورت جسمانیهسی
suret-i hakimane	صورت حكیمانه
suret-i mahsusası	صورت مخصوصهسی
suret-i mücahedesine	صورت مجاهدهسنه
suret-i rahman	صورت رحمان
suret-i zahiriyede	صورت ظاهریهده
suret-i zaife-i vahiyeden	صورت ضعیفهٔ واهیهدن
suretini de	صورتنی ده
suretü'l-alak'ın	سورة العلقڭ
suretü'l-felak	سورة الفلق
suretü'l-kehf'in	سورة الكهفڭ
suretü'n-nas	سورة النّاس
sutur-u hadisatın	سطور حادثاتڭ
sutur-u hikmetini	سطور حكمتنی
sutûr-u hikmetini	سطور حكمتنی
sutûr-u hâdisâtın	سطور حادثاتڭ
suâl-cevâb	سؤآل جواب
suâl-cevâba	سؤآل جوابه
suâl-i müşkilin	سؤال مشكلڭ
sâat-i kübrâsı	ساعت كبراسی
sâbittir ki	ثابتدركه
sâdık bey	صادق بك
sâdık bey'in	صادق بكڭ
sâdıku'l-va'di'l-kerîm	صادق الوعد الكریم
sâha-i faâliyete	ساحهٔ فعالیته
sâhib-i hakîkîleri	صاحب حقیقیلری
sâhib-i hakîkîsine	صاحب حقیقیسنه
sâhib-i inâyet	صاحب عنایت
sâhib-i kelâma	صاحب كلامه
sâhib-i kelâmı	صاحب كلامی
sâhib-i kemâlim	صاحب كمالم
sâhib-i tasarruf	صاحب تصرّف
sâhib-i şerîat	صاحب شریعت
sâhibi de	صاحبی ده
sâhibsiz de	صاحبسز ده
sâhibü'l-yed	صاحب الید
sâhibü's-seyf	صاحب السیف
sâhil-i selâmet	ساحل سلامت
sâhil-i selâmete	ساحل سلامته
sâil-i misâlî	سائل مثالی
sâlifü'l-arz	سالف العرض
sâni'-i hakîm	صانع حكیم
sâni'-i hakîm'e	صانع حكیمه
sâni'-i hakîm'i	صانع حكیمی
sâni'-i hakîm'in	صانع حكیمڭ
sâni'-i hakîm-i zülcelâl'in	صانع حكیم ذوالجلالڭ
sâni'-i hakîminin	صانع حكیمنڭ
sâni'-i hakîmlerinin	صانع حكیملرینڭ
sâni'-i kadîm'i	صانع قدیمی
sâni'-i kadîr	صانع قدیر
sâni'-i kadîr'in	صانع قدیرڭ
sâni'-i kerîm	صانع كریم
sâni'-i kâinât'ın	صانع كائناتڭ
sâni'-i mevcûdât	صانع موجودات
sâni'-i vâhid'e	صانع واحده
sâni'-i vâhid'in	صانع واحدڭ
sâni'-i zülcelâl	صانع ذوالجلال
sâni'-i zülcelâl'de	صانع ذوالجلالده
sâni'-i zülcelâl'e	صانع ذوالجلاله
sâni'-i zülcelâl'i	صانع ذوالجلالی
sâni'-i zülcelâl'in	صانع ذوالجلالڭ
sâni'-i zülcelâl'ine	صانع ذوالجلالنه
sâni'-i zülcelâl'inin	صانع ذوالجلالنڭ
sâni'-i zülcemâl	صانع ذوالجمال
sâni'-i zülcemâl'inin	صانع ذوالجمالنڭ
sâni'-i zülkemâl'in	صانع ذوالكمالڭ
sâni'-i âlem	صانع عالم
sâni'-i âlem'in	صانع عالمڭ
sîga-i mübâlağa	صیغهٔ مبالغه
sîmâ-yı ma'nevîsine	سیمای معنویسنه
sîmâsında da	سیماسنده ده
söyledi ki	سویلهدیكه
söylemeyelim mi	سویلهمهیهلممی
söylemişiz ki	سویلهمشزكه
söylüyor ki	سویلهیوركه
söylüyorum ki	سویلهیورمكه
söz de	سوز ده
söz ki	سوزكه
sözler ki	سوزلركه
sözler mecmuası'nın	سوزلر مجموعهسنڭ
sözler mecmûası'nın	سوزلر مجموعهسنڭ
sû'-i ahlâka	سوء اخلاقه
sû'-i hâllerini	سوء حاللرینی
sû'-i ihtiyâr	سوء اختیار
sû'-i ihtiyârdan	سوء اختیاردن
sû'-i ihtiyârlarıyla	سوء اختیارلریله
sû'-i ihtiyârı	سوء اختیاری
sû'-i ihtiyârımla	سوء اختیارمله
sû'-i ihtiyârından	سوء اختیارندن
sû'-i ihtiyârıyla	سوء اختیاریله
sû'-i isti'mâl	سوء استعمال
sû'-i isti'mâle	سوء استعماله
sû'-i isti'mâli	سوء استعمالی
sû'-i isti'mâlinden	سوء استعمالندن
sû'-i isti'mâlât	سوء استعمالات
sû'-i isti'mâlâta	سوء استعمالاته
sû'-i isti'mâlâttan	سوء استعمالاتدن
sû'-i iştihârı	سوء اشتهاری
sû'-i kasd	سوء قصد
sû'-i kasdi	سوء قصدی
sû'-i te'sîr	سوء تأثیر
sû'-i tefehhüm	سوء تفهّم
sû'-i tefehhüme	سوء تفهّمه
sû'-i tefsîr	سوء تفسیر
sû'-i tevehhüm	سوء توهّم
sû'-i zan	سوء ظن
sû'-i zandan	سوء ظندن
sû'-i zandır	سوء ظندر
sûr-u sûreler	سور سورهلر
sûre-i	سورهٔ
sûre-i alak	سورهٔ علق
sûre-i feth'in	سورهٔ فتحڭ
sûre-i fâtır'ın	سورهٔ فاطرڭ
sûre-i hûd'da	سورهٔ هودده
sûre-i hûd'daki	سورهٔ هوددهكی
sûre-i ibrâhîm'in	سورهٔ ابراهیمڭ
sûre-i ihlâs	سورهٔ اخلاص
sûre-i ihlâs'da	سورهٔ اخلاصده
sûre-i ihlâs'ın	سورهٔ اخلاصڭ
sûre-i kevser	سورهٔ كوثر
sûre-i kevser'de	سورهٔ كوثرده
sûre-i kevser'in	سورهٔ كوثرڭ
sûre-i kur'âniye	سورهٔ قرآنیه
sûre-i mâide'nin	سورهٔ مائدهنڭ
sûre-i mürselât'da	سورهٔ مرسلاتده
sûre-i nasr	سورهٔ نصر
sûre-i nasr'ın	سورهٔ نصرڭ
sûre-i nisâ	سورهٔ نسا
sûre-i nisâ'da	سورهٔ نساده
sûre-i nûr'daki	سورهٔ نوردهكی
sûre-i nûr'dan	سورهٔ نوردن
sûre-i rahmân'da	سورهٔ رحمنده
sûre-i ve'l-asr	سورهٔ والعصر
sûre-i ve'l-asr'ın	سورهٔ والعصرڭ
sûre-i yâsîn	سورهٔ یس
sûre-i zümer'de	سورهٔ زمرده
sûret-i cismâniyesi	صورت جسمانیهسی
sûret-i câmiasında da	صورت جامعهسنده ده
sûret-i hakîmâne	صورت حكیمانه
sûret-i mahsûsası	صورت مخصوصهسی
sûret-i mücâhedesine	صورت مجاهدهسنه
sûret-i rahmân	صورت رحمان
sûret-i zaîfe-i vâhiyeden	صورت ضعیفهٔ واهیهدن
sûret-i zâhiriyede	صورت ظاهریهده
sûretini de	صورتنی ده
sûretü'l-alak'ın	سورة العلقڭ
sûretü'l-felak	سورة الفلق
sûretü'l-kehf'in	سورة الكهفڭ
sûretü'n-nâs	سورة النّاس
sübhanallah de	سبحان اللّه دی
sübhânallâh de	سبحان اللّه دی
süleyman efendi	سلیمان افندی
süleyman rüşdü	سلیمان رشدی
süleyman rüşdü'nün	سلیمان رشدینڭ
süleymân efendi	سلیمان افندی
süleymân rüşdü	سلیمان رشدی
sülüs-ü kur'an	ثلث قرآن
sülüs-ü kur'ân	ثلث قرآن
sündüs-misal	سندس مثال
sündüs-misâl	سندس مثال
sünnet-i ahmediyeyi	سنّت احمدیهییؐ
sünnet-i seniye	سنّت سنیه
sünnet-i seniyedir	سنّت سنیّهدر
sünnet-i seniyenin	سنّت سنیّهنڭ
sünnet-i seniyesine	سنّت سنیّهسنه
sünnet-i seniyesini	سنّت سنیهسنی
sünnet-i seniyesinin	سنّت سنیهسنڭ
sünnet-i seniyeye	سنّت سنیّهیه
sünnet-i seniyeyi	سنّت سنیّهیی
sür'at-i mutlaka	سرعت مطلقه
sürmüyorlar ki	سورمویورلركه
süslendirir ki	سوسلندیرركه
süver-i kur'aniye	سور قرآنیه
süver-i kur'aniyenin	سور قرآنیهنڭ
süver-i kur'âniye	سور قرآنیه
süver-i kur'âniyenin	سور قرآنیهنڭ
sıbga-i rahmani	صبغهٔ رحمانی
sıbga-i rahmânî	صبغهٔ رحمانی
sıddik süleyman	صدّیق سلیمان
sıddik süleyman'ın	صدّیق سلیمانڭ
sıddik-i ekber'in	صدّیق اكبرڭؓ
sıddikin-i muhakkikin	صدّیقین محقّقین
sıddîk süleymân	صدّیق سلیمان
sıddîk süleymân'ın	صدّیق سلیمانڭ
sıddîk-i ekber'in	صدّیق اكبرڭؓ
sıddîkîn-i muhakkikîn	صدّیقین محقّقین
sıdk-ı nübüvvetine	صدق نبوّتنه
sıfat-ı ilahiye	صفات الهیه
sıfat-ı ilahiyenin	صفات الهیهنڭ
sıfat-ı ilahiyeye	صفات الهیهیه
sıfat-ı ilahiyeyi	صفات الهیهیی
sıfat-ı iradeden	صفت ارادهدن
sıfat-ı kelamdan	صفت كلامدن
sıfat-ı kelâmdan	صفت كلامدن
sıfat-ı kemaliye	صفات كمالیه
sıfat-ı kemaliyenin	صفات كمالیهنڭ
sıfat-ı kemaliyeye	صفات كمالیهیه
sıfat-ı kemaliyeyi	صفات كمالیهیی
sıfat-ı kudsiyene	صفات قدسیهڭه
sıfat-ı kudsiyeni	صفات قدسیهڭی
sıfat-ı kudsiyesine	صفات قدسیهسنه
sıfat-ı kudsiyesini	صفات قدسیهسنی
sıfatı da	صفتی ده
sıfât-ı ilâhiye	صفات الهیه
sıfât-ı ilâhiyenin	صفات الهیهنڭ
sıfât-ı ilâhiyeye	صفات الهیهیه
sıfât-ı ilâhiyeyi	صفات الهیهیی
sıfât-ı irâdeden	صفت ارادهدن
sıfât-ı kemâliye	صفات كمالیه
sıfât-ı kemâliyenin	صفات كمالیهنڭ
sıfât-ı kemâliyeye	صفات كمالیهیه
sıfât-ı kemâliyeyi	صفات كمالیهیی
sıfât-ı kudsiyene	صفات قدسیهڭه
sıfât-ı kudsiyeni	صفات قدسیهڭی
sıfât-ı kudsiyesine	صفات قدسیهسنه
sıfât-ı kudsiyesini	صفات قدسیهسنی
sıhhat-i bedenim de	صحّت بدنم ده
sıhhat-i fikir	صحّت فكر
sıkıntı da	صیقینتی ده
sıkıntıları da	صیقینتیلری ده
sıla-i rahim	صلهٔ رحم
sıla-i rahimi	صلهٔ رحمی
sır ki	سرّكه
sırat-ı müstakim	صراط مستقیم
sırat-ı müstakimde	صراط مستقیمده
sırat-ı müstakimden	صراط مستقیمدن
sırat-ı müstakime	صراط مستقیمه
sırat-ı müstakimi	صراط مستقیمی
sırdandır ki	سردندركه
sırr-ı	سرّ
sırr-ı adediyet	سرّ عددیت
sırr-ı azim	سرّ عظیم
sırr-ı azime	سرّ عظیمه
sırr-ı azimi	سرّ عظیمی
sırr-ı azimin	سرّ عظیمڭ
sırr-ı azîm	سرّ عظیم
sırr-ı azîme	سرّ عظیمه
sırr-ı azîmi	سرّ عظیمی
sırr-ı azîmin	سرّ عظیمڭ
sırr-ı dekaik	سرّ دقائق
sırr-ı dekāik	سرّ دقائق
sırr-ı ehadiyet	سرّ احدیت
sırr-ı ehadiyete	سرّ احدیته
sırr-ı hayatla	سرّ حیاتله
sırr-ı hikmeti	سرّ حكمتی
sırr-ı hikmetini	سرّ حكمتنی
sırr-ı hilkat-i alem	سرّ خلقت عالم
sırr-ı hilkat-i âlem	سرّ خلقت عالم
sırr-ı ihlas	سرّ اخلاص
sırr-ı ihlasa	سرّ اخلاصه
sırr-ı ihlası	سرّ اخلاصی
sırr-ı ihlâs	سرّ اخلاص
sırr-ı ihlâsa	سرّ اخلاصه
sırr-ı ihlâsı	سرّ اخلاصی
sırr-ı iman	سرّ ایمان
sırr-ı imtihan	سرّ امتحان
sırr-ı imtihân	سرّ امتحان
sırr-ı inayet	سرّ عنایت
sırr-ı inayeti	سرّ عنایتی
sırr-ı inna	سرّ انّا
sırr-ı innâ	سرّ انّا
sırr-ı insani	سرّ انسانی
sırr-ı insanî	سرّ انسانی
sırr-ı inâyet	سرّ عنایت
sırr-ı inâyeti	سرّ عنایتی
sırr-ı ittihad	سرّ اتّحاد
sırr-ı ittihâd	سرّ اتّحاد
sırr-ı işarisiyle	سرّ اشاریسیله
sırr-ı işârîsiyle	سرّ اشاریسیله
sırr-ı kader	سرّ قدر
sırr-ı kayyumiyet	سرّ قیّومیّت
sırr-ı kayyumiyete	سرّ قیّومیّته
sırr-ı kayyumiyetin	سرّ قیّومیّتڭ
sırr-ı kayyumiyetle	سرّ قیّومیّتله
sırr-ı kayyûmiyet	سرّ قیّومیّت
sırr-ı kayyûmiyete	سرّ قیّومیّته
sırr-ı kayyûmiyetin	سرّ قیّومیّتڭ
sırr-ı kayyûmiyetle	سرّ قیّومیّتله
sırr-ı kur'an	سرّ قرآن
sırr-ı kur'an'la	سرّ قرآنله
sırr-ı kur'ân	سرّ قرآن
sırr-ı kur'ân'la	سرّ قرآنله
sırr-ı teklif	سرّ تكلیف
sırr-ı teklife	سرّ تكلیفه
sırr-ı teklîf	سرّ تكلیف
sırr-ı teklîfe	سرّ تكلیفه
sırr-ı temsil	سرّ تمثیل
sırr-ı temsîl	سرّ تمثیل
sırr-ı tesanüd	سرّ تساند
sırr-ı tesânüd	سرّ تساند
sırr-ı tevafukla	سرّ توافقله
sırr-ı tevhid	سرّ توحید
sırr-ı tevhîd	سرّ توحید
sırr-ı tevâfukla	سرّ توافقله
sırr-ı teşrii	سرّ تشریعی
sırr-ı teşrîi	سرّ تشریعی
sırr-ı uhuvvet	سرّ اخوّت
sırr-ı uhuvvet-i hakikiye	سرّ اخوّت حقیقیّه
sırr-ı uhuvvet-i hakîkiye	سرّ اخوّت حقیقیّه
sırr-ı uhuvvetle	سرّ اخوّتله
sırr-ı vahdet	سرّ وحدت
sırr-ı vahdeti	سرّ وحدتی
sırr-ı vahdetle	سرّ وحدتله
sırr-ı vahdetten	سرّ وحدتدن
sırr-ı vahyin	سرّ وحیڭ
sırr-ı veraset-i nübüvvetle	سرّ وراثت نبوّتله
sırr-ı verâset-i nübüvvetle	سرّ وراثت نبوّتله
sırr-ı îmân	سرّ ایمان
sırr-ı şefkat	سرّ شفقت
sırrı ile	سرّی ایله
sırrıyladır ki	سرّیلهدركه
sırât-ı müstakîm	صراط مستقیم
sırât-ı müstakîmde	صراط مستقیمده
sırât-ı müstakîmden	صراط مستقیمدن
sırât-ı müstakîme	صراط مستقیمه
sırât-ı müstakîmi	صراط مستقیمی
ta ki	تاكه
ta'bir-i diğer	تعبیر دیكر
ta'bir-i diğerle	تعبیر دیكرله
ta'biratlarımı da	تعبیراتلریمی ده
ta'biri de	تعبیری ده
ta'bîr-i diğer	تعبیر دیكر
ta'bîr-i diğerle	تعبیر دیكرله
ta'bîri de	تعبیری ده
ta'bîrâtlarımı da	تعبیراتلریمی ده
ta'dil-i erkan	تعدیل اركان
ta'dîl-i erkân	تعدیل اركان
ta'lim-i esma	تعلیم اسما
ta'limgah-ı dünyada	تعلیمكاه دنیاده
ta'lîm-i esmâ	تعلیم اسما
ta'lîmgâh-ı dünyâda	تعلیمكاه دنیاده
ta'til-i eşgal	تعطیل اشغال
ta'tîl-i eşgāl	تعطیل اشغال
taaddüd-ü zevcat	تعدّد زوجات
taaddüd-ü zevcât	تعدّد زوجات
taahhüd-ü rabbani	تعهّد ربّانی
taahhüd-ü rabbânî	تعهّد ربّانی
taarrüf-ü rabbani	تعرّف ربّانی
taarrüf-ü rabbânî	تعرّف ربّانی
tabaka-i avama	طبقهٔ عوامه
tabaka-i avamın	طبقهٔ عوامڭ
tabaka-i avâma	طبقهٔ عوامه
tabaka-i avâmın	طبقهٔ عوامڭ
tabaka-i hayat	طبقهٔ حیات
tabaka-i hayatı	طبقهٔ حیاتی
tabaka-i hayatında	طبقهٔ حیاتنده
tabaka-i insaniye	طبقهٔ انسانیه
tabaka-i türabiye	طبقهٔ ترابیه
tabaka-i türâbiye	طبقهٔ ترابیه
tabaka-i vücudun	طبقهٔ وجودڭ
tabaka-i vücûdun	طبقهٔ وجودڭ
tabakası da	طبقهسی ده
tabakat-ı avamın	طبقات عوامڭ
tabakat-ı beşere	طبقات بشره
tabakat-ı beşerin	طبقات بشرڭ
tabakat-ı kemal	طبقات كمال
tabakat-ı mevcudat	طبقات موجودات
tabakat-ı nas	طبقات ناس
tabakat-ı vücud	طبقات وجود
tabakat-ı vücudun	طبقات وجودڭ
tabakayı da	طبقهیی ده
tabakāt-ı avâmın	طبقات عوامڭ
tabakāt-ı beşere	طبقات بشره
tabakāt-ı beşerin	طبقات بشرڭ
tabakāt-ı kemâl	طبقات كمال
tabakāt-ı mevcûdât	طبقات موجودات
tabakāt-ı nâs	طبقات ناس
tabakāt-ı vücûd	طبقات وجود
tabakāt-ı vücûdun	طبقات وجودڭ
tabiat da	طبیعت ده
tabiat-ı beşere	طبیعت بشره
tabiat-ı eşyayı	طبیعت اشیایی
tabiatla mı	طبیعتلهمی
tabur-misal	طابور مثال
tabur-misâl	طابور مثال
tabîat-ı beşere	طبیعت بشره
tabîat-ı eşyâyı	طبیعت اشیایی
tahabbüb-ü ilahi	تحبّب الهی
tahabbüb-ü ilâhî	تحبّب الهی
taharri-i hakikat	تحرّئ حقیقت
taharrî-i hakîkat	تحرّئ حقیقت
tahattur-u hükm-ü şer'i	تخطّر حكم شرعی
tahattur-u hükm-ü şer'î	تخطّر حكم شرعی
tahavvülat-ı zerrat	تحوّلات ذرّات
tahavvülat-ı zerratın	تحوّلات ذرّاتڭ
tahavvülât-ı zerrât	تحوّلات ذرّات
tahavvülât-ı zerrâtın	تحوّلات ذرّاتڭ
tahayyül-ü küfür	تخیّل كفر
tahayyül-ü şetim	تخیّل شتم
tahdis-i ni'met	تحدیث نعمت
tahdis-i ni'mettir	تحدیث نعمتدر
tahdiş-i ezhan	تخدیش اذهان
tahdîs-i ni'met	تحدیث نعمت
tahdîs-i ni'mettir	تحدیث نعمتدر
tahdîş-i ezhân	تخدیش اذهان
tahkiki iman	تحقیقی ایمان
tahkîkî îmân	تحقیقی ایمان
tahsil-i ilim	تحصیل علم
tahsin bey'in	تحسین بكڭ
tahsîl-i ilim	تحصیل علم
tahsîn bey'in	تحسین بكڭ
taht-ı emir	تحت امر
taht-ı emrinde	تحت امرنده
taht-ı emrindedir	تحت امرندهدر
taht-ı hakimiyetindeki	تحت حاكمیتندهكی
taht-ı hâkimiyetindeki	تحت حاكمیتندهكی
taht-ı hükmünde	تحت حكمنده
taht-ı nezaretinde	تحت نظارتنده
taht-ı nezâretinde	تحت نظارتنده
taht-ı riyasetinde	تحت ریاستنده
taht-ı riyâsetinde	تحت ریاستنده
taht-ı saltanatı	تخت سلطنتی
taht-ı silaha	تحت سلاحه
taht-ı silâha	تحت سلاحه
taht-ı tasarrufunda	تحت تصرّفنده
taht-ı tevkife	تحت توقیفه
taht-ı tevkîfe	تحت توقیفه
tahşidat-ı kur'aniyenin	تحشیدات قرآنیهنڭ
tahşîdât-ı kur'âniyenin	تحشیدات قرآنیهنڭ
taife-i askeriye	طائفهٔ عسكریّه
taife-i azime	طائفهٔ عظیمه
taife-i azimenin	طائفهٔ عظیمهنڭ
taife-i azimesi	طائفهٔ عظیمهسی
taife-i ilmiye	طائفهٔ علمیه
taife-i nisa	طائفهٔ نسا
taife-i nisaiye	طائفهٔ نسائیّه
taifenin de	طائفهنڭ ده
taifesi de	طائفهسی ده
takat-i beşer	طاقت بشر
takat-i beşerin	طاقت بشرڭ
takdim-i ihtiramat	تقدیم احترامات
takdir-i kelam	تقدیر كلام
takdirde de	تقدیرده ده
takdîm-i ihtirâmât	تقدیم احترامات
takdîr-i kelâm	تقدیر كلام
takdîrde de	تقدیرده ده
takmış ki	طاقمشكه
taksim-i akli	تقسیم عقلی
taksimü'l-a'mal	تقسیم الاعمال
taksîm-i aklî	تقسیم عقلی
taksîmü'l-a'mâl	تقسیم الاعمال
takvacılara da	تقواجیلره ده
takviye-i din	تقویهٔ دین
takviye-i dîn	تقویهٔ دین
takviye-i imana	تقویهٔ ایمانه
takviye-i îmâna	تقویهٔ ایمانه
takvâcılara da	تقواجیلره ده
talebe-i ulum	طلبهٔ علوم
talebe-i ulum-u diniye	طلبهٔ علوم دینیه
talebe-i ulumun	طلبهٔ علومڭ
talebe-i ulûm	طلبهٔ علوم
talebe-i ulûm-u dîniye	طلبهٔ علوم دینیه
talebe-i ulûmun	طلبهٔ علومڭ
talebeler de	طلبهلر ده
talebeleri de	طلبهلری ده
talebeniz de	طلبهڭز ده
talebenizi de	طلبهڭزی ده
tamam-ı aklımı	تمام عقلمی
tamam-ı kur'an'ın	تمام قرآنڭ
tamâm-ı aklımı	تمام عقلمی
tamâm-ı kur'ân'ın	تمام قرآنڭ
tanesi de	دانهسی ده
tanesini de	دانهسنی ده
tanin-endaz	طنین انداز
tanîn-endâz	طنین انداز
tanımaya da	طانیمغه ده
tar u mar	تار و مار
taraf da	طرف ده
taraf-ı ilahiden	طرف الهیدن
taraf-ı ilâhîden	طرف الهیدن
taraf-ı muhalifi	طرف مخالفی
taraf-ı muhâlifi	طرف مخالفی
taraftan da	طرفدن ده
tarafımdan da	طرفمدن ده
tard-ı şerik	طرد شریك
tard-ı şerîk	طرد شریك
tarfetü'l-aynda	طرفة العینده
tarih-i beşerde	تاریخ بشرده
tarih-i hayatı	تاریخ حیاتی
tarih-i hayatımda	تاریخ حیاتمده
tarih-i hayatını	تاریخ حیاتنی
tarih-i islam	تاریخ اسلام
tarih-i mezkurda	تاریخ مذكورده
tarih-i te'lif	تاریخ تألیف
tarih-i veladetine	تاریخ ولادتنه
tarihçe-i hayat	تاریخچهٔ حیات
tarihçe-i hayat'ta	تاریخچهٔ حیاتده
tarihçe-i hayat'ı	تاریخچهٔ حیاتی
tarihçe-i hayat'ın	تاریخچهٔ حیاتڭ
tarihçe-i hayatlarını	تاریخچهٔ حیاتلرینی
tarihçe-i hayatlarının	تاریخچهٔ حیاتلرینڭ
tarihçe-i hayatı	تاریخچهٔ حیاتی
tarihçe-i hayatım	تاریخجهٔ حیاتم
tarihçe-i hayatımda	تاریخچهٔ حیاتمده
tarihçe-i hayatında	تاریخچهٔ حیاتنده
tarihçe-i hayatını	تاریخچهٔ حیاتنی
tarihçe-i hayatının	تاریخچهٔ حیاتنڭ
tarik-i dünya	تارك دنیا
tarik-i hak	طریق حق
tarik-i hakda	طریق حقده
tarik-i hakikat	طریق حقیقت
tarik-i hakkı	طریق حقّی
tarik-i hakta	طریق حقده
tarik-i haktan	طریق حقدن
tarik-i kur'ani	طریق قرآنی
tarik-i müstakime	طریق مستقیمه
tarik-i nakşi	طریق نقشی
tarik-i nakşi'nin	طریق نقشینڭ
tarik-i nakşiyi	طریق نقشی یی
tarik-i vahdaniyet	طریق وحدانیّت
tarik-ı halidiye-i nakşiye'nin	طریق خالدیهٔ نقشیهنڭ
tarik-ı nakşi	طریق نقشی
tarikat-i ahmediyenin	طریقت احمدیهنڭؐ
tarikat-i muhammediyenin	طریقت محمّدیهنڭؐ
tarikati de	طریقتی ده
tariktir ki	طریقدركه
tarz-ı belagatlerinden	طرز بلاغتلرندن
tarz-ı belâgatlerinden	طرز بلاغتلرندن
tarz-ı beyanla	طرز بیانله
tarz-ı beyanı	طرز بیانی
tarz-ı beyanında	طرز بیاننده
tarz-ı beyanındaki	طرز بیانندهكی
tarz-ı beyânla	طرز بیانله
tarz-ı beyânı	طرز بیانی
tarz-ı beyânında	طرز بیاننده
tarz-ı beyânındaki	طرز بیانندهكی
tarz-ı hayat-ı ictimaiyede	طرز حیات اجتماعیهده
tarz-ı hayat-ı ictimâiyede	طرز حیات اجتماعیهده
tarz-ı hayata	طرز حیاته
tarz-ı hayatı	طرز حیاتی
tarz-ı hayâtı	طرز حیاتی
tarz-ı ifade	طرز افاده
tarz-ı ifadede	طرز افادهده
tarz-ı ifadesi	طرز افادهسی
tarz-ı ifadesine	طرز افادهسنه
tarz-ı ifadeyi	طرز افادهیی
tarz-ı ifâde	طرز افاده
tarz-ı ifâdede	طرز افادهده
tarz-ı ifâdesi	طرز افادهسی
tarz-ı ifâdesine	طرز افادهسنه
tarz-ı ifâdeyi	طرز افادهیی
tarz-ı telakkisine	طرز تلقّیسنه
tarz-ı telakkîsine	طرز تلقّیسنه
tarzda da	طرزده ده
tarzda ki	طرزدهكه
tarîk-i hak	طریق حق
tarîk-i hakda	طریق حقده
tarîk-i hakkı	طریق حقّی
tarîk-i hakta	طریق حقده
tarîk-i haktan	طریق حقدن
tarîk-i hakîkat	طریق حقیقت
tarîk-i kur'ânî	طریق قرآنی
tarîk-i müstakîme	طریق مستقیمه
tarîk-i nakşî	طریق نقشی
tarîk-i nakşî'nin	طریق نقشینڭ
tarîk-i nakşîyi	طریق نقشی یی
tarîk-i vahdâniyet	طریق وحدانیّت
tarîk-ı hâlidiye-i nakşiye'nin	طریق خالدیهٔ نقشیهنڭ
tarîk-ı nakşî	طریق نقشی
tarîkat-i ahmediyenin	طریقت احمدیهنڭؐ
tarîkat-i muhammediyenin	طریقت محمّدیهنڭؐ
tarîkati de	طریقتی ده
tarîktir ki	طریقدركه
tasarrufat-ı ilahiye	تصرّفات الهیّه
tasarrufat-ı kudretine	تصرّفات قدرتنه
tasarrufât-ı ilâhiye	تصرّفات الهیّه
tasarrufât-ı kudretine	تصرّفات قدرتنه
tasavvur-u dalaleti	تصوّر ضلالتی
tasavvur-u dalâleti	تصوّر ضلالتی
tasdiki ile	تصدیقی ایله
tasdîki ile	تصدیقی ایله
tasvir-i hakikat	تصویر حقیقت
tasvîr-i hakîkat	تصویر حقیقت
tatbik-i amel	تطبیق عمل
tatbik-i hareket	تطبیق حركت
tatbîk-i amel	تطبیق عمل
tatbîk-i hareket	تطبیق حركت
tavr-ı aklın	طور عقلڭ
tavsiye-i gazali	توصیهٔ غزالی؈
tavsiye-i gazâlî	توصیهٔ غزالی؈
tayy-ı zaman	طیّ زمان
taşköprülü sadık bey'in	طاش كوپرولی صادق بكڭ
taşköprülü sâdık bey'in	طاش كوپرولی صادق بكڭ
taşı da	طاشی ده
taşımaya da	طاشیمغه ده
taşımış ki	طاشیمشكه
te'nis-i ezhan	تأنیس اذهان
te'nîs-i ezhân	تأنیس اذهان
te'sir-i hakiki	تأثیر حقیقی
te'sir-i hakikiden	تأثیر حقیقیدن
te'sis-i islamiyette	تأسیس اسلامیتده
te'sîr-i hakîkî	تأثیر حقیقی
te'sîr-i hakîkîden	تأثیر حقیقیدن
te'sîs-i islâmiyette	تأسیس اسلامیتده
te'vilat-ı fasideleri	تأویلات فاسدهلری
te'vîlât-ı fâsideleri	تأویلات فاسدهلری
teavün-ü gavsi	تعاون غوثی؈
tebayün-ü efkar	تباین افكار
tebdil-i hava	تبدیل هوا
tebdil-i hayat-ı ictimaiye	تبدیل حیات اجتماعیه
tebdil-i mekandır	تبدیل مكاندر
tebdîl-i hava	تبدیل هوا
tebdîl-i hayat-ı ictimâiye	تبدیل حیات اجتماعیه
tebdîl-i mekândır	تبدیل مكاندر
tebeddül-ü saltanat	تبدّل سلطنت
tebliğ-i risalette	تبلیغ رسالتده
teblîğ-i risâlette	تبلیغ رسالتده
tebâyün-ü efkâr	تباین افكار
tecavüzdür ki	تجاوزدركه
tecdid-i biat	تجدید بیعت
tecdid-i din	تجدید دین
tecdîd-i bîat	تجدید بیعت
tecdîd-i dîn	تجدید دین
tecelli-i ehadiyet	تجلّئ احدیت
tecelli-i esma-yı sıfattır ki	تجلّئ اسمای صفاتدركه
tecelli-i etemmine	تجلّئ اتمّنه
tecelli-i hakimiyeti	تجلّئ حاكمیّتی
tecelli-i rahmet	تجلّئ رحمت
tecelli-i rububiyet	تجلّئ ربوبیت
tecelli-i vahdettir	تجلّئ وحدتدر
tecellidar ki	تجلّیداركه
tecelliyat-ı celaliye	تجلّیات جلالیه
tecelliyat-ı celaliyeyi	تجلّیات جلالیهیی
tecelliyat-ı cemaliye	تجلّیات جمالیه
tecelliyat-ı esmasının	تجلّیات اسماسنڭ
tecelliyat-ı esmaya	تجلّیات اسمایه
tecelliyat-ı ilahiyenin	تجلّیات الهیهنڭ
tecelliyat-ı rububiyet	تجلّیات ربوبیت
tecelliyât-ı celâliye	تجلّیات جلالیه
tecelliyât-ı celâliyeyi	تجلّیات جلالیهیی
tecelliyât-ı cemâliye	تجلّیات جمالیه
tecelliyât-ı esmâsının	تجلّیات اسماسنڭ
tecelliyât-ı esmâya	تجلّیات اسمایه
tecelliyât-ı ilâhiyenin	تجلّیات الهیهنڭ
tecelliyât-ı rubûbiyet	تجلّیات ربوبیت
tecellî-i ehadiyet	تجلّئ احدیت
tecellî-i esmâ-yı sıfâttır ki	تجلّئ اسمای صفاتدركه
tecellî-i etemmine	تجلّئ اتمّنه
tecellî-i hâkimiyeti	تجلّئ حاكمیّتی
tecellî-i rahmet	تجلّئ رحمت
tecellî-i rubûbiyet	تجلّئ ربوبیت
tecellî-i vahdettir	تجلّئ وحدتدر
tecellîdâr ki	تجلّیداركه
techizat-ı askeriyesi	تجهیزات عسكریّهسی
techîzât-ı askeriyesi	تجهیزات عسكریّهسی
tecrid-i mutlak	تجرید مطلق
tecrid-i mutlakta	تجرید مطلقده
tecrîd-i mutlak	تجرید مطلق
tecrîd-i mutlakta	تجرید مطلقده
tecâvüzdür ki	تجاوزدركه
tedai-i efkar	تداعئ افكار
tedris-i ulum	تدریس علوم
tedrîs-i ulûm	تدریس علوم
tedâî-i efkâr	تداعئ افكار
teessüf ki	تأسّفكه
teessür de	تأثّر ده
tefekkür-ü imaniden	تفكّر ایمانیدن
tefekkür-ü îmânîden	تفكّر ایمانیدن
teferruat-ı şer'iyenin	تفرّعات شرعیهنڭ
teferruât-ı şer'iyenin	تفرّعات شرعیهنڭ
tefsir-i kur'ani	تفسیر قرآنی
tefsir-i vazıhı	تفسیر واضحی
tefsirü'l-mikbas	تفسیر المقباس
tefsîr-i kur'ânî	تفسیر قرآنی
tefsîr-i vâzıhı	تفسیر واضحی
tefsîrü'l-mikbâs	تفسیر المقباس
tehdidat-ı kur'aniyeyi	تهدیدات قرآنیهیی
tehdîdât-ı kur'âniyeyi	تهدیدات قرآنیهیی
tehzib-i ahlak	تهذیب اخلاق
tehzîb-i ahlâk	تهذیب اخلاق
tekalif-i diniye	تكالیف دینیّه
tekalif-i diniyenin	تكالیف دینیّهنڭ
tekellüm de	تكلّم ده
tekemmül-ü mebadi	تكمّل مبادی
tekemmül-ü mebâdî	تكمّل مبادی
tekemmülat-ı insaniye	تكمّلات انسانیه
tekemmülat-ı ruhiyenin	تكمّلات روحیّهنڭ
tekemmülât-ı insaniye	تكمّلات انسانیه
tekemmülât-ı rûhiyenin	تكمّلات روحیّهنڭ
tekerrür ile	تكرّر ایله
tekrar-ı tilaveti	تكرار تلاوتی
tekrarat-ı kur'aniye	تكرارات قرآنیه
tekrarat-ı kur'aniyenin	تكرارات قرآنیهنڭ
tekrâr-ı tilâveti	تكرار تلاوتی
tekrârât-ı kur'âniye	تكرارات قرآنیه
tekrârât-ı kur'âniyenin	تكرارات قرآنیهنڭ
tekâlîf-i dîniye	تكالیف دینیّه
tekâlîf-i dîniyenin	تكالیف دینیّهنڭ
telahuk-u efkar	تلاحق افكار
telahuk-u efkardan	تلاحق افكاردن
telahuk-u efkarla	تلاحق افكارله
telakki-i bilkabul	تلقی بالقبول
telakkî-i bilkabûl	تلقی بالقبول
telvihat-ı tis'a	تلویحات تسعه
telvîhât-ı tis'a	تلویحات تسعه
telyin-i hadid	تلیین حدید
telyîn-i hadîd	تلیین حدید
telâhuk-u efkâr	تلاحق افكار
telâhuk-u efkârdan	تلاحق افكاردن
telâhuk-u efkârla	تلاحق افكارله
temsil-i rahmet-i alem	تمثیل رحمت عالم
temsilat-ı kur'aniyenin	تمثیلات قرآنیهنڭ
temsîl-i rahmet-i âlem	تمثیل رحمت عالم
temsîlât-ı kur'âniyenin	تمثیلات قرآنیهنڭ
tenezzülat-ı kelamiye	تنزّلات كلامیه
tenezzülât-ı kelâmiye	تنزّلات كلامیه
terakkıyat-ı beşeriye	ترقّیات بشریّه
terakkıyat-ı beşeriyenin	ترقّیات بشریّهنڭ
terakkıyat-ı beşeriyeyi	ترقّیات بشریّهیی
terakkıyat-ı ecnebiyeye	ترقّیات اجنبیهیه
terakkıyat-ı fenniye	ترقّیات فنّیه
terakkıyat-ı hazıra	ترقّیات حاضره
terakkıyat-ı hazıranın	ترقّیات حاضرهنڭ
terakkıyat-ı ma'neviye	ترقّیات معنویه
terakkıyat-ı ma'neviyenin	ترقّیات معنویهنڭ
terakkıyat-ı maddiye	ترقّیات مادّیه
terakkıyat-ı medeniyeti	ترقّیات مدنیتی
terakkıyât-ı beşeriye	ترقّیات بشریّه
terakkıyât-ı beşeriyenin	ترقّیات بشریّهنڭ
terakkıyât-ı beşeriyeyi	ترقّیات بشریّهیی
terakkıyât-ı ecnebiyeye	ترقّیات اجنبیهیه
terakkıyât-ı fenniye	ترقّیات فنّیه
terakkıyât-ı hâzıra	ترقّیات حاضره
terakkıyât-ı hâzıranın	ترقّیات حاضرهنڭ
terakkıyât-ı ma'neviye	ترقّیات معنویه
terakkıyât-ı ma'neviyenin	ترقّیات معنویهنڭ
terakkıyât-ı maddiye	ترقّیات مادّیه
terakkıyât-ı medeniyeti	ترقّیات مدنیتی
terbiye-i islamiye	تربیهٔ اسلامیه
terbiye-i islamiyeden	تربیهٔ اسلامیهدن
terbiye-i islamiyeyi	تربیهٔ اسلامیّهیی
terbiye-i islâmiye	تربیهٔ اسلامیه
terbiye-i islâmiyeden	تربیهٔ اسلامیهدن
terbiye-i islâmiyeyi	تربیهٔ اسلامیّهیی
terbiye-i medeniye	تربیهٔ مدنیه
terbiye-i vahide	تربیهٔ واحده
terbiye-i vâhide	تربیهٔ واحده
tercih bila müreccih	ترجیح بلا مرجّح
tercîh bilâ müreccih	ترجیح بلا مرجّح
tercüman-ı ebedisi	ترجمان ابدیسی
tercüman-ı nur	ترجمان نور
tercüman-ı satıı	ترجمان ساطعی
tercüme-i ezeliyesi	ترجمهٔ ازلیّهسی
tercüme-i halinde	ترجمهٔ حالنده
tercüme-i halinden	ترجمهٔ حالندن
tercüme-i haline	ترجمهٔ حالنه
tercüme-i hâlinde	ترجمهٔ حالنده
tercüme-i hâlinden	ترجمهٔ حالندن
tercüme-i hâline	ترجمهٔ حالنه
tercümân-ı ebedîsi	ترجمان ابدیسی
tercümân-ı nûr	ترجمان نور
tercümân-ı sâtıı	ترجمان ساطعی
terhis tezkeresi	ترخیص تذكرهسی
terhîs tezkeresi	ترخیص تذكرهسی
terk-i adetten	ترك عادتدن
terk-i dünya	ترك دنیا
terk-i dünyâ	ترك دنیا
terk-i enaniyet	ترك انانیت
terk-i enaniyetle	ترك انانیتله
terk-i enâniyet	ترك انانیت
terk-i enâniyetle	ترك انانیتله
terk-i kebair	ترك كبائر
terk-i kebâir	ترك كبائر
terk-i masiva	ترك ماسوا
terk-i mâsivâ	ترك ماسوا
terk-i âdetten	ترك عادتدن
terzi mehmed'in	ترزی محمدڭ
tesadüfle mi	تصادفلهمی
tesbihat-ı rabbaniyeyi	تسبیحات ربّانیهیی
tesbihat-ı salatiyenin	تسبیحات صلاتیهنڭ
tesbihatlar da	تسبیحاتلر ده
tesbîhât-ı rabbâniyeyi	تسبیحات ربّانیهیی
tesbîhât-ı salâtiyenin	تسبیحات صلاتیهنڭ
tesbîhâtlar da	تسبیحاتلر ده
tesettür-ü nisa	تستّر نسا
tesettür-ü nisvan	تستّر نسوان
tesettür-ü nisvân	تستّر نسوان
tesettür-ü nisâ	تستّر نسا
teshir-i rabbani	تسخیر ربّانی
teshîr-i rabbânî	تسخیر ربّانی
teslim-i ruh	تسلیم روح
teslim-i rıza	تسلیم رضا
teslim-i silah	تسلیم سلاح
teslim-i silaha	تسلیم سلاحه
teslîm-i rûh	تسلیم روح
teslîm-i rızâ	تسلیم رضا
teslîm-i silâh	تسلیم سلاح
teslîm-i silâha	تسلیم سلاحه
tesâdüfle mi	تصادفلهمی
tevafuk-u cifri	توافق جفری
tevafuk-u ma'nevi	توافق معنوی
tevafukat-ı gaybiye	توافقات غیبیه
tevafukat-ı gaybiyeden	توافقات غیبیهدن
tevafukat-ı latifedendir ki	توافقات لطیفهدندركه
tevafukat-ı latifesindendir ki	توافقات لطیفهسندندركه
tevafuktur ki	توافقدركه
tevafuku da	توافقی ده
tevatür-ü ma'nevi	تواتر معنوی
tevazu'-u mutlakta	تواضع مطلقده
tevcih-i hitab	توجیه خطاب
tevcih-i kelam	توجیه كلام
tevcîh-i hitâb	توجیه خطاب
tevcîh-i kelâm	توجیه كلام
teveccüh-i ammeyi	توجّه عامّهیی
teveccüh-i âmmeyi	توجّه عامّهیی
teveccüh-ü ammeden	توجّه عامّهدن
teveccüh-ü ammeye	توجّه عامّهیه
teveccüh-ü ammeyi	توجّه عامّهیی
teveccüh-ü nas	توجّه ناس
teveccüh-ü nastan	توجّه ناسدن
teveccüh-ü nası	توجّه ناسی
teveccüh-ü nâs	توجّه ناس
teveccüh-ü nâstan	توجّه ناسدن
teveccüh-ü nâsı	توجّه ناسی
teveccüh-ü âmmeden	توجّه عامّهدن
teveccüh-ü âmmeye	توجّه عامّهیه
teveccüh-ü âmmeyi	توجّه عامّهیی
teveccühünü de	توجّهنی ده
tevehhüm-ü ebediyet	توهّم ابدیّت
tevehhüm-ü ebediyeti	توهّم ابدیّتی
tevehhüm-ü ebediyetle	توهّم ابدیّتله
tevfik ileri	توفیق ایلری
tevfik-i hareket	توفیق حركت
tevfik-i harekete	توفیق حركته
tevfik-i huda	توفیق خدا
tevfik-i ilahi	توفیق الهی
tevfik-i ilahinin	توفیق الهینڭ
tevfik-i rabbani	توفیق ربّانی
tevfîk ileri	توفیق ایلری
tevfîk-i hareket	توفیق حركت
tevfîk-i harekete	توفیق حركته
tevfîk-i hudâ	توفیق خدا
tevfîk-i ilâhî	توفیق الهی
tevfîk-i ilâhînin	توفیق الهینڭ
tevfîk-i rabbânî	توفیق ربّانی
tevhid-i cami'dir	توحید جامعدر
tevhid-i celali	توحید جلالی
tevhid-i hakiki	توحید حقیقی
tevhid-i hakikiyi	توحید حقیقی یی
tevhid-i ilahi	توحید الهی
tevhid-i kayyumiyet	توحید قیّومیت
tevhid-i kıble	توحید قبله
tevhid-i rahmanla	توحید رحمانله
tevhid-i rububiyet	توحید ربوبیت
tevhid-i sermedi	توحید سرمدی
tevhid-i uluhiyete	توحید الوهیته
tevhid-i şuhuda	توحید شهوده
tevhîd-i celâlî	توحید جلالی
tevhîd-i câmi'dir	توحید جامعدر
tevhîd-i hakîkî	توحید حقیقی
tevhîd-i hakîkîyi	توحید حقیقی یی
tevhîd-i ilâhî	توحید الهی
tevhîd-i kayyûmiyet	توحید قیّومیت
tevhîd-i kıble	توحید قبله
tevhîd-i rahmânla	توحید رحمانله
tevhîd-i rubûbiyet	توحید ربوبیت
tevhîd-i sermedî	توحید سرمدی
tevhîd-i ulûhiyete	توحید الوهیته
tevhîd-i şuhûda	توحید شهوده
tevâfuk-u cifrî	توافق جفری
tevâfuk-u ma'nevî	توافق معنوی
tevâfuktur ki	توافقدركه
tevâfuku da	توافقی ده
tevâfukāt-ı gaybiye	توافقات غیبیه
tevâfukāt-ı gaybiyeden	توافقات غیبیهدن
tevâfukāt-ı latîfedendir ki	توافقات لطیفهدندركه
tevâfukāt-ı latîfesindendir ki	توافقات لطیفهسندندركه
tevâtür-ü ma'nevî	تواتر معنوی
tevâzu'-u mutlakta	تواضع مطلقده
tezahür-ü rububiyet	تظاهر ربوبیّت
tezahürat-ı cemaliye	تظاهرات جمالیه
tezgahtır ki	تزكاهدركه
tezgâhtır ki	تزكاهدركه
tezâhür-ü rubûbiyet	تظاهر ربوبیّت
tezâhürât-ı cemâliye	تظاهرات جمالیه
teâvün-ü gavsî	تعاون غوثی؈
teşkil-i cesed	تشكیل جسد
teşkil-i eşya	تشكیل اشیا
teşkilat-ı esasiye	تشكیلات اساسیّه
teşkîl-i cesed	تشكیل جسد
teşkîl-i eşyâ	تشكیل اشیا
teşkîlât-ı esâsiye	تشكیلات اساسیّه
teşrik-i mesai	تشریك مساعی
teşrikü'l-mesai	تشریك المساعی
teşrikü'l-mesaiye	تشریك المساعی یه
teşrîk-i mesâî	تشریك مساعی
teşrîkü'l-mesâî	تشریك المساعی
teşrîkü'l-mesâîye	تشریك المساعی یه
timsal-i sureti	تمثال صورتی
timsâl-i sûreti	تمثال صورتی
tiryak-ı acibin	تریاق عجیبڭ
tiryakı da	تریاقی ده
tiryâk-ı acîbin	تریاق عجیبڭ
tiryâkı da	تریاقی ده
titreyiniz ki	تیترهییڭزكه
topal şükrü'nün	طوپال شكرینڭ
tuba-yı hilkatten	طوبای خلقتدن
tufan-ı şedid	طوفان شدید
tul-ü emel	طول امل
tul-ü emelin	طول املڭ
tulumba-i nur	طولومبهٔ نور
tulumba-i nûr	طولومبهٔ نور
tur-u sina'da	طور سیناده
turra-i ehadiyet	طرّهٔ احدیّت
turuk-u mütekellimin	طرق متكلّمین
turuk-u mütekellimîn	طرق متكلّمین
turuk-u velayet	طرق ولایت
turuk-u velâyet	طرق ولایت
tutmuş da	طوتمش ده
tâ ki	تاكه
tâife-i askeriye	طائفهٔ عسكریّه
tâife-i azîme	طائفهٔ عظیمه
tâife-i azîmenin	طائفهٔ عظیمهنڭ
tâife-i azîmesi	طائفهٔ عظیمهسی
tâife-i ilmiye	طائفهٔ علمیه
tâife-i nisâ	طائفهٔ نسا
tâife-i nisâiye	طائفهٔ نسائیّه
tâifenin de	طائفهنڭ ده
tâifesi de	طائفهسی ده
tâkat-i beşer	طاقت بشر
tâkat-i beşerin	طاقت بشرڭ
târ u mâr	تار و مار
târik-i dünyâ	تارك دنیا
târîh-i beşerde	تاریخ بشرده
târîh-i hayatı	تاریخ حیاتی
târîh-i hayâtımda	تاریخ حیاتمده
târîh-i hayâtını	تاریخ حیاتنی
târîh-i islâm	تاریخ اسلام
târîh-i mezkûrda	تاریخ مذكورده
târîh-i te'lîf	تاریخ تألیف
târîh-i velâdetine	تاریخ ولادتنه
târîhçe-i hayat'ta	تاریخچهٔ حیاتده
târîhçe-i hayatlarının	تاریخچهٔ حیاتلرینڭ
târîhçe-i hayatım	تاریخجهٔ حیاتم
târîhçe-i hayatımda	تاریخچهٔ حیاتمده
târîhçe-i hayatını	تاریخچهٔ حیاتنی
târîhçe-i hayât	تاریخچهٔ حیات
târîhçe-i hayât'ta	تاریخچهٔ حیاتده
târîhçe-i hayât'ı	تاریخچهٔ حیاتی
târîhçe-i hayât'ın	تاریخچهٔ حیاتڭ
târîhçe-i hayâtlarını	تاریخچهٔ حیاتلرینی
târîhçe-i hayâtı	تاریخچهٔ حیاتی
târîhçe-i hayâtında	تاریخچهٔ حیاتنده
târîhçe-i hayâtının	تاریخچهٔ حیاتنڭ
tûbâ-yı hilkatten	طوبای خلقتدن
tûfân-ı şedîd	طوفان شدید
tûl-ü emel	طول امل
tûl-ü emelin	طول املڭ
tûr-u sînâ'da	طور سیناده
tılsım-ı kainat	طلسم كائنات
tılsım-ı kainatı	طلسم كائناتی
tılsım-ı kainatın	طلسم كائناتڭ
tılsım-ı kâinât	طلسم كائنات
tılsım-ı kâinâtı	طلسم كائناتی
tılsım-ı kâinâtın	طلسم كائناتڭ
tılsım-ı muğlakını	طلسم مغلقنی
tılsım-ı müşkilküşa	طلسم مشكلكشا
tılsım-ı müşkilküşâ	طلسم مشكلكشا
tılsımlar mecmuası'nda	طلسملر مجموعهسنده
tılsımlar mecmûası'nda	طلسملر مجموعهسنده
ubudiyet-i insaniyedir	عبودیت انسانیهدر
ubudiyet-i külliye	عبودیت كلّیه
ubudiyet-i külliyeye	عبودیت كلّیهیه
ubûdiyet-i insaniyedir	عبودیت انسانیهدر
ubûdiyet-i külliye	عبودیت كلّیه
ubûdiyet-i külliyeye	عبودیت كلّیهیه
uhuvvet-i imaniye	اخوّت ایمانیه
uhuvvet-i islamiye	اخوّت اسلامیه
uhuvvet-i islamiyenin	اخوت اسلامیّهنڭ
uhuvvet-i islamiyeyi	اخوّت اسلامیهیی
uhuvvet-i islâmiye	اخوّت اسلامیه
uhuvvet-i islâmiyenin	اخوت اسلامیّهنڭ
uhuvvet-i islâmiyeyi	اخوّت اسلامیهیی
uhuvvet-i îmâniye	اخوّت ایمانیه
ukde-i hayatiye	عقدهٔ حیاتیه
ukde-i hayatiyesi	عقدهٔ حیاتیهسی
ukde-i hayâtiyesi	عقدهٔ حیاتیهسی
ukul-ü münevvere	عقول منوّره
ukul-ü nuraniye	عقول نورانیه
ukūl-ü münevvere	عقول منوّره
ukūl-ü nûrâniye	عقول نورانیه
ulema-yı hakikatin	علمای حقیقتڭ
ulema-yı ilm-i kelam	علمای علم كلام
ulema-yı ilm-i kelamın	علمای علم كلامڭ
ulema-yı islam	علمای اسلام
ulema-yı islam'ın	علمای اسلامڭ
ulema-yı şeriat	علمای شریعت
uleması da	علماسی ده
ulemaü's-su'	علماء السوء
ulemaü's-su'a	علماء السّوئه
ulemaü's-su'u	علماء السّوئی
ulemaü's-su'un	علماء السّوئڭ
ulemâ-yı hakîkatin	علمای حقیقتڭ
ulemâ-yı ilm-i kelâm	علمای علم كلام
ulemâ-yı ilm-i kelâmın	علمای علم كلامڭ
ulemâ-yı islâm	علمای اسلام
ulemâ-yı islâm'ın	علمای اسلامڭ
ulemâ-yı şerîat	علمای شریعت
ulemâsı da	علماسی ده
ulemâü's-sû'	علماء السوء
ulemâü's-sû'a	علماء السّوئه
ulemâü's-sû'u	علماء السّوئی
ulemâü's-sû'un	علماء السّوئڭ
uluhiyet de	الوهیّت ده
uluhiyet-i mutlaka	الوهیّت مطلقه
ulum-u aliye	علوم آلیه
ulum-u aliyenin	علوم عالیهنڭ
ulum-u arabiyenin	علوم عربیهنڭ
ulum-u arabiyeyi	علوم عربیهیی
ulum-u diniye	علوم دینیه
ulum-u evvelin	علوم اوّلین
ulum-u felsefeyi	علوم فلسفهیی
ulum-u felsefiyeyi	علوم فلسفیّهیی
ulum-u hakikiyenin	علوم حقیقیهنڭ
ulum-u ilahiye	علوم الهیه
ulum-u imaniye	علوم ایمانیه
ulum-u imaniyeyi	علوم ایمانیهیی
ulum-u islamiye	علوم اسلامیه
ulum-u islamiyede	علوم اسلامیهده
ulum-u islamiyenin	علوم اسلامیهنڭ
ulum-u islamiyeyi	علوم اسلامیهیی
ulum-u kevniye	علوم كونیه
ulum-u mütearife	علوم متعارفه
ulum-u mütenevviayı	علوم متنوّعهیی
ulviyet-i hitabı	علویت خطابی
ulviyet-i hitâbı	علویت خطابی
ulviyet-i üslub	علویت اسلوب
ulviyet-i üslûb	علویت اسلوب
ulûhiyet de	الوهیّت ده
ulûhiyet-i mutlaka	الوهیّت مطلقه
ulûm-u arabiyenin	علوم عربیهنڭ
ulûm-u arabiyeyi	علوم عربیهیی
ulûm-u dîniye	علوم دینیه
ulûm-u evvelîn	علوم اوّلین
ulûm-u felsefeyi	علوم فلسفهیی
ulûm-u felsefiyeyi	علوم فلسفیّهیی
ulûm-u hakîkiyenin	علوم حقیقیهنڭ
ulûm-u ilâhiye	علوم الهیه
ulûm-u islâmiye	علوم اسلامیه
ulûm-u islâmiyede	علوم اسلامیهده
ulûm-u islâmiyenin	علوم اسلامیهنڭ
ulûm-u islâmiyeyi	علوم اسلامیهیی
ulûm-u kevniye	علوم كونیه
ulûm-u mütenevviayı	علوم متنوّعهیی
ulûm-u müteârife	علوم متعارفه
ulûm-u âliye	علوم آلیه
ulûm-u âliyenin	علوم عالیهنڭ
ulûm-u îmâniye	علوم ایمانیه
ulûm-u îmâniyeyi	علوم ایمانیهیی
ulü'l-azm	اولو العزم
ulü'l-azmane	اولو العزمانه
ulü'l-emre	اولو الامره
ulüvv-ü cenablık	علوّ جنابلق
ulüvv-ü cenablıktır	علوّ جنابلقدر
ulüvv-ü cenablığı	علوّ جنابلغی
ulüvv-ü cenâblık	علوّ جنابلق
ulüvv-ü cenâblıktır	علوّ جنابلقدر
ulüvv-ü cenâblığı	علوّ جنابلغی
ulüvv-ü himmet	علوّ همّت
ulüvv-ü himmetinizden	علوّ همّتڭزدن
ulüvv-ü himmetten	علوّ همّتدن
umdetü'l-vesail	عمدة الوسائل
umdetü'l-vesâil	عمدة الوسائل
umumun da	عمومڭ ده
umur-u azimeden	امور عظیمهدن
umur-u dünya	امور دنیا
umur-u dünyaya	امور دنیایه
umur-u dünyeviyede	امور دنیویهده
umur-u gaybiye	امور غیبیه
umur-u gaybiyeden	امور غیبیهدن
umur-u gaybiyenin	امور غیبیّهنڭ
umur-u gaybiyeye	امور غیبیهیه
umur-u hasise	امور خسیسه
umur-u hayriye	امور خیریه
umur-u hayriyenin	امور خیریّهنڭ
umur-u kevniyede	امور كونیّهده
umur-u uhreviyeye	امور اخرویهیه
umur-u şerriyede	امور شرّیهده
umûr-u azîmeden	امور عظیمهدن
umûr-u dünyeviyede	امور دنیویهده
umûr-u dünyâ	امور دنیا
umûr-u dünyâya	امور دنیایه
umûr-u gaybiye	امور غیبیه
umûr-u gaybiyeden	امور غیبیهدن
umûr-u gaybiyenin	امور غیبیّهنڭ
umûr-u gaybiyeye	امور غیبیهیه
umûr-u hasîse	امور خسیسه
umûr-u hayriye	امور خیریه
umûr-u hayriyenin	امور خیریّهنڭ
umûr-u kevniyede	امور كونیّهده
umûr-u uhreviyeye	امور اخرویهیه
umûr-u şerriyede	امور شرّیهده
unsur-u akide	عنصر عقیده
unsur-u akîde	عنصر عقیده
unsur-u havainin	عنصر هوائینڭ
unsur-u havanın	عنصر هوانڭ
unsur-u havaînin	عنصر هوائینڭ
unsuru da	عنصری ده
urvetü'l-vüskadır	عروة الوثقی در
urvetü'l-vüskādır	عروة الوثقی در
usul-ü tedris	اصول تدریس
usul-ü şeriatın	اصول شریعتڭ
usulü'd-din	اصول الدّین
usûl-ü tedrîs	اصول تدریس
usûl-ü şerîatın	اصول شریعتڭ
usûlü'd-dîn	اصول الدّین
uzv-u nafi'	عضو نافع
uzv-u nâfi'	عضو نافع
va esefa	وا أسفا
va hasreta	وا حسرتا
va'd-i ilahisine	وعد الهیسنه
va'd-i ilâhîsine	وعد الهیسنه
va-esefa	وا أسفا
vacibü'l-vücud	واجب الوجود
vacibü'l-vücud ki	واجب الوجودكه
vacibü'l-vücud'a	واجب الوجوده
vacibü'l-vücud'dur	واجب الوجوددر
vacibü'l-vücud'u	واجب الوجودی
vacibü'l-vücud'un	واجب الوجودڭ
vahdaniyet-i ilahiye	وحدانیت الهیه
vahdaniyet-i ilahiyenin	وحدانیت الهیهنڭ
vahdaniyet-i ilahiyeye	وحدانیت الهیهیه
vahdaniyet-i ilahiyeyi	وحدانیت الهیهیی
vahdet-i cinsiye	وحدت جنسیّه
vahdet-i idare	وحدت اداره
vahdet-i idâre	وحدت اداره
vahdet-i mes'ele	وحدت مسئله
vahdet-i nev'iye	وحدت نوعیه
vahdet-i rabbaniyeyi	وحدت ربّانیّهیی
vahdet-i rabbâniyeyi	وحدت ربّانیّهیی
vahdet-i rububiyeti	وحدت ربوبیتی
vahdet-i rubûbiyeti	وحدت ربوبیتی
vahdet-i tedbir	وحدت تدبیر
vahdet-i tedbîr	وحدت تدبیر
vahdet-i vücud	وحدت وجود
vahdet-i vücûd	وحدت وجود
vahdetü'l-vücud	وحدت الوجود
vahdetü'l-vücuda	وحدت الوجوده
vahdetü'l-vücuddan	وحدت الوجوددن
vahdetü'l-vücudu	وحدت الوجودی
vahdetü'l-vücûd	وحدت الوجود
vahdetü'l-vücûda	وحدت الوجوده
vahdetü'l-vücûddan	وحدت الوجوددن
vahdetü'l-vücûdu	وحدت الوجودی
vahdetü'ş-şuhud	وحدت الشّهود
vahdetü'ş-şuhûd	وحدت الشّهود
vahdâniyet-i ilâhiye	وحدانیت الهیه
vahdâniyet-i ilâhiyenin	وحدانیت الهیهنڭ
vahdâniyet-i ilâhiyeye	وحدانیت الهیهیه
vahdâniyet-i ilâhiyeyi	وحدانیت الهیهیی
vahid-i ehad	واحد احد
vahid-i ehad'den	واحد احددن
vahid-i ehad'dir	واحد احددر
vahid-i ehad'e	واحد احده
vahid-i ehad'i	واحد احدی
vahid-i ehad'in	واحد احدڭ
vahid-i kıyasi	واحد قیاسی
vahid-i kıyasidir	واحد قیاسیدر
vahidiyet-i saltanat	واحدیت سلطنت
vahy-i ilahinin	وحی الهینڭ
vahy-i ilâhînin	وحی الهینڭ
vahy-i kur'ani	وحی قرآنی
vahy-i kur'ânî	وحی قرآنی
vahy-i mahz-ı rabbani	وحی محض ربّانی
vahy-i mahz-ı rabbânî	وحی محض ربّانی
vahy-i semavi	وحی سماوی
vahy-i semâvî	وحی سماوی
vahşet-i mutlakadan	وحشت مطلقهدن
vaiz-i umumi	واعظ عمومی
vakit de	وقت ده
vakit-be-vakit	وقت بوقت
vakitte de	وقتده ده
vakitten beri	وقتدنبری
vakt-i hacette	وقت حاجتده
vakt-i hâcette	وقت حاجتده
vakt-i münasibde	وقت مناسبده
vakt-i münâsibde	وقت مناسبده
vakt-i nüzulü	وقت نزولی
vakt-i nüzulünü	وقت نزولنی
vakt-i nüzûlü	وقت نزولی
vakt-i nüzûlünü	وقت نزولنی
vakta ki	وقتاكه
vaktim de	وقتم ده
vaktinde ki	وقتندهكه
vaktâ ki	وقتاكه
vakıa-i hayaliyede	واقعهٔ خیالیهده
vakıa-i sadıkada	واقعهٔ صادقهده
validelerini de	والدهلرینی ده
var iken	وار ایكن
var ki	واركه
var mı	وارمی
var mı ki	وارمیكه
var mıdır	وارمیدر
var mıdır ki	وارمیدركه
vardı ki	واردیكه
vardır ki	واردركه
varis-i muhammedi	وارث محمّدی
varmı ki	وارمیكه
varmış ki	وارمشكه
varsa da	وارسه ده
vasıta-i beyanı	واسطهٔ بیانی
vasıta-i muhabere	واسطهٔ مخابره
vasıta-i necat	واسطهٔ نجات
vasıta-i neşri	واسطهٔ نشری
vasıta-i nurani	واسطهٔ نورانی
vasıta-i rahmet	واسطهٔ رحمت
vasıta-i seyahatle	واسطهٔ سیاحتله
vasıta-i teşvik	واسطهٔ تشویق
vatan-ı aslilerine	وطن اصلیلرینه
vatan-ı aslîlerine	وطن اصلیلرینه
vaveyla-yı ruhi	واویلای روحی
vaz'iyet-i acibe	وضعیت عجیبه
vaz'iyet-i acibesiyle	وضعیت عجیبهسیله
vaz'iyet-i acîbe	وضعیت عجیبه
vaz'iyet-i acîbesiyle	وضعیت عجیبهسیله
vaz'iyet-i fakiraneleri	وضعیت فقیرانهلری
vaz'iyet-i fakîrâneleri	وضعیت فقیرانهلری
vaz'iyet-i insaniyesini	وضعیت انسانیهسنی
vaz'iyet-i naimanede	وضعیت نائمانهده
vaz'iyet-i nâimânede	وضعیت نائمانهده
vazife-i asliye	وظیفهٔ اصلیه
vazife-i asliyesi	وظیفهٔ اصلیهسی
vazife-i diniye	وظیفهٔ دینیه
vazife-i fıtrat	وظیفهٔ فطرت
vazife-i fıtratım	وظیفهٔ فطرتم
vazife-i fıtriyede	وظیفهٔ فطریهده
vazife-i fıtriyelerinin	وظیفهٔ فطریّهلرینڭ
vazife-i fıtriyesi	وظیفهٔ فطریهسی
vazife-i fıtriyesini	وظیفهٔ فطریهسنی
vazife-i hakikiyelerini	وظیفهٔ حقیقیهلرینی
vazife-i hayat	وظیفهٔ حیات
vazife-i hayatiyesini	وظیفهٔ حیاتیهسنی
vazife-i hayatlarını	وظیفهٔ حیاتلرینی
vazife-i hayattan	وظیفهٔ حیاتدن
vazife-i hayatın	وظیفهٔ حیاتڭ
vazife-i ilahiye	وظیفهٔ الهیه
vazife-i ilahiyedir	وظیفهٔ الهیهدر
vazife-i ilahiyeye	وظیفهٔ الهیهیه
vazife-i ilmiye	وظیفهٔ علمیه
vazife-i imaniye	وظیفهٔ ایمانیه
vazife-i kudsiye	وظیفهٔ قدسیه
vazife-i kudsiye-i imaniyesi	وظیفهٔ قدسیهٔ ایمانیهسی
vazife-i kudsiyede	وظیفهٔ قدسیهده
vazife-i kudsiyelerinden	وظیفهٔ قدسیهلرندن
vazife-i kudsiyenin	وظیفهٔ قدسیهنڭ
vazife-i kur'aniyeyi	وظیفهٔ قرآنیهیی
vazife-i nuriye	وظیفهٔ نوریه
vazife-i nuriyede	وظیفهٔ نوریهده
vazife-i nuriyesine	وظیفهٔ نوریهسنه
vazife-i nuriyesini	وظیفهٔ نوریهسنی
vazife-i nuriyeyi	وظیفهٔ نوریهیی
vazife-i nübüvvetin	وظیفهٔ نبوّتڭ
vazife-i risalet	وظیفهٔ رسالت
vazife-i ubudiyet	وظیفهٔ عبودیت
vazife-i ubudiyeti	وظیفهٔ عبودیتی
vazife-i ubudiyetini	وظیفهٔ عبودیتنی
vazife-i ubudiyetle	وظیفهٔ عبودیتله
vazife-i ubudiyetlerini	وظیفهٔ عبودیتلرینی
vazife-i uhreviye	وظیفهٔ اخرویه
vazife-i uzmayı	وظیفهٔ عظمایی
vazifesi de	وظیفهسی ده
vazifesini de	وظیفهسنی ده
vazîfe-i asliye	وظیفهٔ اصلیه
vazîfe-i asliyesi	وظیفهٔ اصلیهسی
vazîfe-i dîniye	وظیفهٔ دینیه
vazîfe-i fıtrat	وظیفهٔ فطرت
vazîfe-i fıtratım	وظیفهٔ فطرتم
vazîfe-i fıtriyede	وظیفهٔ فطریهده
vazîfe-i fıtriyelerinin	وظیفهٔ فطریّهلرینڭ
vazîfe-i fıtriyesi	وظیفهٔ فطریهسی
vazîfe-i fıtriyesini	وظیفهٔ فطریهسنی
vazîfe-i hakîkiyelerini	وظیفهٔ حقیقیهلرینی
vazîfe-i hayat	وظیفهٔ حیات
vazîfe-i hayatiyesini	وظیفهٔ حیاتیهسنی
vazîfe-i hayatlarını	وظیفهٔ حیاتلرینی
vazîfe-i hayattan	وظیفهٔ حیاتدن
vazîfe-i hayatın	وظیفهٔ حیاتڭ
vazîfe-i ilmiye	وظیفهٔ علمیه
vazîfe-i ilâhiye	وظیفهٔ الهیه
vazîfe-i ilâhiyedir	وظیفهٔ الهیهدر
vazîfe-i ilâhiyeye	وظیفهٔ الهیهیه
vazîfe-i kudsiye	وظیفهٔ قدسیه
vazîfe-i kudsiye-i îmâniyesi	وظیفهٔ قدسیهٔ ایمانیهسی
vazîfe-i kudsiyede	وظیفهٔ قدسیهده
vazîfe-i kudsiyelerinden	وظیفهٔ قدسیهلرندن
vazîfe-i kudsiyenin	وظیفهٔ قدسیهنڭ
vazîfe-i kur'âniyeyi	وظیفهٔ قرآنیهیی
vazîfe-i nûriye	وظیفهٔ نوریه
vazîfe-i nûriyede	وظیفهٔ نوریهده
vazîfe-i nûriyesine	وظیفهٔ نوریهسنه
vazîfe-i nûriyesini	وظیفهٔ نوریهسنی
vazîfe-i nûriyeyi	وظیفهٔ نوریهیی
vazîfe-i nübüvvetin	وظیفهٔ نبوّتڭ
vazîfe-i risâlet	وظیفهٔ رسالت
vazîfe-i ubûdiyet	وظیفهٔ عبودیت
vazîfe-i ubûdiyeti	وظیفهٔ عبودیتی
vazîfe-i ubûdiyetini	وظیفهٔ عبودیتنی
vazîfe-i ubûdiyetle	وظیفهٔ عبودیتله
vazîfe-i ubûdiyetlerini	وظیفهٔ عبودیتلرینی
vazîfe-i uhreviye	وظیفهٔ اخرویه
vazîfe-i uzmâyı	وظیفهٔ عظمایی
vazîfe-i îmâniye	وظیفهٔ ایمانیه
vazîfesi de	وظیفهسی ده
vazîfesini de	وظیفهسنی ده
ve de	و دی
ve sair	و سائر
ve saire	و سائره
ve sellem	وسلّم
ve sâir	و سائر
ve sâire	و سائره
ve'l-asr	والعصر
ve'l-cemaat	والجماعت
ve'l-cemâat	والجماعت
ve'l-ikram	والاكرام
ve'l-ikrâm	والاكرام
ve'l-kemal	والكمال
ve'l-kemâl	والكمال
ve'l-kur'an'sın	والقرآنسڭ
ve'l-kur'ân'sın	والقرآنسڭ
ve'l-müceddidiyeti	والمجدّدیّة
vech-i i'caz	وجه اعجاز
vech-i i'cazı	وجه اعجازی
vech-i i'cazına	وجه اعجازینه
vech-i i'cazını	وجه اعجازینی
vech-i i'cazının	وجه اعجازینڭ
vech-i i'câz	وجه اعجاز
vech-i i'câzı	وجه اعجازی
vech-i i'câzına	وجه اعجازینه
vech-i i'câzını	وجه اعجازینی
vech-i i'câzının	وجه اعجازینڭ
vech-i in'ikası	وجه انعكاسی
vech-i in'ikâsı	وجه انعكاسی
vech-i irtibatı	وجه ارتباطی
vech-i irtibâtı	وجه ارتباطی
vech-i nazmı	وجه نظمی
vech-i rahmet	وجه رحمت
vech-i tahsisi	وجه تخصیصی
vech-i tahsîsi	وجه تخصیصی
vech-i tevfiki	وجه توفیقی
vech-i tevfîki	وجه توفیقی
vechi de	وجهی ده
vefat-ı nebeviden	وفات نبویدن
vefât-ı nebevîden	وفات نبویدن
vehbi efendi	وهبی افندی
vehbî efendi	وهبی افندی
vehhab-ı rezzak	وهّاب رزّاق
vehhâb-ı rezzâk	وهّاب رزّاق
vela-şübhe	ولا شبهه
velayet-i ahmediye	ولایت احمدیهؐ
velayet-i ahmediyenin	ولایت احمدیهنڭؐ
velayet-i kamile	ولایت كامله
velayet-i kübra	ولایت كبرا
velayet-i kübranın	ولایت كبرانڭ
veled-i ma'nevisi	ولد معنویسی
veled-i ma'nevîsi	ولد معنویسی
velev ki	ولوكه
veliyy-i kamil	ولیّ كامل
veliyy-i kâmil	ولیّ كامل
velvele-alud	ولوله آلود
velvele-âlûd	ولوله آلود
velâ-şübhe	ولا شبهه
velâyet-i ahmediye	ولایت احمدیهؐ
velâyet-i ahmediyenin	ولایت احمدیهنڭؐ
velâyet-i kâmile	ولایت كامله
velâyet-i kübrâ	ولایت كبرا
velâyet-i kübrânın	ولایت كبرانڭ
ver ki	ویركه
veraset-i ahmediye	وراثت احمدیهؐ
veraset-i nübüvvet	وراثت نبوّت
verdi ki	ویردیكه
verdiler ki	ویردیلركه
verdim ki	ویردمكه
verecek ki	ویرهجككه
veren de	ویرن ده
verildi ki	ویریلدیكه
veriliyor ki	ویریلییوركه
verilmiş ki	ویریلمشكه
verilse de	ویریلسه ده
veriniz ki	ویریڭزكه
verir ki	ویرركه
verir mi	ویررمی
veriyor ki	ویرییوركه
veriyorlar ki	ویرییورلركه
veriyorum ki	ویرییورمكه
vermektir ki	ویرمكدركه
vermiyor ki	ویرمییوركه
vermiyor mu	ویرمییورمی
vermiş ki	ویرمشكه
vermişler ki	ویرمشلركه
vermiştim ki	ویرمشدمكه
vermiştir ki	ویرمشدركه
verse de	ویرسه ده
verâset-i ahmediye	وراثت احمدیهؐ
verâset-i nübüvvet	وراثت نبوّت
vesail-i terbiye	وسائل تربیه
vesait-i nakliye	وسائط نقلیه
vesika-i necat	وثیقهٔ نجات
vesile-i def'-i bela	وسیلهٔ دفع بلا
vesile-i icadıdır	وسیلهٔ ایجادیدر
vesile-i makasıd	وسیلهٔ مقاصد
vesile-i necat	وسیلهٔ نجات
vesile-i rahmet	وسیلهٔ رحمت
vesile-i rahmettir	وسیلهٔ رحمتدر
vesile-i saadet	وسیلهٔ سعادت
vesile-i saadet-i dareyn	وسیلهٔ سعادت دارین
vesile-i vusulüdür	وسیلهٔ وصولیدر
vesiledir ki	وسیلهدركه
vesselam da	والسّلام ده
vesselam ki	والسّلامكه
vesselâm da	والسّلام ده
vesselâm ki	والسّلامكه
vesvese de	وسوسه ده
vesvese-i sarık	وسوسهٔ سارق
vesvese-i sârık	وسوسهٔ سارق
vesâil-i terbiye	وسائل تربیه
vesâit-i nakliye	وسائط نقلیه
vesîka-i necât	وثیقهٔ نجات
vesîle-i def'-i belâ	وسیلهٔ دفع بلا
vesîle-i makāsıd	وسیلهٔ مقاصد
vesîle-i necât	وسیلهٔ نجات
vesîle-i rahmet	وسیلهٔ رحمت
vesîle-i rahmettir	وسیلهٔ رحمتدر
vesîle-i saadet-i dâreyn	وسیلهٔ سعادت دارین
vesîle-i saâdet	وسیلهٔ سعادت
vesîle-i vusûlüdür	وسیلهٔ وصولیدر
vesîle-i îcâdıdır	وسیلهٔ ایجادیدر
vesîledir ki	وسیلهدركه
vicdan-ı beşer	وجدان بشر
vicdan-ı umumiyi	وجدان عمومی یی
vicdân-ı beşer	وجدان بشر
vicdân-ı umûmîyi	وجدان عمومی یی
vilayat-ı şarkiye	ولایات شرقیّه
vilayat-ı şarkiyeye	ولایات شرقیّهیه
vilayet-i şarkiye	ولایت شرقیه
vilayet-i şarkiyede	ولایت شرقیهده
vilayetlerden de	ولایتلردن ده
vilâyet-i şarkiye	ولایت شرقیه
vilâyet-i şarkiyede	ولایت شرقیهده
vilâyetlerden de	ولایتلردن ده
vilâyât-ı şarkiye	ولایات شرقیّه
vilâyât-ı şarkiyeye	ولایات شرقیّهیه
vird-i ekber	ورد اكبر
vird-i zeban	ورد زبان
vird-i zebanı	ورد زبانی
vird-i zebanıdır	ورد زبانیدر
vird-i zebân	ورد زبان
vird-i zebânı	ورد زبانی
vird-i zebânıdır	ورد زبانیدر
vukuat-ı tarihiye	وقوعات تاریخیّه
vukūât-ı târîhiye	وقوعات تاریخیّه
vuzuh-u delaletine	وضوح دلالتنه
vuzûh-u delâletine	وضوح دلالتنه
vâ esefâ	وا أسفا
vâ hasretâ	وا حسرتا
vâ-esefâ	وا أسفا
vâcibü'l-vücûd	واجب الوجود
vâcibü'l-vücûd ki	واجب الوجودكه
vâcibü'l-vücûd'a	واجب الوجوده
vâcibü'l-vücûd'dur	واجب الوجوددر
vâcibü'l-vücûd'u	واجب الوجودی
vâcibü'l-vücûd'un	واجب الوجودڭ
vâhid-i ehad	واحد احد
vâhid-i ehad'den	واحد احددن
vâhid-i ehad'dir	واحد احددر
vâhid-i ehad'e	واحد احده
vâhid-i ehad'i	واحد احدی
vâhid-i ehad'in	واحد احدڭ
vâhid-i kıyâsî	واحد قیاسی
vâhid-i kıyâsîdir	واحد قیاسیدر
vâhidiyet-i saltanat	واحدیت سلطنت
vâiz-i umûmî	واعظ عمومی
vâkıa-i hayâliyede	واقعهٔ خیالیهده
vâkıa-i sâdıkada	واقعهٔ صادقهده
vâlidelerini de	والدهلرینی ده
vâris-i muhammedî	وارث محمّدی
vâsıta-i beyânı	واسطهٔ بیانی
vâsıta-i muhâbere	واسطهٔ مخابره
vâsıta-i necât	واسطهٔ نجات
vâsıta-i neşri	واسطهٔ نشری
vâsıta-i nûrânî	واسطهٔ نورانی
vâsıta-i rahmet	واسطهٔ رحمت
vâsıta-i seyâhatle	واسطهٔ سیاحتله
vâsıta-i teşvîk	واسطهٔ تشویق
vâveylâ-yı rûhî	واویلای روحی
vücub-u vücud	وجوب وجود
vücub-u vücuda	وجوب وجوده
vücub-u vücudu	وجوب وجودی
vücub-u vücuduna	وجوب وجودینه
vücub-u vücudunu	وجوب وجودینی
vücub-u vücudunun	وجوب وجودینڭ
vücub-u zekat	وجوب زكات
vücud-u eşya	وجود اشیا
vücud-u hakiki	وجود حقیقی
vücud-u harici	وجود خارجی
vücud-u hariciden	وجود خارجیدن
vücud-u haricisi	وجود خارجیسی
vücud-u hariciye	وجود خارجی یه
vücud-u hissi	وجود حسّی
vücud-u ilmi	وجود علمی
vücud-u ilmisi	وجود علمیسی
vücud-u insanın	وجود انسانڭ
vücud-u mahlukattır	وجود مخلوقاتدر
vücud-u misali	وجود مثالی
vücud-u mümkinat	وجود ممكنات
vücud-u sania	وجود صانعه
vücud-u vacib'e	وجود واجبه
vücud-u şahsisinden	وجود شخصیسندن
vücud-u şerifinizin	وجود شریفڭزڭ
vücuh-u i'cazı	وجوه اعجازی
vücuh-u i'cazından	وجوه اعجازندن
vücuh-u kesire ki	وجوه كثیرهكه
vücûb-u vücûd	وجوب وجود
vücûb-u vücûda	وجوب وجوده
vücûb-u vücûdu	وجوب وجودی
vücûb-u vücûduna	وجوب وجودینه
vücûb-u vücûdunu	وجوب وجودینی
vücûb-u vücûdunun	وجوب وجودینڭ
vücûb-u zekât	وجوب زكات
vücûd-u eşyâ	وجود اشیا
vücûd-u hakîkî	وجود حقیقی
vücûd-u hissî	وجود حسّی
vücûd-u hâricî	وجود خارجی
vücûd-u hâricîden	وجود خارجیدن
vücûd-u hâricîsi	وجود خارجیسی
vücûd-u hâricîye	وجود خارجی یه
vücûd-u ilmî	وجود علمی
vücûd-u ilmîsi	وجود علمیسی
vücûd-u insânın	وجود انسانڭ
vücûd-u mahlûkāttır	وجود مخلوقاتدر
vücûd-u misâlî	وجود مثالی
vücûd-u mümkinât	وجود ممكنات
vücûd-u sânia	وجود صانعه
vücûd-u vâcib'e	وجود واجبه
vücûd-u şahsîsinden	وجود شخصیسندن
vücûd-u şerîfinizin	وجود شریفڭزڭ
vücûh-u i'câzı	وجوه اعجازی
vücûh-u i'câzından	وجوه اعجازندن
vücûh-u kesîre ki	وجوه كثیرهكه
vüs'at-i mutlaka	وسعت مطلقه
vüs'at-i rahmet	وسعت رحمت
vüs'at-i rahmet-i ilahiyeye	وسعت رحمت الهیهیه
vüs'at-i rahmet-i ilâhiyeye	وسعت رحمت الهیهیه
vüs'at-i rahmetine	وسعت رحمتڭه
ya erhame'r-rahimin	یا ارحم الراحمین
ya erhamerrahimin	یا ارحم الراحمین
ya erhamerrâhimîn	یا ارحم الراحمین
ya muin	یا معین
ya'kub cemal	یعقوب جمال
ya'kub cemal'in	یعقوب جمالڭ
ya'kūb cemâl	یعقوب جمال
ya'kūb cemâl'in	یعقوب جمالڭ
yakin-i imani	یقین ایمانی
yakin-i itmi'nan	یقین اطمئنان
yakiniyet-i burhaniye	یقینیّت برهانیّه
yaklaşıyorum ki	یاقلاشییورمكه
yakîn-i itmi'nân	یقین اطمئنان
yakîn-i îmânî	یقین ایمانی
yakîniyet-i burhâniye	یقینیّت برهانیّه
yakındır ki	یاقیندركه
yakışır mı	یاقیشیرمی
yalvarıyor ki	یالوارییوركه
yanında da	یاننده ده
yapabilir mi	یاپابیلیرمی
yapabilir misin	یاپابیلیرمیسڭ
yapar ki	یاپاركه
yapar mı	یاپارمی
yapmış ki	یاپمشكه
yaptırmak mı	یاپدیرمقمی
yarı avrupa'yı	یاری آوروپهیی
yarım ümmi	یاریم امّی
yarım ümmî	یاریم امّی
yarısı da	یاریسی ده
yasin-i şerif	یس شریف
yaver-i ekrem	یاور اكرم
yazanlar da	یازانلر ده
yazdım ki	یازدمكه
yazmışlar ki	یازمشلركه
yazmıştım ki	یازمشدمكه
yazmışım ki	یازمشمكه
yazsınlar ki	یازسینلركه
yazık ki	یازیقكه
yazılmış ki	یازیلمشكه
yazılsın ki	یازیلسینكه
yazınız ki	یازیڭزكه
yazıyor ki	یازییوركه
yazıyorlar da	یازییورلر ده
yağdı ki	یاغدیكه
yaşlı da	یاشلی ده
yaşından beri	یاشندنبری
ye'cuc me'cuc	یأجوج مأجوج
ye'cuc ve me'cuc	یأجوج و مأجوج
ye'cûc me'cûc	یأجوج مأجوج
ye'cûc ve me'cûc	یأجوج و مأجوج
ye's-i mutlak	یأس مطلق
yed-i beyza	ید بیضا
yed-i beyza-yı islam'a	ید بیضای اسلامه
yed-i beyzâ	ید بیضا
yed-i beyzâ-yı islâm'a	ید بیضای اسلامه
yed-i kudretinde	ید قدرتنده
yed-i kudretinden	ید قدرتندن
yed-i kudretine	ید قدرتنه
yedi ki	ییدیكه
yedi yüz	یدی یوز
yedi-sekiz	یدی سكز
yedinci şua'	یدنجی شعاع
yedinci şua'ı	یدنجی شعاعی
yedinci şuâ'	یدنجی شعاع
yedinci şuâ'ı	یدنجی شعاعی
yeistir ki	یأسدركه
yeni said	یڭی سعید
yeni said'e	یڭی سعیده
yeni said'in	یڭی سعیدڭ
yeni saîd	یڭی سعید
yeni saîd'e	یڭی سعیده
yeni saîd'in	یڭی سعیدڭ
yerde de	یرده ده
yerlerde de	یرلرده ده
yerlere de	یرلره ده
yerleştirenlerdir ki	یرلشدیرنلردركه
yeter ki	یتركه
yetmez mi	یتمزمی
yetmiş beş	یتمش بش
yetmiş bir	یتمش بر
yetmiş dokuz	یتمش طوقوز
yetmiş iki	یتمش ایكی
yetmiş yedi	یتمش یدی
yetmiş üç	یتمش اوچ
yevm-i mahşerde	یوم محشرده
yeşil salih	یشیل صالح
yeşil sâlih	یشیل صالح
yirmi altı	یكرمی آلتی
yirmi altıncı	یكرمی آلتنجی
yirmi beş	یكرمی بش
yirmi beşinci	یكرمی بشنجی
yirmi beşinci söz	یكرمی بشنجی سوز
yirmi beşinci sözler'de	یكرمی بشنجی سوزلرده
yirmi bir	یكرمی بر
yirmi birinci	یكرمی برنجی
yirmi birinci lem'a	یكرمی برنجی لمعه
yirmi dokuz	یكرمی طوقوز
yirmi dokuzuncu	یكرمی طقوزنجی
yirmi dokuzuncu mektub'un	یكرمی طوقوزنجی مكتوبڭ
yirmi dokuzuncu mektûb'un	یكرمی طوقوزنجی مكتوبڭ
yirmi dokuzuncu söz	یكرمی طقوزنجی سوز
yirmi dokuzuncu söz'ün	یكرمی طقوزنجی سوزڭ
yirmi dokuzuncu sözler	یكرمی طوقوزنجی سوزلر
yirmi dördüncü	یكرمی دردنجی
yirmi dördüncü mektub	یكرمی دردنجی مكتوب
yirmi dördüncü mektûb	یكرمی دردنجی مكتوب
yirmi dördüncü söz'ün	یكرمی دردنجی سوزڭ
yirmi dört	یكرمی درت
yirmi iki	یكرمی ایكی
yirmi ikinci	یكرمی ایكنجی
yirmi ikinci söz'de	یكرمی ایكنجی سوزده
yirmi ikinci söz'ün	یكرمی ایكنجی سوزڭ
yirmi sekiz	یكرمی سكز
yirmi sekizinci	یكرمی سكزنجی
yirmi sekizinci lem'a	یكرمی سكزنجی لمعه
yirmi sekizinci söz'ün	یكرمی سكزنجی سوزڭ
yirmi yedi	یكرمی یدی
yirmi yedinci	یكرمی یدنجی
yirmi üç	یكرمی اوچ
yirmi üçüncü	یكرمی اوچنجی
yirmi-otuz	یكرمی اوتوز
yirminci lem'a	یكرمنجی لمعه
yirminci mektub	یكرمنجی مكتوب
yirminci mektûb	یكرمنجی مكتوب
yirminci söz'ün	یكرمنجی سوزڭ
yirmişer-otuzar	یكرمیشر اوتوزر
yok de	یوق دی
yok ki	یوقكه
yok mu	یوقمی
yok mu ki	یوقمیكه
yok mudur	یوقمیدر
yoksa da	یوقسه ده
yoktur ki	یوقدركه
yol da	یول ده
yol ki	یولكه
yolunda da	یولنده ده
yusuf ziya	یوسف ضیا
yâ erhame'r-râhimîn	یا ارحم الراحمین
yâ muîn	یا معین
yâsîn-i şerîf	یس شریف
yâver-i ekrem	یاور اكرم
yûsuf ziyâ	یوسف ضیا
yüksektir ki	یوكسكدركه
yümn-ü imandır	یمن ایماندر
yümn-ü îmândır	یمن ایماندر
yüsr-ü vahdet	یسر وحدت
yüz altmış	یوز آلتمش
yüz altmış üç	یوز آلتمش اوچ
yüz altmış üçüncü	یوز آلتمش اوچنجی
yüz doksan üç	یوز طقسان اوچ
yüz elli	یوز اللی
yüz elli beş	یوز اللی بش
yüz kırk	یوز قرق
yüz kırk dört	یوز قرق درت
yüz on	یوز اون
yüz on beş	یوز اون بش
yüz on bir	یوز اون بر
yüz on dokuz	یوز اون طقوز
yüz on dört	یوز اون درت
yüz on yedi	یوز اون یدی
yüz otuz	یوز اوتوز
yüz otuz beş	یوز اوتوز بش
yüz seksen	یوز سكسان
yüz yetmiş	یوز یتمش
yüz yetmiş bir	یوز یتمش بر
yüz yirmi	یوز یكرمی
yüz yirmi altı	یوز یكرمی آلتی
yüz yirmi beş	یوز یكرمی بش
yüz yirmi dört	یوز یكرمی درت
yüz yirmi yedi	یوز یكرمی یدی
yüzü de	یوزی ده
yüzüdür ki	یوزیدركه
yıldan beri	ییلدنبری
yıldız-misal	ییلدیز مثال
yıldız-misâl	ییلدیز مثال
yıllardan beri	ییللردنبری
za'f-ı imandan	ضعف ایماندن
za'f-ı îmândan	ضعف ایماندن
zahir-i şeriata	ظاهر شریعته
zahirdir ki	ظاهردركه
zahire-i ahiret	ذخیرهٔ آخرت
zahirine de	ظاهرینه ده
zahîre-i âhiret	ذخیرهٔ آخرت
zaif-i mutlak	ضعیف مطلق
zaifü'l-i'tikad	ضعیف الاعتقاد
zakirdir ki	ذاكردركه
zaman da	زمان ده
zaman-ı ademden	زمان آدمدن
zaman-ı ademden beri	زمان آدمدنبری
zaman-ı cahiliyette	زمان جاهلیتده
zaman-ı câhiliyette	زمان جاهلیتده
zaman-ı fetrette	زمان فترتده
zaman-ı hal	زمان حال
zaman-ı halde	زمان حالده
zaman-ı halden	زمان حالدن
zaman-ı hazır	زمان حاضر
zaman-ı hazıra	زمان حاضره
zaman-ı hazırdan	زمان حاضردن
zaman-ı hâl	زمان حال
zaman-ı hâlde	زمان حالده
zaman-ı hâlden	زمان حالدن
zaman-ı hâzır	زمان حاضر
zaman-ı hâzıra	زمان حاضره
zaman-ı hâzırdan	زمان حاضردن
zaman-ı imtihanı	زمان امتحانی
zaman-ı imtihânı	زمان امتحانی
zaman-ı istikbal	زمان استقبال
zaman-ı istikbâl	زمان استقبال
zaman-ı mazi	زمان ماضی
zaman-ı mazinin	زمان ماضینڭ
zaman-ı maziyi	زمان ماضی یی
zaman-ı mâzî	زمان ماضی
zaman-ı mâzînin	زمان ماضینڭ
zaman-ı mâzîyi	زمان ماضی یی
zaman-ı saadette	زمان سعادتده
zaman-ı saadetten	زمان سعادتدن
zaman-ı âdemden	زمان آدمدن
zaman-ı âdemden beri	زمان آدمدنبری
zamanda da	زمانده ده
zamandadır ki	زماندهدركه
zamandan beri	زماندنبری
zamanı da	زمانی ده
zamanından beri	زمانندنبری
zann-ı galibe	ظنّ غالبه
zann-ı gālibe	ظنّ غالبه
zanneder ki	ظن ایدركه
zanneder misin ki	ظن ایدرمیسڭكه
zannederim ki	ظن ایدرمكه
zannediyorum ki	ظن ایدییورمكه
zannetme ki	ظن ایتمهكه
zannetmiş ki	ظنّ ایتمشكه
zar u zarız	زار و زارز
zarar da	ضرر ده
zarar-ı dünyevi	ضرر دنیوی
zarar-ı dünyevî	ضرر دنیوی
zarar-ı mutlaktır	ضرر مطلقدر
zararı da	ضرری ده
zararı mı	ضرریمی
zaruret-i kat'iye	ضرورت قطعیه
zaruret-i maişet	ضرورت معیشت
zaruriyat-ı diniye	ضروریات دینیه
zaruriyat-ı diniyede	ضروریات دینیهده
zaruriyat-ı diniyeden	ضروریّات دینیّهدن
zaruriyat-ı diniyeyi	ضروریّات دینیّهیی
zarûret-i kat'iye	ضرورت قطعیه
zarûret-i maîşet	ضرورت معیشت
zarûriyât-ı dîniye	ضروریات دینیه
zarûriyât-ı dîniyede	ضروریات دینیهده
zarûriyât-ı dîniyeden	ضروریّات دینیّهدن
zarûriyât-ı dîniyeyi	ضروریّات دینیّهیی
zat da	ذات ده
zat ki	ذاتكه
zat-ı ahmediye aleyhissalatü vesselam	ذات احمدیه علیه الصّلاة والسّلام
zat-ı ahmediye'nin	ذات احمدیهنڭؐ
zat-ı ahmediye'ye	ذات احمدیهیهؐ
zat-ı akdes	ذات اقدس
zat-ı akdes'e	ذات اقدسه
zat-ı akdes'i	ذات اقدسی
zat-ı akdes'in	ذات اقدسڭ
zat-ı akdes'ine	ذات اقدسنه
zat-ı akdes'ten	ذات اقدسدن
zat-ı akdes-i ilahi'nin	ذات اقدس الهینڭ
zat-ı ali	ذات عالی
zat-ı ali-kadrin	ذات عالی قدرڭ
zat-ı alinize	ذات عالیڭزه
zat-ı ehad	ذات احد
zat-ı ehad'i	ذات احدی
zat-ı ehadiye'yi	ذات احدیّهیی
zat-ı ehadiyet'i	ذات احدیّتی
zat-ı fazılanelerine	ذات فاضلانهلرینه
zat-ı hakim-i hafiz	ذات حكیم حفیظ
zat-ı hayy-ı kayyum	ذات حیّ قیّوم
zat-ı hayy-ı kayyum'a	ذات حیّ قیّومه
zat-ı hayy-ı kayyum'un	ذات حیّ قیّومڭ
zat-ı kadir	ذات قدیر
zat-ı kadir'e	ذات قدیره
zat-ı kadir'in	ذات قدیرڭ
zat-ı kadir-i hakim	ذات قدیر حكیم
zat-ı kayyum-u zülcelal'in	ذات قیوم ذوالجلالڭ
zat-ı muhammediye	ذات محمّدیّه
zat-ı muhammediyeye	ذات محمّدیهیهؐ
zat-ı mübarek	ذات مبارك
zat-ı mübareki	ذات مباركی
zat-ı nuriyelerine	ذات نوریهلرینه
zat-ı nuriyelerini	ذات نوریهلرینی
zat-ı pak-i risalet'in	ذات پاك رسالتڭؐ
zat-ı rahim	ذات رحیم
zat-ı rahman-ı rahim'in	ذات رحمن رحیمڭ
zat-ı rahmanü'r-rahim'in	ذات رحمن الرحیمڭ
zat-ı vacibü'l-vücud	ذات واجب الوجود
zat-ı vacibü'l-vücud'a	ذات واجب الوجوده
zat-ı vacibü'l-vücud'u	ذات واجب الوجودی
zat-ı vacibü'l-vücud'un	ذات واجب الوجودڭ
zat-ı vahid'in	ذات واحدڭ
zat-ı zülcelal	ذات ذوالجلال
zat-ı zülcelal'de	ذات ذوالجلالده
zat-ı zülcelal'e	ذات ذوالجلاله
zat-ı zülcelal'i	ذات ذوالجلالی
zat-ı zülcelal'in	ذات ذوالجلالڭ
zat-ı zülkemal	ذات ذوالكمال
zat-ı zülkemal'in	ذات ذوالكمالڭ
zat-ı üstadaneleri	ذات استادانهلری
zat-ı üstadanelerine	ذات استادانهلرینه
zata da	ذاته ده
zatlar da	ذاتلر ده
zattır ki	ذاتدركه
zatı da	ذاتی ده
zatın da	ذاتڭ ده
zayıf da	ضعیف ده
zaîf-i mutlak	ضعیف مطلق
zaîfü'l-i'tikād	ضعیف الاعتقاد
zehr-i katil	زهر قاتل
zehr-i katilden	زهر قاتلدن
zehr-i kātil	زهر قاتل
zehr-i kātilden	زهر قاتلدن
zeka-yı beşeri	ذكای بشری
zekâ-yı beşerî	ذكای بشری
zelzele-i azime	زلزلهٔ عظیمه
zelzele-i azîme	زلزلهٔ عظیمه
zemin-i asya	زمین آسیه
zemzeme-i belagati	زمزمهٔ بلاغتی
zemzeme-i belâgati	زمزمهٔ بلاغتی
zemîn-i asya	زمین آسیه
zerrat-ı asliye	ذرّات اصلیه
zerrat-ı esasiye	ذرّات اساسیه
zerrat-ı havaiye	ذرّات هوائیّه
zerrat-ı hüceyratı	ذرّات حجیراتی
zerrat-ı kainat	ذرّات كائنات
zerrat-ı taamiye	ذرّات طعامیه
zerrat-ı taamiyenin	ذرّات طعامیّهنڭ
zerrat-ı vücudum	ذرّات وجودم
zerrat-ı vücudumla	ذرّات وجودمله
zerre de	ذرّه ده
zerre-i havaiye	ذرّهٔ هوائیّه
zerrelere de	ذرّهلره ده
zerreleri de	ذرّهلری ده
zerrât-ı asliye	ذرّات اصلیه
zerrât-ı esâsiye	ذرّات اساسیه
zerrât-ı havaiye	ذرّات هوائیّه
zerrât-ı hüceyrâtı	ذرّات حجیراتی
zerrât-ı kâinât	ذرّات كائنات
zerrât-ı taâmiye	ذرّات طعامیه
zerrât-ı taâmiyenin	ذرّات طعامیّهنڭ
zerrât-ı vücûdum	ذرّات وجودم
zerrât-ı vücûdumla	ذرّات وجودمله
zeval-i elem	زوال ألم
zeval-i eşyadan	زوال اشیادن
zeval-i lezzet	زوال لذّت
zevat-ı kudsiye	ذوات قدسیّه
zevceye ki	زوجهیهكه
zevi'l-ervahın	ذوی الارواحڭ
zevi'l-ervâhın	ذوی الارواحڭ
zevi'l-hayat	ذوی الحیات
zevi'l-hayata	ذوی الحیاته
zevi'l-hayatın	ذوی الحیاتڭ
zevk-i hayat	ذوق حیات
zevk-i i'caz	ذوق اعجاز
zevk-i i'câz	ذوق اعجاز
zevk-i ma'nevi	ذوق معنوی
zevk-i ma'nevî	ذوق معنوی
zevk-i maalisini	ذوق معالیسنی
zevk-i maâlîsini	ذوق معالیسنی
zevk-i ruhani	ذوق روحانی
zevk-i ruhiyi	ذوق روحی یی
zevk-i rûhânî	ذوق روحانی
zevk-i rûhîyi	ذوق روحی یی
zevk-i süfli	ذوق سفلی
zevk-i süflî	ذوق سفلی
zevâl-i elem	زوال ألم
zevâl-i eşyâdan	زوال اشیادن
zevâl-i lezzet	زوال لذّت
zevât-ı kudsiye	ذوات قدسیّه
zi-hayat	ذی حیات
zi-hayata	ذی حیاته
zi-hayatın	ذی حیاتڭ
zikirhane-i a'zam	ذكرخانهٔ اعظم
zikirhâne-i a'zam	ذكرخانهٔ اعظم
zikr-i cehri	ذكر جهری
zikr-i cehrî	ذكر جهری
zikr-i ilahi	ذكر الهی
zikr-i ilahinin	ذكر الهینڭ
zikr-i ilâhî	ذكر الهی
zikr-i ilâhînin	ذكر الهینڭ
zikreder ki	ذكر ایدركه
zikrediyor ki	ذكر ایدییوركه
zincir-i nuranidir	زنجیر نورانیدر
zincîr-i nûrânîdir	زنجیر نورانیدر
zindan-ı dünyadan	زندان دنیادن
zindân-ı dünyâdan	زندان دنیادن
zir u zeber	زیر و زبر
zir ü zeber	زیر و زبر
zira ki	زیراكه
ziya-yı hakikat	ضیای حقیقت
ziya-yı rahmet-i alem	ضیای رحمت عالم
ziya-yı rahmeti	ضیای رحمتی
ziya-zulmet	ضیا ظلمت
ziyadedir ki	زیادهدركه
ziyadeleşse de	زیادهلشسه ده
ziyafet-i rahmaniye	ضیافت رحمانیه
ziyâ-yı hakîkat	ضیای حقیقت
ziyâ-yı rahmet-i âlem	ضیای رحمت عالم
ziyâ-yı rahmeti	ضیای رحمتی
ziyâ-zulmet	ضیا ظلمت
ziyâdedir ki	زیادهدركه
ziyâdeleşse de	زیادهلشسه ده
ziyâfet-i rahmâniye	ضیافت رحمانیه
zulm-ü azimdir ki	ظلم عظیمدركه
zulm-ü azîmdir ki	ظلم عظیمدركه
zulm-ü mütehaccir	ظلم متحجّر
zulmet-i cehil	ظلمت جهل
zulüm de	ظلم ده
zulümat-ı adem	ظلمات عدم
zulümat-ı ademe	ظلمات عدمه
zulümat-ı berzahiyeden	ظلمات برزخیّهدن
zulümat-ı ebediye	ظلمات ابدیه
zulümât-ı adem	ظلمات عدم
zulümât-ı ademe	ظلمات عدمه
zulümât-ı berzahiyeden	ظلمات برزخیّهدن
zulümât-ı ebediye	ظلمات ابدیه
zâhir-i şerîata	ظاهر شریعته
zâhirdir ki	ظاهردركه
zâhirine de	ظاهرینه ده
zâkirdir ki	ذاكردركه
zâr u zârız	زار و زارز
zât da	ذات ده
zât ki	ذاتكه
zât-ı ahmediye aleyhissalâtü vesselâm	ذات احمدیه علیه الصّلاة والسّلام
zât-ı ahmediye'nin	ذات احمدیهنڭؐ
zât-ı ahmediye'ye	ذات احمدیهیهؐ
zât-ı akdes	ذات اقدس
zât-ı akdes'e	ذات اقدسه
zât-ı akdes'i	ذات اقدسی
zât-ı akdes'in	ذات اقدسڭ
zât-ı akdes'ine	ذات اقدسنه
zât-ı akdes'ten	ذات اقدسدن
zât-ı akdes-i ilâhî'nin	ذات اقدس الهینڭ
zât-ı ehad	ذات احد
zât-ı ehad'i	ذات احدی
zât-ı ehadiye'yi	ذات احدیّهیی
zât-ı ehadiyet'i	ذات احدیّتی
zât-ı fâzılânelerine	ذات فاضلانهلرینه
zât-ı hakîm-i hafîz	ذات حكیم حفیظ
zât-ı hayy-ı kayyûm	ذات حیّ قیّوم
zât-ı hayy-ı kayyûm'a	ذات حیّ قیّومه
zât-ı hayy-ı kayyûm'un	ذات حیّ قیّومڭ
zât-ı kadîr	ذات قدیر
zât-ı kadîr'e	ذات قدیره
zât-ı kadîr'in	ذات قدیرڭ
zât-ı kadîr-i hakîm	ذات قدیر حكیم
zât-ı kayyûm-u zülcelâl'in	ذات قیوم ذوالجلالڭ
zât-ı muhammediye	ذات محمّدیّه
zât-ı muhammediyeye	ذات محمّدیهیهؐ
zât-ı mübârek	ذات مبارك
zât-ı mübâreki	ذات مباركی
zât-ı nûriyelerine	ذات نوریهلرینه
zât-ı nûriyelerini	ذات نوریهلرینی
zât-ı pâk-i risâlet'in	ذات پاك رسالتڭؐ
zât-ı rahmân-ı rahîm'in	ذات رحمن رحیمڭ
zât-ı rahmânü'r-rahîm'in	ذات رحمن الرحیمڭ
zât-ı rahîm	ذات رحیم
zât-ı vâcibü'l-vücûd	ذات واجب الوجود
zât-ı vâcibü'l-vücûd'a	ذات واجب الوجوده
zât-ı vâcibü'l-vücûd'u	ذات واجب الوجودی
zât-ı vâcibü'l-vücûd'un	ذات واجب الوجودڭ
zât-ı vâhid'in	ذات واحدڭ
zât-ı zülcelâl	ذات ذوالجلال
zât-ı zülcelâl'de	ذات ذوالجلالده
zât-ı zülcelâl'e	ذات ذوالجلاله
zât-ı zülcelâl'i	ذات ذوالجلالی
zât-ı zülcelâl'in	ذات ذوالجلالڭ
zât-ı zülkemâl	ذات ذوالكمال
zât-ı zülkemâl'in	ذات ذوالكمالڭ
zât-ı âlî	ذات عالی
zât-ı âlî-kadrin	ذات عالی قدرڭ
zât-ı âlînize	ذات عالیڭزه
zât-ı üstâdâneleri	ذات استادانهلری
zât-ı üstâdânelerine	ذات استادانهلرینه
zâta da	ذاته ده
zâtlar da	ذاتلر ده
zâttır ki	ذاتدركه
zâtı da	ذاتی ده
zâtın da	ذاتڭ ده
zî-hayat	ذی حیات
zî-hayata	ذی حیاته
zî-hayatın	ذی حیاتڭ
zîr u zeber	زیر و زبر
zîr ü zeber	زیر و زبر
zîrâ ki	زیراكه
zü'l-ecnihadır	ذو الاجنحهدر
zübdetü'l-meani ve ataya-yı ilahiye	زبدة المعانی و عطایای الهیه
zübdetü'l-meânî ve atâyâ-yı ilâhiye	زبدة المعانی و عطایای الهیه
zübdetü'r-resail	زبدة الرّسائل
zübdetü'r-resâil	زبدة الرّسائل
zühdü bedevi	زهدی بدوی
zühdü bedevî	زهدی بدوی
zülfikar mecmuası'nda	ذوالفقار مجموعهسنده
zülfikar-ı mu'cizat	ذوالفقار معجزات
zülfikar-ı mu'cizat'ın	ذوالفقار معجزاتڭ
zülfikar-ı mu'cizat-ı ahmediye	ذوالفقار معجزات احمدیه
zülfikar-ı rahmet-i alem	ذوالفقار رحمت عالم
zülfikār-ı mu'cizat	ذوالفقار معجزات
zülfikār-ı mu'cizât	ذوالفقار معجزات
zülfikār mecmûası'nda	ذوالفقار مجموعهسنده
zülfikār-ı mu'cizât	ذوالفقار معجزات
zülfikār-ı mu'cizât'ın	ذوالفقار معجزاتڭ
zülfikār-ı mu'cizât-ı ahmediye	ذوالفقار معجزات احمدیه
zülfikār-ı rahmet-i âlem	ذوالفقار رحمت عالم
zümre-i münafıkinin	زمرهٔ منافقینڭ
zümre-i münâfıkînin	زمرهٔ منافقینڭ
zümre-i nuriyenin	زمرهٔ نوریهنڭ
zümre-i nûriyenin	زمرهٔ نوریهنڭ
zındıktır ki	زندیقدركه
âb-ı hayat	آب حیات
âb-ı hayât	آب حیات
âb-ı hayâtı	آب حیاتی
âb-ı hayâtını	آب حیاتنی
âb-ı hayâtıyla	آب حیاتیله
âb-ı kevser	آب كوثر
âb-ı lezîz	آب لذیذ
âb-ı zemzem	آب زمزم
âciz-i mutlak	عاجز مطلق
âciz-i mutlakta	عاجز مطلقده
âcizleri de	عاجزلری ده
âdet-i islâmiye	عادت اسلامیه
âdet-i islâmiyeye	عادت اسلامیّهیه
âdil-i mutlak	عادل مطلق
âdil-i mutlak'ın	عادل مطلقڭ
âdâb-ı kur'âniye	آداب قرآنیه
âfât-ı semâviye	آفات سماویه
âh ki	آهكه
âh u enîn	آه و انین
âhir-i feth'in	آخر فتحڭ
âhiretini de	آخرتنی ده
âhirette de	آخرتده ده
âhirinde de	آخرنده ده
âl-i abâ	آل عبا
âl-i beyt	آل بیت
âl-i beyt'den	آل بیتدن
âl-i beyt'e	آل بیته
âl-i beyt'i	آل بیتی
âl-i beyt'in	آل بیتڭ
âl-i beyt'ine	آل بیتنه
âl-i beyt'ten	آل بیتدن
âl-i beyt-i nebevî'den	آل بیت نبویدن
âl-i beyt-i nebevî'nin	آل بیت نبوینڭ
âl-i muhammed	آل محمّد
âlem-i arz	عالم ارض
âlem-i asgar	عالم اصغر
âlem-i bekā	عالم بقا
âlem-i bekāda	عالم بقاده
âlem-i bekādaki	عالم بقادهكی
âlem-i bekādan	عالم بقادن
âlem-i bekānın	عالم بقانڭ
âlem-i bekāya	عالم بقایه
âlem-i bekāyı	عالم بقایی
âlem-i berzah	عالم برزخ
âlem-i berzaha	عالم برزخه
âlem-i berzahta	عالم برزخده
âlem-i berzahtaki	عالم برزخدهكی
âlem-i beşeriyete	عالم بشریته
âlem-i beşeriyeti	عالم بشریتی
âlem-i bâkîde	عالم باقیده
âlem-i bâkîye	عالم باقی یه
âlem-i dünyânın	عالم دنیانڭ
âlem-i ebediyette	عالم ابدیتده
âlem-i ebedînin	عالم ابدینڭ
âlem-i ekber	عالم اكبر
âlem-i ekberi	عالم اكبری
âlem-i emirden	عالم امردن
âlem-i ervâh	عالم ارواح
âlem-i ervâha	عالم ارواحه
âlem-i ervâhta	عالم ارواحده
âlem-i ervâhtan	عالم ارواحدن
âlem-i ervâhın	عالم ارواحڭ
âlem-i fenâdan	عالم فنادن
âlem-i fânî	عالم فانی
âlem-i fânîden	عالم فانیدن
âlem-i gayb	عالم غیب
âlem-i gayba	عالم غیبه
âlem-i gaybda	عالم غیبده
âlem-i gaybdan	عالم غیبدن
âlem-i gaybe	عالم غیبه
âlem-i gaybin	عالم غیبڭ
âlem-i gaybın	عالم غیبڭ
âlem-i hakîkatin	عالم حقیقتڭ
âlem-i hâricîden	عالم خارجیدن
âlem-i insaniyetin	عالم انسانیتڭ
âlem-i insaniyette	عالم انسانیتده
âlem-i insanî	عالم انسانی
âlem-i insâniyet	عالم انسانیت
âlem-i islâm	عالم اسلام
âlem-i islâm'a	عالم اسلامه
âlem-i islâm'da	عالم اسلامده
âlem-i islâm'daki	عالم اسلامدهكی
âlem-i islâm'ı	عالم اسلامی
âlem-i islâm'ın	عالم اسلامڭ
âlem-i islâmca	عالم اسلامجه
âlem-i islâmiyet	عالم اسلامیت
âlem-i islâmiyet'te	عالم اسلامیتده
âlem-i islâmiyetin	عالم اسلامیتڭ
âlem-i kebîr	عالم كبیر
âlem-i kebîrin	عالم كبیرڭ
âlem-i kesîf	عالم كثیف
âlem-i küfrün	عالم كفرڭ
âlem-i latîf	عالم لطیف
âlem-i ma'nevîsinin	عالم معنویسنڭ
âlem-i ma'nâda	عالم معناده
âlem-i ma'nâdan	عالم معنادن
âlem-i ma'nâya	عالم معنایه
âlem-i mahşer	عالم محشر
âlem-i melekût	عالم ملكوت
âlem-i melekûtte	عالم ملكوتده
âlem-i melâikede	عالم ملائكهده
âlem-i menâmda	عالم منامده
âlem-i misâl	عالم مثال
âlem-i misâlde	عالم مثالده
âlem-i misâlden	عالم مثالدن
âlem-i misâle	عالم مثاله
âlem-i misâlin	عالم مثالڭ
âlem-i mülk	عالم ملك
âlem-i nûr	عالم نور
âlem-i nûra	عالم نوره
âlem-i nûrun	عالم نورڭ
âlem-i rahmete	عالم رحمته
âlem-i süflî	عالم سفلی
âlem-i uhrevînin	عالم اخروینڭ
âlem-i ulvî	عالم علوی
âlem-i vücûd	عالم وجود
âlem-i zerrâtta	عالم ذرّاتده
âlem-i ziyâdâr	عالم ضیادار
âlem-i âhiret	عالم آخرت
âlem-i âhirete	عالم آخرته
âlem-i âhiretin	عالم آخرتڭ
âlem-i âhirette	عالم آخرتده
âlem-i şehâdet	عالم شهادت
âlem-i şehâdete	عالم شهادته
âlem-i şehâdeti	عالم شهادتی
âlem-i şehâdetin	عالم شهادتڭ
âlem-i şehâdette	عالم شهادتده
âlem-i şehâdetteki	عالم شهادتدهكی
âlem-i şehâdetten	عالم شهادتدن
âlemi de	عالمی ده
âleminde de	عالمنده ده
âlemü'l-guyûb	عالم الغیوب
âlim de	عالم ده
âlât-ı lehvi	آلات لهوی
âmentü billâh	آمنت باللّه
âmir-i mutlak	آمر مطلق
âmiriyet-i mutlaka	آمریت مطلقه
âmâl-i sermediyetin	آمال سرمدیّتڭ
ân-ı seyyâle	آن سیّاله
ân-ı vâhidde	آن واحدده
ârif-i billâh	عارف باللّه
âsâr-ı hayat	آثار حیات
âsâr-ı ilâhiyeyi	آثار الهیّهیی
âsâr-ı mahsûsasını	آثار مخصوصهسنی
âsâr-ı medeniyetle	آثار مدنیتله
âsâr-ı nûru	آثار نوری
âsâr-ı nûrun	آثار نورڭ
âsâr-ı rahmet	آثار رحمت
âsâr-ı rahmeti	آثار رحمتی
âsâr-ı san'atını	آثار صنعتنی
âsım bey'in	عاصم بكڭ
âyet de	آیت ده
âyet-i	آیت
âyet-i azîme	آیت عظیمه
âyet-i azîmenin	آیت عظیمهنڭ
âyet-i celîle	آیت جلیله
âyet-i celîlenin	آیت جلیلهنڭ
âyet-i celîlesindeki	آیت جلیلهسندهكی
âyet-i celîlesini	آیت جلیلهسنی
âyet-i celîlesinin	آیت جلیلهسنڭ
âyet-i hasbiye	آیت حسبیه
âyet-i hasbiye'nin	آیت حسبیهنڭ
âyet-i hasbiye'ye	آیت حسبیهیه
âyet-i kerîme	آیت كریمه
âyet-i kerîmede	آیت كریمهده
âyet-i kerîmenin	آیت كریمهنڭ
âyet-i kerîmesi	آیت كریمهسی
âyet-i kerîmesini	آیت كریمهسنی
âyet-i kerîmesinin	آیت كریمهسنڭ
âyet-i kerîmesiyle	آیت كریمهسیله
âyet-i kerîmeye	آیت كریمهیه
âyet-i kudsiyenin	آیت قدسیّهنڭ
âyet-i kur'ân	آیت قرآن
âyet-i kur'âniye	آیت قرآنیه
âyet-i kur'âniyenin	آیت قرآنیهنڭ
âyet-i kübrâsı	آیت كبراسی
âyet-i meşhûre	آیت مشهوره
âyet-i nûr'un	آیت نورڭ
âyet-i pür-envârının	آیت پر انوارینڭ
âyet-i tekvîniyesi	آیت تكوینیهسی
âyet-i tevhîdiye-i kātıası	آیت توحیدیهٔ قاطعهسی
âyeti de	آیتی ده
âyetü'l-kübrâ	آیت الكبرا
âyetü'l-kübrâ'dan	آیت الكبرادن
âyetü'l-kübrâ'nın	آیت الكبرانڭ
âyetü'l-kübrâ'ya	آیت الكبرایه
âyetü'l-kübrâ'yı	آیت الكبرایی
âyetü'l-kürsî	آیت الكرسی
âyetü'l-kürsî'nin	آیت الكرسینڭ
âyetü'n-nûr	آیت النور
âyât-ı azîmenin	آیات عظیمهنڭ
âyât-ı beyyinâtın	آیات بیّناتڭ
âyât-ı beyyinâtıyla	آیات بیّناتیله
âyât-ı furkāniyenin	آیات فرقانیهنڭ
âyât-ı haşriyedir	آیات حشریهدر
âyât-ı kur'âniye	آیات قرآنیه
âyât-ı kur'âniyede	آیات قرآنیهده
âyât-ı kur'âniyeden	آیات قرآنیهدن
âyât-ı kur'âniyenin	آیات قرآنیهنڭ
âyât-ı kur'âniyeye	آیات قرآنیهیه
âyât-ı kur'âniyeyi	آیات قرآنیهیی
âyât-ı kübrânın	آیات كبرانڭ
âyât-ı kātıalarına	آیات قاطعهلرینه
âyât-ı kātıasına	آیات قاطعهسنه
âyât-ı tekvîniyenin	آیات تكوینیهنڭ
âyât-ı tekvîniyesinin	آیات تكوینیهسنڭ
âyât-ı tekvîniyesiyle	آیات تكوینیهسیله
âyât-ı tekvîniyeyi	آیات تكوینیهیی
âyât-ı vücûbunu	آیات وجوبنی
âyât-ı zulümât	آیات ظلمات
âyîne-i hayatında	آیینهٔ حیاتنده
âyîne-i ibret	آیینهٔ عبرت
âyîne-i insanî	آیینهٔ انسانی
âyîne-i rahmet-i âlem	آیینهٔ رحمت عالم
âyîne-i samed	آیینهٔ صمد
âyîne-i samedâniye	آیینهٔ صمدانیه
âyîne-i samedânî	آیینهٔ صمدانی
âyîne-i zîşuûru	آیینهٔ ذی شعوری
çalış ki	چالیشكه
çalışıyorlar ki	چالیشییورلركه
çare ki	چارهكه
çare-i necat	چارهٔ نجات
çare-i yeganesi	چارهٔ یكانهسی
çare-i yeganesi ki	چارهٔ یكانهسیكه
çarşı-yı alem	چارشوی عالم
çarşı-yı âlem	چارشوی عالم
çaycı emin	چایجی امین
çaycı emin'in	چایجی امینڭ
çaycı emîn	چایجی امین
çaycı emîn'in	چایجی امینڭ
çağırdık ki	چاغیردقكه
çeker ki	چكركه
çekirdek-i aslisi	چكردك اصلیسی
çekirdek-i aslîsi	چكردك اصلیسی
çekirdektir ki	چكردكدركه
çeşm-i dil	چشم دل
çilingir ali	چلینكیر علی
çilingir ali'nin	چلینكیر علینڭ
çilingir alî	چلینكیر علی
çilingir alî'nin	چلینكیر علینڭ
çin-i maçin'de	چین ماچینده
çirkindir ki	چركیندركه
çiçek de	چیچك ده
çocuk da	چوجق ده
çocuklara da	چوجقلره ده
çok da	چوق ده
çoklara da	چوقلره ده
çoktan beri	چوقدنبری
çoktur ki	چوقدركه
çoluk-çocuk	چولوق چوجق
çoluk-çocuklarına	چولوق چوجقلرینه
çâre ki	چارهكه
çâre-i necât	چارهٔ نجات
çâre-i yegânesi	چارهٔ یكانهسی
çâre-i yegânesi ki	چارهٔ یكانهسیكه
çıkar ki	چیقاركه
çıkmaz mı	چیقمازمی
çıkmış ki	چیقمشكه
çıktı ki	چیقدیكه
çıktılar ki	چیقدیلركه
çıkıyor ki	چیقییوركه
îcâd-ı eşyâda	ایجاد اشیاده
îcâd-ı eşyâdaki	ایجاد اشیادهكی
îfâ-yı vazîfe	ایفای وظیفه
îmân-ı bil'âhiret	ایمان بالآخرت
îmân-ı bil'âhirete	ایمان بالآخرته
îmân-ı bil'âhireti	ایمان بالآخرتی
îmân-ı bil'âhirettir	ایمان بالآخرتدر
îmân-ı bilgayb	ایمان بالغیب
îmân-ı bilkader	ایمان بالقدر
îmân-ı billâh	ایمان باللّه
îmân-ı billâha	ایمان باللّهه
îmân-ı billâhtan	ایمان باللّهدن
îmân-ı billâhtır	ایمان باللّهدر
îmân-ı billâhın	ایمان باللّهڭ
îmân-ı ekmel	ایمان اكمل
îmân-ı haşrî	ایمان حشری
îmân-ı haşrînin	ایمان حشرینڭ
îmân-ı kâmil	ایمان كامل
îmân-ı tahkîkî	ایمان تحقیقی
îmân-ı tahkîkîde	ایمان تحقیقیده
îmân-ı tahkîkîden	ایمان تحقیقیدن
îmân-ı tahkîkînin	ایمان تحقیقینڭ
îmân-ı tahkîkîyi	ایمان تحقیقی یی
îmân-ı taklîdî	ایمان تقلیدی
îmân-ı âhiret	ایمان آخرت
îmân-ı âhiretin	ایمان آخرتڭ
îmân-ı şuhûdîdir	ایمان شهودیدر
îsâ abdülkādir	عیسی عبد القادر
îsâ abdülkādir'in	عیسی عبد القادرڭ
îsâ aleyhisselâm	عیسی علیه السّلام
îsâ aleyhisselâm'ı	عیسی علیه السّلامی
îsâ aleyhisselâm'ın	عیسی علیه السّلامڭ
îyd-i adhânızı	عید اضحیڭزی
öfkeleniyor ki	اوفكهلنییوركه
ölüm de	ئولوم ده
ölümünü de	ئولومنی ده
ömer efendi'nin	عمر افندینڭ
ömr-ü baki	عمر باقی
ömr-ü beşer	عمر بشر
ömr-ü beşerde	عمر بشرده
ömr-ü bâkî	عمر باقی
ömr-ü tabii	عمر طبیعی
ömr-ü tabiisi	عمر طبیعیسی
ömr-ü tabîî	عمر طبیعی
ömr-ü tabîîsi	عمر طبیعیسی
örf-ü nasta	عرف ناسده
örf-ü nâsta	عرف ناسده
ötekiler de	اوتهكیلر ده
öyle de	اویله ده
öyle ki	اویلهكه
öyle mi	اویلهمی
ûlü'l-azm	اولو العزم
ûlü'l-azmâne	اولو العزمانه
ücret-i kemal	اجرت كمال
ücret-i kemâl	اجرت كمال
ümem-i salifenin	امم سالفهنڭ
ümem-i sâlifenin	امم سالفهنڭ
ümmet-i merhume	امّت مرحومه
ümmet-i merhume-i muhammediyeyi	امّت مرحومهٔ محمّدیهییؐ
ümmet-i merhûme	امّت مرحومه
ümmet-i merhûme-i muhammediyeyi	امّت مرحومهٔ محمّدیهییؐ
ümmet-i muhammed'e	امّت محمّدهؐ
ümmet-i muhammed'in	امّت محمّدڭؐ
ümmet-i muhammediye	امّت محمّدیهؐ
ümmet-i muhammediyenin	امّت محمدیّهنڭؐ
ümmet-i muhammediyeye	امّت محمّدیهیهؐ
ümmet-i muhammediyeyi	امّت محمّدیهییؐ
ümmü'l-mü'minin	امّ المؤمنین
ümmü'l-mü'minîn	امّ المؤمنین
ünvan-ı icmalisinde	عنوان اجمالیسنده
ünvân-ı icmâlîsinde	عنوان اجمالیسنده
üslub-u ali	اسلوب عالی
üslub-u bedi'-i pür-maani	اسلوب بدیع پر معانی
üslub-u belagat	اسلوب بلاغت
üslub-u ifadesine	اسلوب افادهسنه
üslûb-u bedî'-i pür-maânî	اسلوب بدیع پر معانی
üslûb-u belâgat	اسلوب بلاغت
üslûb-u ifâdesine	اسلوب افادهسنه
üslûb-u âlî	اسلوب عالی
üssü'l-esas	اسّ الاساس
üssü'l-esası	اسّ الاساسی
üssü'l-esâs	اسّ الاساس
üssü'l-esâsı	اسّ الاساسی
üstad bediüzzaman'ın	استاد بدیع الزّمانڭ
üstad da	استاد ده
üstad-ı a'zam	استاد اعظم
üstad-ı a'zamın	استاد اعظمڭ
üstad-ı ali	استاد عالی
üstad-ı ekremim	استاد اكرمم
üstad-ı ekremimiz	استاد اكرممز
üstad-ı küll	استاد كلّ
üstad-ı muhterem	استاد محترم
üstad-ı muhteremimin	استاد محترممڭ
üstad-ı muhteremimiz	استاد محترممز
üstad-ı muhteremin	استاد محترمڭ
üstad-ı mutlak	استاد مطلق
üstad-ı yektamız	استاد یكتامز
üstadım da	استادم ده
üstadımız bediüzzaman	استادیمز بدیع الزّمان
üstadımız bediüzzaman hazretleri	استادیمز بدیع الزّمان حضرتلری
üstadımız da	استادیمز ده
üstadımız efendimiz hazretleri	استادیمز افندیمز حضرتلری
üstadımız hazretleri	استادیمز حضرتلری
üstadımızı da	استادیمزی ده
üstâd bediüzzaman'ın	استاد بدیع الزّمانڭ
üstâd da	استاد ده
üstâd-ı a'zam	استاد اعظم
üstâd-ı a'zamın	استاد اعظمڭ
üstâd-ı ekremim	استاد اكرمم
üstâd-ı ekremimiz	استاد اكرممز
üstâd-ı küll	استاد كلّ
üstâd-ı muhterem	استاد محترم
üstâd-ı muhteremimin	استاد محترممڭ
üstâd-ı muhteremimiz	استاد محترممز
üstâd-ı muhteremin	استاد محترمڭ
üstâd-ı mutlak	استاد مطلق
üstâd-ı yektâmız	استاد یكتامز
üstâd-ı âlî	استاد عالی
üstâdım da	استادم ده
üstâdımız bedîüzzaman hazretleri	استادیمز بدیع الزّمان حضرتلری
üstâdımız bedîüzzamân	استادیمز بدیع الزّمان
üstâdımız da	استادیمز ده
üstâdımız efendimiz hazretleri	استادیمز افندیمز حضرتلری
üstâdımız hazretleri	استادیمز حضرتلری
üstâdımızı da	استادیمزی ده
üstünde de	اوستنده ده
üveyse'l-karani'nin	اویس القرنینڭ
üveyse'l-karanî'nin	اویس القرنینڭ
üzerinde de	اوزرنده ده
üzn-ü cihani	اذن جهانی
üzn-ü cihânî	اذن جهانی
üç bin	اوچ بیڭ
üç binde	اوچ بیڭده
üç yüz	اوچ یوز
üç yüz altmış	اوچ یوز آلتمش
üç yüz elli	اوچ یوز اللی
üç yüz elli milyon	اوچ یوز اللی میلیون
üç yüz yirmi beş	اوچ یوز یكرمی بش
üç-beş	اوچ بش
üç-dört	اوچ درت
üçü de	اوچی ده
ıslah-ı hal	اصلاح حال
ıslâh-ı hâl	اصلاح حال
ıyadetü'l-mariz	عیادت المریض
ıyâdetü'l-marîz	عیادت المریض
ızhar-ı fazl	اظهار فضل
ızhâr-ı fazl	اظهار فضل
ışıklandırdı ki	ایشیقلاندیردیكه
ışıktır ki	ایشیقدركه
şa'ban-ı muazzamın	شعبان معظّمڭ
şa'ban-ı şerifin	شعبان شریفڭ
şa'bân-ı muazzamın	شعبان معظّمڭ
şa'bân-ı şerîfin	شعبان شریفڭ
şah-ı evliya	شاه اولیا
şah-ı geylani'nin	شاه كیلانینڭ
şah-ı velayet	شاه ولایت
şah-ı velayet'in	شاه ولایتڭ
şahid-i adil	شاهد عادل
şahid-i sadık	شاهد صادق
şahid-i sadıkla	شاهد صادقله
şahid-i sadıktır	شاهد صادقدر
şahiddir ki	شاهددركه
şahiddirler ki	شاهددرلركه
şahs-ı insani	شخص انسانی
şahs-ı insanide	شخص انسانیده
şahs-ı insanî	شخص انسانی
şahs-ı insanîde	شخص انسانیده
şahs-ı ma'nevi	شخص معنوی
şahs-ı ma'nevi-i dalalet	شخص معنوئ ضلالت
şahs-ı ma'nevide	شخص معنویده
şahs-ı ma'nevileri	شخص معنویلری
şahs-ı ma'nevinin	شخص معنوینڭ
şahs-ı ma'nevinizden	شخص معنویڭزدن
şahs-ı ma'nevinizin	شخص معنویڭزڭ
şahs-ı ma'nevisi	شخص معنویسی
şahs-ı ma'nevisinde	شخص معنویسنده
şahs-ı ma'nevisinden	شخص معنویسندن
şahs-ı ma'nevisine	شخص معنویسنه
şahs-ı ma'nevisini	شخص معنویسنی
şahs-ı ma'nevisinin	شخص معنویسنڭ
şahs-ı ma'neviye	شخص معنوی یه
şahs-ı ma'neviyi	شخص معنوی یی
şahs-ı ma'nevî	شخص معنوی
şahs-ı ma'nevî-i dalâlet	شخص معنوئ ضلالت
şahs-ı ma'nevîde	شخص معنویده
şahs-ı ma'nevîleri	شخص معنویلری
şahs-ı ma'nevînin	شخص معنوینڭ
şahs-ı ma'nevînizden	شخص معنویڭزدن
şahs-ı ma'nevînizin	شخص معنویڭزڭ
şahs-ı ma'nevîsi	شخص معنویسی
şahs-ı ma'nevîsinde	شخص معنویسنده
şahs-ı ma'nevîsinden	شخص معنویسندن
şahs-ı ma'nevîsine	شخص معنویسنه
şahs-ı ma'nevîsini	شخص معنویسنی
şahs-ı ma'nevîsinin	شخص معنویسنڭ
şahs-ı ma'nevîye	شخص معنوی یه
şahs-ı ma'nevîyi	شخص معنوی یی
şahsiye-i insaniyenin	شخصیهٔ انسانیهنڭ
şahsiyet-i beşeriyesini	شخصیت بشریّهسنی
şahsiyet-i insaniye	شخصیّت انسانیه
şahsiyet-i ma'neviye	شخصیّت معنویه
şahsiyet-i ma'neviyesi	شخصیت معنویهسی
şahsiyet-i ma'neviyesine	شخصیت معنویهسنه
şahsiyet-i ma'neviyesinin	شخصیت معنویهسنڭ
şahıslar da	شخصلر ده
şakirdleri de	شاكردلری ده
şakirdlerine de	شاكردلرینه ده
şakirdlerinin de	شاكردلرینڭ ده
şakk-ı kamer	شقّ قمر
şakk-ı kamere	شقّ قمره
şam'lı hafız	شاملی حافظ
şam'lı hafız tevfik	شاملی حافظ توفیق
şam'lı hafız tevfik'in	شاملی حافظ توفیقڭ
şam'lı tevfik	شاملی توفیق
şam-ı şerif	شام شریف
şapkayı da	شاپقهیی ده
şarab-ı kevser	شراب كوثر
şark-ı şimalide	شرق شمالیده
şark-ı şimalideki	شرق شمالیدهكی
şark-ı şimalisinde	شرق شمالیسنده
şark-ı şimâlîde	شرق شمالیده
şark-ı şimâlîdeki	شرق شمالیدهكی
şark-ı şimâlîsinde	شرق شمالیسنده
şartı da	شرطی ده
şarâb-ı kevser	شراب كوثر
şarık ki	شارقكه
şayan-ı esef	شایان اسف
şayan-ı hayret	شایان حیرت
şayan-ı takdir	شایان تقدیر
şayan-ı tebriktir	شایان تبریكدر
şayan-ı temaşa	شایان تماشا
şe'nindendir ki	شأنندندركه
şeair-i islamiye	شعائر اسلامیه
şeair-i islamiyede	شعائر اسلامیّهده
şeair-i islamiyeden	شعائر اسلامیهدن
şeair-i islamiyenin	شعائر اسلامیهنڭ
şeair-i islamiyeye	شعائر اسلامیهیه
şeair-i islamiyeyi	شعائر اسلامیهیی
şecere-i aliye	شجرهٔ عالیه
şecere-i azimenin	شجرهٔ عظیمهنڭ
şecere-i azîmenin	شجرهٔ عظیمهنڭ
şecere-i hilkati	شجرهٔ خلقتی
şecere-i hilkatin	شجرهٔ خلقتڭ
şecere-i hilkatin de	شجرهٔ خلقتڭ ده
şecere-i hilkatten	شجرهٔ خلقتدن
şecere-i kainat	شجرهٔ كائنات
şecere-i kainatın	شجرهٔ كائناتڭ
şecere-i kâinât	شجرهٔ كائنات
şecere-i kâinâtın	شجرهٔ كائناتڭ
şecere-i mübarekelerinin	شجرهٔ مباركهلرینڭ
şecere-i mübârekelerinin	شجرهٔ مباركهلرینڭ
şecere-i nuraniyedir ki	شجرهٔ نورانیهدركه
şecere-i nuraniyenin	شجرهٔ نورانیهنڭ
şecere-i nuraniyesinin	شجرهٔ نورانیهسنڭ
şecere-i nûrâniyedir ki	شجرهٔ نورانیهدركه
şecere-i nûrâniyenin	شجرهٔ نورانیهنڭ
şecere-i nûrâniyesinin	شجرهٔ نورانیهسنڭ
şecere-i tuba	شجرهٔ طوبا
şecere-i tuba'nın	شجرهٔ طوبانڭ
şecere-i tuba-yı cennet	شجرهٔ طوبای جنّت
şecere-i tûbâ	شجرهٔ طوبا
şecere-i tûbâ'nın	شجرهٔ طوبانڭ
şecere-i tûbâ-yı cennet	شجرهٔ طوبای جنّت
şecere-i âliye	شجرهٔ عالیه
şecere-i ömrümün	شجرهٔ عمریمڭ
şefiu'l-müznibin'in	شفیع المذنبینڭ
şefkat-i akraba	شفقت اقربا
şefkat-i akrabâ	شفقت اقربا
şefkat-i cinsiye	شفقت جنسیه
şefkat-i insaniye	شفقت انسانیه
şefkat-i nev'iye	شفقت نوعیّه
şefkat-i rububiyetini	شفقت ربوبیتڭی
şefkat-i rubûbiyetini	شفقت ربوبیتڭی
şefkattir ki	شفقتدركه
şefîu'l-müznibîn'in	شفیع المذنبینڭ
şehadet-i tevhidiyesi	شهادت توحیدیهسی
şehadeti de	شهادتی ده
şehadettir ki	شهادتدركه
şehd-i şehadet	شهد شهادت
şehd-i şehâdet	شهد شهادت
şehid hafız ali'nin	شهید حافظ علینڭ
şehid merhum hafız ali'nin	شهید مرحوم حافظ علینڭ
şehr-i muhteşemindeki	شهر محتشمندهكی
şehr-i rahmani	شهر رحمانی
şehr-i rahmânî	شهر رحمانی
şehr-i ramazanda	شهر رمضانده
şehr-i ramazânda	شهر رمضانده
şehvet-engiz	شهوت انكیز
şehvet-engîz	شهوت انكیز
şehâdet-i tevhîdiyesi	شهادت توحیدیهسی
şehâdeti de	شهادتی ده
şehâdettir ki	شهادتدركه
şehîd hâfız alî'nin	شهید حافظ علینڭ
şehîd merhûm hâfız alî'nin	شهید مرحوم حافظ علینڭ
şekavet-i ebediye	شقاوت ابدیه
şekavet-i ebediyeye	شقاوت ابدیهیه
şekavet-i uhreviyeden	شقاوت اخرویهدن
şekāvet-i ebediye	شقاوت ابدیه
şekāvet-i ebediyeye	شقاوت ابدیهیه
şekāvet-i uhreviyeden	شقاوت اخرویهدن
şems-i ezel	شمس ازل
şems-i ezeli	شمس ازلی
şems-i ezeli'den	شمس ازلیدن
şems-i ezeli'nin	شمس ازلینڭ
şems-i ezelî	شمس ازلی
şems-i ezelî'den	شمس ازلیدن
şems-i ezelî'nin	شمس ازلینڭ
şems-i hakikat	شمس حقیقت
şems-i hakikate	شمس حقیقته
şems-i hakikatin	شمس حقیقتڭ
şems-i hakîkat	شمس حقیقت
şems-i hakîkate	شمس حقیقته
şems-i hakîkatin	شمس حقیقتڭ
şems-i hidayet	شمس هدایت
şems-i hidâyet	شمس هدایت
şems-i islamiyet'in	شمس اسلامیتڭ
şems-i islâmiyet'in	شمس اسلامیتڭ
şems-i kur'an-ı mu'cizü'l-beyan'ın	شمس قرآن معجز البیانڭ
şems-i kur'ân-ı mu'cizü'l-beyân'ın	شمس قرآن معجز البیانڭ
şems-i sermed	شمس سرمد
şems-i sermedi'nin	شمس سرمدینڭ
şems-i sermedî'nin	شمس سرمدینڭ
şems-i taban	شمس تابان
şems-i tâbân	شمس تابان
şemseddin yeşil	شمس الدّین یشیل
şemseddîn yeşil	شمس الدّین یشیل
şemsü'ş-şümus	شمس الشّموس
şemsü'ş-şümus'un	شمس الشموسڭ
şemsü'ş-şümûs	شمس الشّموس
şemsü'ş-şümûs'un	شمس الشموسڭ
şerait-i hayat	شرائط حیات
şerait-i hayatiyelerini	شرائط حیاتیّهلرینی
şerait-i hayatiyesini	شرائط حیاتیّهسنی
şerait-i hayatı	شرائط حیاتی
şerait-i hayatın	شرائط حیاتڭ
şeref-i beni-adem	شرف بنی آدم
şeref-i benî-âdem	شرف بنی آدم
şeref-i ma'neviyi	شرف معنوی یی
şeref-i ma'nevîyi	شرف معنوی یی
şeref-i nev'-i insan	شرف نوع انسان
şeref-i nev'-i insân	شرف نوع انسان
şeref-yab	شرفیاب
şeref-yâb	شرفیاب
şeriat-i ahmediye'yi	شریعت احمدیهییؐ
şeriat-i muhammediye'nin	شریعت محمّدیهنڭؐ
şeriat-ı ahmediye	شریعت احمدیهؐ
şeriat-ı ahmediye'nin	شریعت احمدیهنڭؐ
şeriat-ı ahmediye'ye	شریعت احمدیهیهؐ
şeriat-ı fıtriye	شریعت فطریّه
şeriat-ı fıtriye-i ilahiye	شریعت فطریهٔ الهیه
şeriat-ı fıtriye-i kübra-yı ilahiyenin	شریعت فطریّهٔ كبرای الهیّهنڭ
şeriat-ı fıtriye-i kübrasının	شریعت فطریهٔ كبراسنڭ
şeriat-ı fıtriye-i kübraya	شریعت فطریّهٔ كبرایه
şeriat-ı fıtriyedir	شریعت فطریّهدر
şeriat-ı garra	شریعت غرّا
şeriat-ı garranın	شریعت غرّانڭ
şeriat-ı iradiyedir	شریعت ارادیهدر
şeriat-ı islamiye	شریعت اسلامیه
şeriat-ı islamiyenin	شریعت اسلامیهنڭ
şeriat-ı islamiyeye	شریعت اسلامیهیه
şeriat-ı kübranın	شریعت كبرانڭ
şerik-i zati	شریك ذاتی
şeriklerinin de	شریكلرینڭ ده
şerr-i cüz'i	شرّ جزؤی
şerr-i cüz'î	شرّ جزؤی
şerr-i kalil	شرّ قلیل
şerr-i kalîl	شرّ قلیل
şerr-i kesir	شر كثیر
şerr-i kesîr	شر كثیر
şerr-i mahz	شرّ محض
şerr-i mahzdır	شرّ محضدر
şerâit-i hayat	شرائط حیات
şerâit-i hayatiyelerini	شرائط حیاتیّهلرینی
şerâit-i hayatiyesini	شرائط حیاتیّهسنی
şerâit-i hayatı	شرائط حیاتی
şerâit-i hayatın	شرائط حیاتڭ
şerîat-i ahmediye'yi	شریعت احمدیهییؐ
şerîat-i muhammediye'nin	شریعت محمّدیهنڭؐ
şerîat-ı ahmediye	شریعت احمدیهؐ
şerîat-ı ahmediye'nin	شریعت احمدیهنڭؐ
şerîat-ı ahmediye'ye	شریعت احمدیهیهؐ
şerîat-ı fıtriye	شریعت فطریّه
şerîat-ı fıtriye-i ilâhiye	شریعت فطریهٔ الهیه
şerîat-ı fıtriye-i kübrâ-yı ilâhiyenin	شریعت فطریّهٔ كبرای الهیّهنڭ
şerîat-ı fıtriye-i kübrâsının	شریعت فطریهٔ كبراسنڭ
şerîat-ı fıtriye-i kübrâya	شریعت فطریّهٔ كبرایه
şerîat-ı fıtriyedir	شریعت فطریّهدر
şerîat-ı garrâ	شریعت غرّا
şerîat-ı garrânın	شریعت غرّانڭ
şerîat-ı irâdiyedir	شریعت ارادیهدر
şerîat-ı islâmiye	شریعت اسلامیه
şerîat-ı islâmiyenin	شریعت اسلامیهنڭ
şerîat-ı islâmiyeye	شریعت اسلامیهیه
şerîat-ı kübrânın	شریعت كبرانڭ
şerîk-i zâtî	شریك ذاتی
şerîklerinin de	شریكلرینڭ ده
şevk-engiz	شوق انكیز
şevk-engîz	شوق انكیز
şevk-i ebediyetin	شوق ابدیّتڭ
şevk-i maali	شوق معالی
şevk-i maâlî	شوق معالی
şevk-i mutlak	شوق مطلق
şevk-i nefsani	شوق نفسانی
şevk-i nefsânî	شوق نفسانی
şevk-i taklid	شوق تقلید
şevk-i taklîd	شوق تقلید
şevk-i tenzili	شوق تنزیلی
şevk-i tenzîlî	شوق تنزیلی
şevki de	شوقی ده
şey de	شی ده
şey midir ki	شیمیدركه
şey'-i vahid	شیء واحد
şey'-i vahide	شیء واحده
şey'-i vâhid	شیء واحد
şey'-i vâhide	شیء واحده
şeye de	شیئه ده
şeyh mustafa	شیخ مصطفی
şeyh mustafa'ya	شیخ مصطفی یه
şeyh said	شیخ سعید
şeyh saîd	شیخ سعید
şeyh sünusi	شیخ سنوسی
şeyh sünûsî	شیخ سنوسی
şeyhü'l-islamı	شیخ الاسلامی
şeyhü'l-islâmı	شیخ الاسلامی
şeyi de	شیئی ده
şeyin de	شیئڭ ده
şeyler de	شیلر ده
şeylerde de	شیلرده ده
şeyleri de	شیلری ده
şeytan da	شیطان ده
şeytan-ı cin	شیطان جن
şeytan-ı cinni	شیطان جنّی
şeytan-ı ins	شیطان انس
şeytan-ı insi	شیطان انسی
şeytanın da	شیطانڭ ده
şeytân-ı cin	شیطان جن
şeytân-ı cinnî	شیطان جنّی
şeytân-ı ins	شیطان انس
şeytân-ı insî	شیطان انسی
şeâir-i islâmiye	شعائر اسلامیه
şeâir-i islâmiyede	شعائر اسلامیّهده
şeâir-i islâmiyeden	شعائر اسلامیهدن
şeâir-i islâmiyenin	شعائر اسلامیهنڭ
şeâir-i islâmiyeye	شعائر اسلامیهیه
şeâir-i islâmiyeyi	شعائر اسلامیهیی
şia-i hilafet	شیعهٔ خلافت
şiddet-i galeyanda	شدّت غلیانده
şiddet-i galeyânda	شدّت غلیانده
şiddet-i hararet	شدّت حرارت
şiddet-i hararete	شدّت حرارته
şiddet-i harâret	شدّت حرارت
şiddet-i harârete	شدّت حرارته
şiddet-i ihtiyacım	شدّت احتیاجم
şiddet-i ihtiyacımla	شدّت احتیاجمله
şiddet-i ihtiyacını	شدّت احتیاجنی
şiddet-i ihtiyâcım	شدّت احتیاجم
şiddet-i ihtiyâcımla	شدّت احتیاجمله
şiddet-i ihtiyâcını	شدّت احتیاجنی
şiddet-i muhalefetiyle	شدّت مخالفتیله
şiddet-i muhâlefetiyle	شدّت مخالفتیله
şiddet-i zuhurundan	شدّت ظهورندن
şiddet-i zuhûrundan	شدّت ظهورندن
şifa-yı acil	شفای عاجل
şifa-yı şerif	شفای شریف
şifahane-i hikmet	شفاخانهٔ حكمت
şifre-i ilahi	شیفرهٔ الهی
şifre-i ilahinin	شیفرهٔ الهینڭ
şifre-i ilahiyenin	شیفرهٔ الهیّهنڭ
şifre-i ilâhiyenin	شیفرهٔ الهیّهنڭ
şifre-i ilâhî	شیفرهٔ الهی
şifre-i ilâhînin	شیفرهٔ الهینڭ
şifâ-yı âcil	شفای عاجل
şifâ-yı şerîf	شفای شریف
şifâhâne-i hikmet	شفاخانهٔ حكمت
şimal-i garbide	شمال غربیده
şimdi de	شیمدی ده
şimâl-i garbîde	شمال غربیده
şirk-i hafi	شرك خفی
şirk-i hafiye	شرك خفی یه
şirk-i hafî	شرك خفی
şirk-i hafîye	شرك خفی یه
şirket-i ma'neviye	شركت معنویه
şirktendir ki	شركدندركه
şu ki	شوكه
şu'le-i rahmet-i alem	شعلهٔ رحمت عالم
şu'le-i rahmet-i âlem	شعلهٔ رحمت عالم
şuaat-ı merhamet-i ilahiyeden	شعاعات مرحمت الهیهدن
şuab-ı iman'da	شعب ایمانده
şuab-ı îmân'da	شعب ایمانده
şuaı ile	شعاعی ایله
şudur ki	شودركه
şuhud-u kalbi	شهود قلبی
şuhur-u mübareke	شهور مباركه
şuhur-u mübarekede	شهور مباركهده
şuhur-u selase	شهور ثلاثه
şuhur-u selasede	شهور ثلاثهده
şuhur-u selasemizi	شهور ثلاثهمزی
şuhur-u selasenin	شهور ثلاثهنڭ
şuhur-u selasenizi	شهور ثلاثهڭزی
şuhûd-u kalbî	شهود قلبی
şuhûr-u mübâreke	شهور مباركه
şuhûr-u mübârekede	شهور مباركهده
şuhûr-u selâse	شهور ثلاثه
şuhûr-u selâsede	شهور ثلاثهده
şuhûr-u selâsemizi	شهور ثلاثهمزی
şuhûr-u selâsenin	شهور ثلاثهنڭ
şuhûr-u selâsenizi	شهور ثلاثهڭزی
şunu da	شونی ده
şura-yı devlete	شورای دولته
şuun-u ilahiyenin	شئون الهیهنڭ
şuun-u zatiye	شئون ذاتیه
şuunat-ı ilahiyeyi	شئونات الهیهیی
şuunat-ı sermediyeyi	شئونات سرمدیهیی
şuunat-ı zatiyenin	شئونات ذاتیهنڭ
şuunat-ı zatiyeye	شئونات ذاتیهیه
şuur-u iman	شعور ایمان
şuur-u imani	شعور ایمانی
şuur-u imani ki	شعور ایمانیكه
şuur-u imaniyle	شعور ایمانیله
şuur-u kainatın	شعور كائناتڭ
şuur-u külli	شعور كلّی
şuâât-ı merhamet-i ilâhiyeden	شعاعات مرحمت الهیهدن
şuâı ile	شعاعی ایله
şuûn-u ilâhiyenin	شئون الهیهنڭ
şuûn-u zâtiye	شئون ذاتیه
şuûnât-ı ilâhiyeyi	شئونات الهیهیی
şuûnât-ı sermediyeyi	شئونات سرمدیهیی
şuûnât-ı zâtiyenin	شئونات ذاتیهنڭ
şuûnât-ı zâtiyeye	شئونات ذاتیهیه
şuûr-u kâinâtın	شعور كائناتڭ
şuûr-u küllî	شعور كلّی
şuûr-u îmân	شعور ایمان
şuûr-u îmânî	شعور ایمانی
şuûr-u îmânî ki	شعور ایمانیكه
şuûr-u îmânîyle	شعور ایمانیله
şâh-ı evliyâ	شاه اولیا
şâh-ı geylânî'nin	شاه كیلانینڭ
şâh-ı velâyet	شاه ولایت
şâh-ı velâyet'in	شاه ولایتڭ
şâhid-i sâdık	شاهد صادق
şâhid-i sâdıkla	شاهد صادقله
şâhid-i sâdıktır	شاهد صادقدر
şâhid-i âdil	شاهد عادل
şâhiddir ki	شاهددركه
şâhiddirler ki	شاهددرلركه
şâkirdleri de	شاكردلری ده
şâkirdlerine de	شاكردلرینه ده
şâkirdlerinin de	شاكردلرینڭ ده
şâm'lı hâfız	شاملی حافظ
şâm'lı hâfız tevfîk	شاملی حافظ توفیق
şâm'lı hâfız tevfîk'in	شاملی حافظ توفیقڭ
şâm'lı tevfîk	شاملی توفیق
şâm-ı şerîf	شام شریف
şârık ki	شارقكه
şâyân-ı esef	شایان اسف
şâyân-ı hayret	شایان حیرت
şâyân-ı takdîr	شایان تقدیر
şâyân-ı tebrîktir	شایان تبریكدر
şâyân-ı temâşâ	شایان تماشا
şîa-i hilâfet	شیعهٔ خلافت
şöhret-şiar	شهرت شعار
şöhret-şiâr	شهرت شعار
şöyle ki	شویلهكه
şöyledir ki	شویلهدركه
şûrâ-yı devlete	شورای دولته
şübhen ki	شبههڭ كه
şühur-u selasenin	شهور ثلاثهنڭ
şühûr-u selâsenin	شهور ثلاثهنڭ
şükr-ü ma'nevi	شكر معنوی
şükr-ü ma'nevidir	شكر معنویدر
şükr-ü ma'nevî	شكر معنوی
şükr-ü ma'nevîdir	شكر معنویدر
şükrandır ki	شكراندركه
şükrediyorum ki	شكر ایدییورمكه
şükrediyoruz ki	شكر ایدییورزكه
şükrettim ki	شكر ایتدمكه
şükrolsun ki	شكر اولسونكه
şükrândır ki	شكراندركه
şükrü efendi	شكری افندی
şükrü efendi'nin	شكری افندینڭ
şükrü kaya	شكری قیا
şükür ki	شكركه
şüphesiz ki	شبههسزكه
şıkk-ı muhalifi	شقّ مخالفی
şıkk-ı muhâlifi	شقّ مخالفی
şıkkı da	شقّی ده
